ISO-10303-21;
HEADER;
FILE_DESCRIPTION(('STEP AP203'),'1');
FILE_NAME('1754449.stp','2025-01-10T07:46:25',('TraceParts'),('TraceParts S.A.'),'Spatial InterOp 3D',' ',' ');
FILE_SCHEMA(('CONFIG_CONTROL_DESIGN'));
ENDSEC;
DATA;
#1=DESIGN_CONTEXT('',#33,'design');
#2=APPLICATION_PROTOCOL_DEFINITION('INTERNATIONAL STANDARD','config_control_design',1994,#33);
#3=PRODUCT_CATEGORY_RELATIONSHIP('NONE','NONE',#34,#35);
#4=DATE_AND_TIME(#36,#37);
#5=DATE_TIME_ROLE('creation_date');
#6=DATE_TIME_ROLE('classification_date');
#7=PERSON_AND_ORGANIZATION_ROLE('creator');
#8=PERSON_AND_ORGANIZATION_ROLE('design_supplier');
#9=PERSON_AND_ORGANIZATION_ROLE('classification_officer');
#10=PERSON_AND_ORGANIZATION_ROLE('design_owner');
#11=APPROVAL_PERSON_ORGANIZATION(#38,#39,#40);
#12=APPROVAL_DATE_TIME(#4,#39);
#13=CC_DESIGN_APPROVAL(#39,(#41,#42,#43));
#14=CC_DESIGN_DATE_AND_TIME_ASSIGNMENT(#4,#5,(#43));
#15=CC_DESIGN_DATE_AND_TIME_ASSIGNMENT(#4,#6,(#41));
#16=CC_DESIGN_PERSON_AND_ORGANIZATION_ASSIGNMENT(#38,#10,(#44));
#17=CC_DESIGN_PERSON_AND_ORGANIZATION_ASSIGNMENT(#38,#7,(#43));
#18=CC_DESIGN_PERSON_AND_ORGANIZATION_ASSIGNMENT(#38,#7,(#42));
#19=CC_DESIGN_PERSON_AND_ORGANIZATION_ASSIGNMENT(#38,#8,(#42));
#20=CC_DESIGN_SECURITY_CLASSIFICATION(#41,(#42));
#21=CC_DESIGN_PERSON_AND_ORGANIZATION_ASSIGNMENT(#38,#9,(#41));
#22=SHAPE_DEFINITION_REPRESENTATION(#45,#46);
#23=SHAPE_DEFINITION_REPRESENTATION(#45,#47);
#24=SHAPE_DEFINITION_REPRESENTATION(#45,#48);
#25=SHAPE_DEFINITION_REPRESENTATION(#45,#49);
#26=SHAPE_DEFINITION_REPRESENTATION(#45,#50);
#27=SHAPE_DEFINITION_REPRESENTATION(#45,#51);
#28=SHAPE_DEFINITION_REPRESENTATION(#45,#52);
#29= (GEOMETRIC_REPRESENTATION_CONTEXT(3)GLOBAL_UNCERTAINTY_ASSIGNED_CONTEXT((#55))GLOBAL_UNIT_ASSIGNED_CONTEXT((#57,#58,#59))REPRESENTATION_CONTEXT('NONE','WORKSPACE'));
#33=APPLICATION_CONTEXT('CONFIGURATION CONTROLLED 3D DESIGNS OF MECHANICAL PARTS AND ASSEMBLIES');
#34=PRODUCT_CATEGORY('part','NONE');
#35=PRODUCT_RELATED_PRODUCT_CATEGORY('detail',' ',(#44));
#36=CALENDAR_DATE(2025,10,0);
#37=LOCAL_TIME(8,46,25.0,#61);
#38=PERSON_AND_ORGANIZATION(#62,#63);
#39=APPROVAL(#64,'SOLID MODEL');
#40=APPROVAL_ROLE('APPROVED');
#41=SECURITY_CLASSIFICATION('','',#65);
#42=PRODUCT_DEFINITION_FORMATION_WITH_SPECIFIED_SOURCE(' ','NONE',#44,.NOT_KNOWN.);
#43=PRODUCT_DEFINITION('','NONE',#42,#1);
#44=PRODUCT('1','','PART--DESC',(#66));
#45=PRODUCT_DEFINITION_SHAPE('NONE','NONE',#43);
#46=ADVANCED_BREP_SHAPE_REPRESENTATION('1',(#67,#68),#29);
#47=ADVANCED_BREP_SHAPE_REPRESENTATION('2',(#69,#70),#29);
#48=ADVANCED_BREP_SHAPE_REPRESENTATION('3',(#71,#72),#29);
#49=ADVANCED_BREP_SHAPE_REPRESENTATION('4',(#73,#74),#29);
#50=ADVANCED_BREP_SHAPE_REPRESENTATION('5',(#75,#76),#29);
#51=ADVANCED_BREP_SHAPE_REPRESENTATION('6',(#77,#78),#29);
#52=ADVANCED_BREP_SHAPE_REPRESENTATION('7',(#79,#80),#29);
#55=UNCERTAINTY_MEASURE_WITH_UNIT(LENGTH_MEASURE(1.0E-06),#57,'','');
#57= (CONVERSION_BASED_UNIT('MILLIMETRE',#83)LENGTH_UNIT()NAMED_UNIT(#86));
#58= (NAMED_UNIT(#88)PLANE_ANGLE_UNIT()SI_UNIT($,.RADIAN.));
#59= (NAMED_UNIT(#88)SOLID_ANGLE_UNIT()SI_UNIT($,.STERADIAN.));
#61=COORDINATED_UNIVERSAL_TIME_OFFSET(1,0,.AHEAD.);
#62=PERSON('','UNSPECIFIED',$,$,$,$);
#63=ORGANIZATION('UNSPECIFIED','UNSPECIFIED','UNSPECIFIED');
#64=APPROVAL_STATUS('approved');
#65=SECURITY_CLASSIFICATION_LEVEL('unclassified');
#66=MECHANICAL_CONTEXT('',#33,'mechanical');
#67=MANIFOLD_SOLID_BREP('1',#94);
#68=AXIS2_PLACEMENT_3D('',#95,#96,#97);
#69=MANIFOLD_SOLID_BREP('2',#98);
#70=AXIS2_PLACEMENT_3D('',#99,#100,#101);
#71=MANIFOLD_SOLID_BREP('3',#102);
#72=AXIS2_PLACEMENT_3D('',#103,#104,#105);
#73=MANIFOLD_SOLID_BREP('4',#106);
#74=AXIS2_PLACEMENT_3D('',#107,#108,#109);
#75=MANIFOLD_SOLID_BREP('5',#110);
#76=AXIS2_PLACEMENT_3D('',#111,#112,#113);
#77=MANIFOLD_SOLID_BREP('6',#114);
#78=AXIS2_PLACEMENT_3D('',#115,#116,#117);
#79=MANIFOLD_SOLID_BREP('7',#118);
#80=AXIS2_PLACEMENT_3D('',#119,#120,#121);
#83=LENGTH_MEASURE_WITH_UNIT(LENGTH_MEASURE(1.0),#122);
#86=DIMENSIONAL_EXPONENTS(1.0,0.0,0.0,0.0,0.0,0.0,0.0);
#88=DIMENSIONAL_EXPONENTS(0.0,0.0,0.0,0.0,0.0,0.0,0.0);
#94=CLOSED_SHELL('',(#123,#124,#125,#126,#127,#128,#129,#130,#131,#132));
#95=CARTESIAN_POINT('',(0.0,0.0,0.0));
#96=DIRECTION('',(0.0,0.0,1.0));
#97=DIRECTION('',(1.0,0.0,0.0));
#98=CLOSED_SHELL('',(#133,#134,#135,#136,#137,#138,#139,#140,#141,#142,#143,#144,#145,#146,#147,#148,#149,#150,#151,#152));
#99=CARTESIAN_POINT('',(0.0,0.0,0.0));
#100=DIRECTION('',(0.0,0.0,1.0));
#101=DIRECTION('',(1.0,0.0,0.0));
#102=CLOSED_SHELL('',(#153,#154,#155,#156,#157,#158,#159,#160,#161,#162,#163));
#103=CARTESIAN_POINT('',(0.0,0.0,0.0));
#104=DIRECTION('',(0.0,0.0,1.0));
#105=DIRECTION('',(1.0,0.0,0.0));
#106=CLOSED_SHELL('',(#164,#165,#166,#167,#168,#169,#170,#171,#172,#173));
#107=CARTESIAN_POINT('',(0.0,0.0,0.0));
#108=DIRECTION('',(0.0,0.0,1.0));
#109=DIRECTION('',(1.0,0.0,0.0));
#110=CLOSED_SHELL('',(#174,#175,#176,#177,#178,#179,#180,#181,#182,#183,#184,#185,#186,#187,#188,#189,#190,#191,#192,#193));
#111=CARTESIAN_POINT('',(0.0,0.0,0.0));
#112=DIRECTION('',(0.0,0.0,1.0));
#113=DIRECTION('',(1.0,0.0,0.0));
#114=CLOSED_SHELL('',(#194,#195,#196,#197,#198,#199,#200,#201,#202,#203,#204));
#115=CARTESIAN_POINT('',(0.0,0.0,0.0));
#116=DIRECTION('',(0.0,0.0,1.0));
#117=DIRECTION('',(1.0,0.0,0.0));
#118=CLOSED_SHELL('',(#205,#206,#207,#208,#209,#210,#211,#212,#213,#214,#215,#216,#217,#218,#219,#220,#221,#222,#223,#224,#225,#226,#227,#228,#229,#230,#231,#232,#233,#234,#235,#236,#237,#238,#239,#240,#241,#242,#243,#244,#245,#246,#247,#248,#249,#250,#251,#252,#253,#254,#255,#256,#257,#258,#259,#260,#261,#262,#263,#264,#265,#266,#267,#268,#269,#270,#271,#272,#273,#274,#275,#276,#277,#278,#279,#280,#281,#282,#283,#284,#285,#286,#287,#288,#289,#290,#291,#292,#293,#294,#295,#296,#297,#298,#299,#300,#301,#302,#303,#304,#305,#306,#307,#308,#309,#310,#311,#312,#313,#314,#315,#316,#317,#318,#319,#320,#321,#322,#323,#324,#325,#326,#327,#328,#329,#330,#331,#332,#333,#334,#335,#336,#337,#338,#339,#340,#341,#342,#343,#344,#345,#346,#347,#348,#349,#350,#351,#352,#353,#354,#355,#356,#357,#358,#359,#360,#361,#362,#363,#364,#365,#366,#367,#368,#369,#370,#371,#372,#373,#374,#375,#376,#377,#378,#379,#380,#381,#382,#383,#384,#385,#386,#387,#388,#389,#390,#391,#392,#393,#394,#395,#396,#397,#398,#399,#400,#401,#402,#403,#404,#405,#406,#407,#408,#409,#410,#411,#412,#413,#414,#415,#416,#417,#418,#419,#420,#421,#422,#423,#424,#425,#426,#427,#428,#429,#430,#431,#432,#433,#434,#435,#436,#437,#438,#439,#440,#441,#442,#443,#444,#445,#446,#447,#448,#449,#450,#451,#452,#453,#454,#455,#456,#457,#458,#459,#460,#461,#462,#463,#464,#465,#466,#467,#468,#469,#470,#471,#472,#473,#474,#475,#476,#477,#478,#479,#480,#481,#482,#483,#484,#485,#486,#487,#488,#489,#490,#491,#492,#493,#494,#495,#496,#497,#498,#499,#500,#501,#502,#503,#504,#505,#506,#507,#508,#509,#510,#511,#512,#513,#514,#515,#516,#517,#518,#519,#520,#521,#522,#523,#524,#525,#526,#527,#528,#529,#530,#531,#532,#533,#534,#535,#536,#537,#538,#539,#540,#541,#542,#543,#544,#545,#546,#547,#548,#549,#550,#551,#552,#553,#554,#555,#556,#557,#558,#559,#560,#561,#562,#563,#564,#565,#566,#567,#568,#569,#570,#571,#572,#573,#574,#575,#576,#577,#578,#579,#580,#581,#582,#583,#584,#585,#586,#587,#588,#589,#590,#591,#592,#593,#594,#595,#596,#597,#598,#599,#600,#601,#602,#603,#604,#605,#606,#607,#608,#609,#610,#611,#612,#613,#614,#615,#616,#617,#618,#619,#620,#621,#622,#623,#624,#625,#626,#627,#628,#629,#630,#631,#632,#633,#634,#635,#636,#637,#638,#639,#640,#641,#642,#643,#644,#645,#646,#647,#648,#649,#650,#651,#652,#653,#654,#655,#656,#657,#658,#659,#660,#661,#662,#663,#664,#665,#666,#667,#668,#669,#670,#671,#672,#673,#674,#675,#676,#677,#678,#679,#680,#681,#682,#683,#684,#685,#686,#687,#688,#689,#690,#691,#692,#693,#694,#695,#696,#697,#698,#699,#700,#701,#702,#703,#704,#705,#706,#707,#708,#709,#710,#711,#712,#713,#714,#715,#716,#717,#718,#719,#720,#721,#722,#723,#724,#725,#726,#727,#728,#729,#730,#731));
#119=CARTESIAN_POINT('',(0.0,0.0,0.0));
#120=DIRECTION('',(0.0,0.0,1.0));
#121=DIRECTION('',(1.0,0.0,0.0));
#122= (NAMED_UNIT(#86)LENGTH_UNIT()SI_UNIT(.MILLI.,.METRE.));
#123=ADVANCED_FACE('',(#733),#734,.F.);
#124=ADVANCED_FACE('',(#735),#736,.T.);
#125=ADVANCED_FACE('',(#737),#738,.F.);
#126=ADVANCED_FACE('',(#739),#740,.T.);
#127=ADVANCED_FACE('',(#741,#742),#743,.F.);
#128=ADVANCED_FACE('',(#744,#745),#746,.T.);
#129=ADVANCED_FACE('',(#747),#748,.T.);
#130=ADVANCED_FACE('',(#749),#750,.F.);
#131=ADVANCED_FACE('',(#751),#752,.T.);
#132=ADVANCED_FACE('',(#753),#754,.F.);
#133=ADVANCED_FACE('',(#755),#756,.F.);
#134=ADVANCED_FACE('',(#757),#758,.T.);
#135=ADVANCED_FACE('',(#759),#760,.F.);
#136=ADVANCED_FACE('',(#761),#762,.F.);
#137=ADVANCED_FACE('',(#763),#764,.T.);
#138=ADVANCED_FACE('',(#765),#766,.T.);
#139=ADVANCED_FACE('',(#767,#768),#769,.T.);
#140=ADVANCED_FACE('',(#770),#771,.T.);
#141=ADVANCED_FACE('',(#772),#773,.F.);
#142=ADVANCED_FACE('',(#774),#775,.T.);
#143=ADVANCED_FACE('',(#776,#777),#778,.F.);
#144=ADVANCED_FACE('',(#779),#780,.T.);
#145=ADVANCED_FACE('',(#781),#782,.T.);
#146=ADVANCED_FACE('',(#783),#784,.T.);
#147=ADVANCED_FACE('',(#785),#786,.T.);
#148=ADVANCED_FACE('',(#787),#788,.F.);
#149=ADVANCED_FACE('',(#789),#790,.F.);
#150=ADVANCED_FACE('',(#791),#792,.T.);
#151=ADVANCED_FACE('',(#793),#794,.T.);
#152=ADVANCED_FACE('',(#795),#796,.F.);
#153=ADVANCED_FACE('',(#797),#798,.F.);
#154=ADVANCED_FACE('',(#799),#800,.F.);
#155=ADVANCED_FACE('',(#801),#802,.T.);
#156=ADVANCED_FACE('',(#803,#804),#805,.F.);
#157=ADVANCED_FACE('',(#806),#807,.F.);
#158=ADVANCED_FACE('',(#808),#809,.F.);
#159=ADVANCED_FACE('',(#810),#811,.F.);
#160=ADVANCED_FACE('',(#812),#813,.T.);
#161=ADVANCED_FACE('',(#814),#815,.F.);
#162=ADVANCED_FACE('',(#816),#817,.T.);
#163=ADVANCED_FACE('',(#818),#819,.T.);
#164=ADVANCED_FACE('',(#820),#821,.F.);
#165=ADVANCED_FACE('',(#822),#823,.T.);
#166=ADVANCED_FACE('',(#824),#825,.F.);
#167=ADVANCED_FACE('',(#826),#827,.T.);
#168=ADVANCED_FACE('',(#828,#829),#830,.F.);
#169=ADVANCED_FACE('',(#831,#832),#833,.T.);
#170=ADVANCED_FACE('',(#834),#835,.T.);
#171=ADVANCED_FACE('',(#836),#837,.F.);
#172=ADVANCED_FACE('',(#838),#839,.T.);
#173=ADVANCED_FACE('',(#840),#841,.F.);
#174=ADVANCED_FACE('',(#842),#843,.F.);
#175=ADVANCED_FACE('',(#844),#845,.T.);
#176=ADVANCED_FACE('',(#846),#847,.F.);
#177=ADVANCED_FACE('',(#848),#849,.F.);
#178=ADVANCED_FACE('',(#850),#851,.T.);
#179=ADVANCED_FACE('',(#852),#853,.T.);
#180=ADVANCED_FACE('',(#854,#855),#856,.T.);
#181=ADVANCED_FACE('',(#857),#858,.T.);
#182=ADVANCED_FACE('',(#859),#860,.F.);
#183=ADVANCED_FACE('',(#861),#862,.T.);
#184=ADVANCED_FACE('',(#863,#864),#865,.F.);
#185=ADVANCED_FACE('',(#866),#867,.T.);
#186=ADVANCED_FACE('',(#868),#869,.T.);
#187=ADVANCED_FACE('',(#870),#871,.T.);
#188=ADVANCED_FACE('',(#872),#873,.T.);
#189=ADVANCED_FACE('',(#874),#875,.F.);
#190=ADVANCED_FACE('',(#876),#877,.F.);
#191=ADVANCED_FACE('',(#878),#879,.T.);
#192=ADVANCED_FACE('',(#880),#881,.T.);
#193=ADVANCED_FACE('',(#882),#883,.F.);
#194=ADVANCED_FACE('',(#884),#885,.F.);
#195=ADVANCED_FACE('',(#886),#887,.F.);
#196=ADVANCED_FACE('',(#888),#889,.T.);
#197=ADVANCED_FACE('',(#890,#891),#892,.F.);
#198=ADVANCED_FACE('',(#893),#894,.F.);
#199=ADVANCED_FACE('',(#895),#896,.F.);
#200=ADVANCED_FACE('',(#897),#898,.F.);
#201=ADVANCED_FACE('',(#899),#900,.T.);
#202=ADVANCED_FACE('',(#901),#902,.F.);
#203=ADVANCED_FACE('',(#903),#904,.T.);
#204=ADVANCED_FACE('',(#905),#906,.T.);
#205=ADVANCED_FACE('',(#907),#908,.F.);
#206=ADVANCED_FACE('',(#909),#910,.F.);
#207=ADVANCED_FACE('',(#911),#912,.F.);
#208=ADVANCED_FACE('',(#913),#914,.F.);
#209=ADVANCED_FACE('',(#915),#916,.F.);
#210=ADVANCED_FACE('',(#917),#918,.F.);
#211=ADVANCED_FACE('',(#919),#920,.T.);
#212=ADVANCED_FACE('',(#921),#922,.T.);
#213=ADVANCED_FACE('',(#923),#924,.T.);
#214=ADVANCED_FACE('',(#925),#926,.F.);
#215=ADVANCED_FACE('',(#927),#928,.F.);
#216=ADVANCED_FACE('',(#929),#930,.T.);
#217=ADVANCED_FACE('',(#931),#932,.T.);
#218=ADVANCED_FACE('',(#933),#934,.T.);
#219=ADVANCED_FACE('',(#935),#936,.F.);
#220=ADVANCED_FACE('',(#937),#938,.T.);
#221=ADVANCED_FACE('',(#939),#940,.T.);
#222=ADVANCED_FACE('',(#941),#942,.T.);
#223=ADVANCED_FACE('',(#943),#944,.T.);
#224=ADVANCED_FACE('',(#945),#946,.F.);
#225=ADVANCED_FACE('',(#947),#948,.F.);
#226=ADVANCED_FACE('',(#949),#950,.F.);
#227=ADVANCED_FACE('',(#951),#952,.T.);
#228=ADVANCED_FACE('',(#953),#954,.T.);
#229=ADVANCED_FACE('',(#955),#956,.T.);
#230=ADVANCED_FACE('',(#957),#958,.F.);
#231=ADVANCED_FACE('',(#959),#960,.F.);
#232=ADVANCED_FACE('',(#961),#962,.F.);
#233=ADVANCED_FACE('',(#963),#964,.T.);
#234=ADVANCED_FACE('',(#965),#966,.T.);
#235=ADVANCED_FACE('',(#967),#968,.F.);
#236=ADVANCED_FACE('',(#969),#970,.T.);
#237=ADVANCED_FACE('',(#971),#972,.T.);
#238=ADVANCED_FACE('',(#973),#974,.T.);
#239=ADVANCED_FACE('',(#975),#976,.T.);
#240=ADVANCED_FACE('',(#977),#978,.T.);
#241=ADVANCED_FACE('',(#979),#980,.T.);
#242=ADVANCED_FACE('',(#981),#982,.T.);
#243=ADVANCED_FACE('',(#983),#984,.F.);
#244=ADVANCED_FACE('',(#985),#986,.T.);
#245=ADVANCED_FACE('',(#987),#988,.F.);
#246=ADVANCED_FACE('',(#989),#990,.T.);
#247=ADVANCED_FACE('',(#991),#992,.F.);
#248=ADVANCED_FACE('',(#993),#994,.F.);
#249=ADVANCED_FACE('',(#995),#996,.F.);
#250=ADVANCED_FACE('',(#997),#998,.T.);
#251=ADVANCED_FACE('',(#999),#1000,.T.);
#252=ADVANCED_FACE('',(#1001),#1002,.F.);
#253=ADVANCED_FACE('',(#1003),#1004,.T.);
#254=ADVANCED_FACE('',(#1005),#1006,.T.);
#255=ADVANCED_FACE('',(#1007),#1008,.T.);
#256=ADVANCED_FACE('',(#1009),#1010,.T.);
#257=ADVANCED_FACE('',(#1011),#1012,.F.);
#258=ADVANCED_FACE('',(#1013),#1014,.F.);
#259=ADVANCED_FACE('',(#1015),#1016,.F.);
#260=ADVANCED_FACE('',(#1017),#1018,.T.);
#261=ADVANCED_FACE('',(#1019),#1020,.T.);
#262=ADVANCED_FACE('',(#1021),#1022,.T.);
#263=ADVANCED_FACE('',(#1023),#1024,.T.);
#264=ADVANCED_FACE('',(#1025),#1026,.T.);
#265=ADVANCED_FACE('',(#1027),#1028,.T.);
#266=ADVANCED_FACE('',(#1029),#1030,.T.);
#267=ADVANCED_FACE('',(#1031),#1032,.T.);
#268=ADVANCED_FACE('',(#1033),#1034,.T.);
#269=ADVANCED_FACE('',(#1035),#1036,.T.);
#270=ADVANCED_FACE('',(#1037),#1038,.T.);
#271=ADVANCED_FACE('',(#1039,#1040),#1041,.T.);
#272=ADVANCED_FACE('',(#1042),#1043,.F.);
#273=ADVANCED_FACE('',(#1044),#1045,.T.);
#274=ADVANCED_FACE('',(#1046),#1047,.T.);
#275=ADVANCED_FACE('',(#1048),#1049,.T.);
#276=ADVANCED_FACE('',(#1050),#1051,.T.);
#277=ADVANCED_FACE('',(#1052),#1053,.T.);
#278=ADVANCED_FACE('',(#1054),#1055,.F.);
#279=ADVANCED_FACE('',(#1056),#1057,.F.);
#280=ADVANCED_FACE('',(#1058),#1059,.F.);
#281=ADVANCED_FACE('',(#1060),#1061,.T.);
#282=ADVANCED_FACE('',(#1062),#1063,.T.);
#283=ADVANCED_FACE('',(#1064),#1065,.T.);
#284=ADVANCED_FACE('',(#1066),#1067,.T.);
#285=ADVANCED_FACE('',(#1068),#1069,.F.);
#286=ADVANCED_FACE('',(#1070),#1071,.T.);
#287=ADVANCED_FACE('',(#1072),#1073,.T.);
#288=ADVANCED_FACE('',(#1074),#1075,.T.);
#289=ADVANCED_FACE('',(#1076),#1077,.T.);
#290=ADVANCED_FACE('',(#1078),#1079,.T.);
#291=ADVANCED_FACE('',(#1080),#1081,.T.);
#292=ADVANCED_FACE('',(#1082),#1083,.T.);
#293=ADVANCED_FACE('',(#1084),#1085,.T.);
#294=ADVANCED_FACE('',(#1086),#1087,.T.);
#295=ADVANCED_FACE('',(#1088),#1089,.T.);
#296=ADVANCED_FACE('',(#1090),#1091,.T.);
#297=ADVANCED_FACE('',(#1092),#1093,.T.);
#298=ADVANCED_FACE('',(#1094),#1095,.T.);
#299=ADVANCED_FACE('',(#1096),#1097,.T.);
#300=ADVANCED_FACE('',(#1098),#1099,.T.);
#301=ADVANCED_FACE('',(#1100),#1101,.T.);
#302=ADVANCED_FACE('',(#1102),#1103,.T.);
#303=ADVANCED_FACE('',(#1104),#1105,.T.);
#304=ADVANCED_FACE('',(#1106),#1107,.T.);
#305=ADVANCED_FACE('',(#1108),#1109,.F.);
#306=ADVANCED_FACE('',(#1110),#1111,.F.);
#307=ADVANCED_FACE('',(#1112),#1113,.F.);
#308=ADVANCED_FACE('',(#1114),#1115,.F.);
#309=ADVANCED_FACE('',(#1116),#1117,.F.);
#310=ADVANCED_FACE('',(#1118),#1119,.F.);
#311=ADVANCED_FACE('',(#1120),#1121,.F.);
#312=ADVANCED_FACE('',(#1122),#1123,.T.);
#313=ADVANCED_FACE('',(#1124),#1125,.F.);
#314=ADVANCED_FACE('',(#1126),#1127,.F.);
#315=ADVANCED_FACE('',(#1128),#1129,.T.);
#316=ADVANCED_FACE('',(#1130),#1131,.T.);
#317=ADVANCED_FACE('',(#1132),#1133,.T.);
#318=ADVANCED_FACE('',(#1134),#1135,.T.);
#319=ADVANCED_FACE('',(#1136),#1137,.T.);
#320=ADVANCED_FACE('',(#1138),#1139,.F.);
#321=ADVANCED_FACE('',(#1140),#1141,.T.);
#322=ADVANCED_FACE('',(#1142),#1143,.F.);
#323=ADVANCED_FACE('',(#1144),#1145,.F.);
#324=ADVANCED_FACE('',(#1146,#1147),#1148,.F.);
#325=ADVANCED_FACE('',(#1149),#1150,.F.);
#326=ADVANCED_FACE('',(#1151),#1152,.T.);
#327=ADVANCED_FACE('',(#1153),#1154,.T.);
#328=ADVANCED_FACE('',(#1155),#1156,.F.);
#329=ADVANCED_FACE('',(#1157),#1158,.F.);
#330=ADVANCED_FACE('',(#1159),#1160,.T.);
#331=ADVANCED_FACE('',(#1161),#1162,.T.);
#332=ADVANCED_FACE('',(#1163),#1164,.F.);
#333=ADVANCED_FACE('',(#1165),#1166,.T.);
#334=ADVANCED_FACE('',(#1167),#1168,.F.);
#335=ADVANCED_FACE('',(#1169,#1170),#1171,.F.);
#336=ADVANCED_FACE('',(#1172),#1173,.F.);
#337=ADVANCED_FACE('',(#1174),#1175,.T.);
#338=ADVANCED_FACE('',(#1176),#1177,.T.);
#339=ADVANCED_FACE('',(#1178),#1179,.T.);
#340=ADVANCED_FACE('',(#1180),#1181,.F.);
#341=ADVANCED_FACE('',(#1182),#1183,.T.);
#342=ADVANCED_FACE('',(#1184),#1185,.T.);
#343=ADVANCED_FACE('',(#1186),#1187,.F.);
#344=ADVANCED_FACE('',(#1188),#1189,.F.);
#345=ADVANCED_FACE('',(#1190),#1191,.T.);
#346=ADVANCED_FACE('',(#1192),#1193,.T.);
#347=ADVANCED_FACE('',(#1194),#1195,.T.);
#348=ADVANCED_FACE('',(#1196,#1197),#1198,.F.);
#349=ADVANCED_FACE('',(#1199),#1200,.F.);
#350=ADVANCED_FACE('',(#1201),#1202,.F.);
#351=ADVANCED_FACE('',(#1203),#1204,.F.);
#352=ADVANCED_FACE('',(#1205),#1206,.F.);
#353=ADVANCED_FACE('',(#1207),#1208,.T.);
#354=ADVANCED_FACE('',(#1209),#1210,.T.);
#355=ADVANCED_FACE('',(#1211),#1212,.T.);
#356=ADVANCED_FACE('',(#1213),#1214,.T.);
#357=ADVANCED_FACE('',(#1215),#1216,.T.);
#358=ADVANCED_FACE('',(#1217),#1218,.F.);
#359=ADVANCED_FACE('',(#1219),#1220,.F.);
#360=ADVANCED_FACE('',(#1221),#1222,.F.);
#361=ADVANCED_FACE('',(#1223,#1224),#1225,.F.);
#362=ADVANCED_FACE('',(#1226),#1227,.F.);
#363=ADVANCED_FACE('',(#1228),#1229,.T.);
#364=ADVANCED_FACE('',(#1230),#1231,.T.);
#365=ADVANCED_FACE('',(#1232),#1233,.T.);
#366=ADVANCED_FACE('',(#1234),#1235,.T.);
#367=ADVANCED_FACE('',(#1236),#1237,.T.);
#368=ADVANCED_FACE('',(#1238),#1239,.T.);
#369=ADVANCED_FACE('',(#1240),#1241,.T.);
#370=ADVANCED_FACE('',(#1242),#1243,.F.);
#371=ADVANCED_FACE('',(#1244),#1245,.F.);
#372=ADVANCED_FACE('',(#1246),#1247,.T.);
#373=ADVANCED_FACE('',(#1248),#1249,.T.);
#374=ADVANCED_FACE('',(#1250),#1251,.T.);
#375=ADVANCED_FACE('',(#1252),#1253,.T.);
#376=ADVANCED_FACE('',(#1254),#1255,.F.);
#377=ADVANCED_FACE('',(#1256),#1257,.T.);
#378=ADVANCED_FACE('',(#1258),#1259,.T.);
#379=ADVANCED_FACE('',(#1260),#1261,.T.);
#380=ADVANCED_FACE('',(#1262),#1263,.T.);
#381=ADVANCED_FACE('',(#1264),#1265,.T.);
#382=ADVANCED_FACE('',(#1266),#1267,.T.);
#383=ADVANCED_FACE('',(#1268),#1269,.T.);
#384=ADVANCED_FACE('',(#1270),#1271,.T.);
#385=ADVANCED_FACE('',(#1272),#1273,.T.);
#386=ADVANCED_FACE('',(#1274),#1275,.T.);
#387=ADVANCED_FACE('',(#1276),#1277,.T.);
#388=ADVANCED_FACE('',(#1278),#1279,.T.);
#389=ADVANCED_FACE('',(#1280,#1281,#1282,#1283,#1284),#1285,.T.);
#390=ADVANCED_FACE('',(#1286),#1287,.T.);
#391=ADVANCED_FACE('',(#1288),#1289,.T.);
#392=ADVANCED_FACE('',(#1290),#1291,.T.);
#393=ADVANCED_FACE('',(#1292),#1293,.T.);
#394=ADVANCED_FACE('',(#1294),#1295,.T.);
#395=ADVANCED_FACE('',(#1296,#1297,#1298,#1299,#1300,#1301,#1302,#1303,#1304),#1305,.T.);
#396=ADVANCED_FACE('',(#1306),#1307,.T.);
#397=ADVANCED_FACE('',(#1308),#1309,.T.);
#398=ADVANCED_FACE('',(#1310),#1311,.T.);
#399=ADVANCED_FACE('',(#1312,#1313),#1314,.T.);
#400=ADVANCED_FACE('',(#1315),#1316,.T.);
#401=ADVANCED_FACE('',(#1317),#1318,.T.);
#402=ADVANCED_FACE('',(#1319),#1320,.T.);
#403=ADVANCED_FACE('',(#1321),#1322,.T.);
#404=ADVANCED_FACE('',(#1323),#1324,.T.);
#405=ADVANCED_FACE('',(#1325),#1326,.F.);
#406=ADVANCED_FACE('',(#1327),#1328,.T.);
#407=ADVANCED_FACE('',(#1329),#1330,.T.);
#408=ADVANCED_FACE('',(#1331),#1332,.T.);
#409=ADVANCED_FACE('',(#1333),#1334,.T.);
#410=ADVANCED_FACE('',(#1335),#1336,.T.);
#411=ADVANCED_FACE('',(#1337),#1338,.T.);
#412=ADVANCED_FACE('',(#1339),#1340,.T.);
#413=ADVANCED_FACE('',(#1341),#1342,.T.);
#414=ADVANCED_FACE('',(#1343),#1344,.T.);
#415=ADVANCED_FACE('',(#1345),#1346,.T.);
#416=ADVANCED_FACE('',(#1347),#1348,.T.);
#417=ADVANCED_FACE('',(#1349),#1350,.T.);
#418=ADVANCED_FACE('',(#1351),#1352,.T.);
#419=ADVANCED_FACE('',(#1353),#1354,.T.);
#420=ADVANCED_FACE('',(#1355),#1356,.T.);
#421=ADVANCED_FACE('',(#1357),#1358,.T.);
#422=ADVANCED_FACE('',(#1359),#1360,.T.);
#423=ADVANCED_FACE('',(#1361),#1362,.T.);
#424=ADVANCED_FACE('',(#1363),#1364,.T.);
#425=ADVANCED_FACE('',(#1365),#1366,.T.);
#426=ADVANCED_FACE('',(#1367),#1368,.T.);
#427=ADVANCED_FACE('',(#1369),#1370,.F.);
#428=ADVANCED_FACE('',(#1371),#1372,.F.);
#429=ADVANCED_FACE('',(#1373),#1374,.T.);
#430=ADVANCED_FACE('',(#1375),#1376,.T.);
#431=ADVANCED_FACE('',(#1377),#1378,.T.);
#432=ADVANCED_FACE('',(#1379),#1380,.T.);
#433=ADVANCED_FACE('',(#1381),#1382,.T.);
#434=ADVANCED_FACE('',(#1383),#1384,.T.);
#435=ADVANCED_FACE('',(#1385),#1386,.T.);
#436=ADVANCED_FACE('',(#1387),#1388,.T.);
#437=ADVANCED_FACE('',(#1389),#1390,.T.);
#438=ADVANCED_FACE('',(#1391),#1392,.T.);
#439=ADVANCED_FACE('',(#1393),#1394,.T.);
#440=ADVANCED_FACE('',(#1395),#1396,.T.);
#441=ADVANCED_FACE('',(#1397),#1398,.T.);
#442=ADVANCED_FACE('',(#1399),#1400,.T.);
#443=ADVANCED_FACE('',(#1401),#1402,.T.);
#444=ADVANCED_FACE('',(#1403),#1404,.F.);
#445=ADVANCED_FACE('',(#1405),#1406,.T.);
#446=ADVANCED_FACE('',(#1407),#1408,.T.);
#447=ADVANCED_FACE('',(#1409),#1410,.T.);
#448=ADVANCED_FACE('',(#1411),#1412,.T.);
#449=ADVANCED_FACE('',(#1413),#1414,.T.);
#450=ADVANCED_FACE('',(#1415),#1416,.T.);
#451=ADVANCED_FACE('',(#1417),#1418,.T.);
#452=ADVANCED_FACE('',(#1419),#1420,.T.);
#453=ADVANCED_FACE('',(#1421),#1422,.T.);
#454=ADVANCED_FACE('',(#1423),#1424,.T.);
#455=ADVANCED_FACE('',(#1425),#1426,.T.);
#456=ADVANCED_FACE('',(#1427),#1428,.T.);
#457=ADVANCED_FACE('',(#1429),#1430,.T.);
#458=ADVANCED_FACE('',(#1431),#1432,.T.);
#459=ADVANCED_FACE('',(#1433),#1434,.F.);
#460=ADVANCED_FACE('',(#1435),#1436,.T.);
#461=ADVANCED_FACE('',(#1437),#1438,.T.);
#462=ADVANCED_FACE('',(#1439),#1440,.T.);
#463=ADVANCED_FACE('',(#1441),#1442,.T.);
#464=ADVANCED_FACE('',(#1443),#1444,.T.);
#465=ADVANCED_FACE('',(#1445),#1446,.T.);
#466=ADVANCED_FACE('',(#1447),#1448,.F.);
#467=ADVANCED_FACE('',(#1449),#1450,.F.);
#468=ADVANCED_FACE('',(#1451),#1452,.T.);
#469=ADVANCED_FACE('',(#1453),#1454,.T.);
#470=ADVANCED_FACE('',(#1455),#1456,.T.);
#471=ADVANCED_FACE('',(#1457),#1458,.F.);
#472=ADVANCED_FACE('',(#1459),#1460,.T.);
#473=ADVANCED_FACE('',(#1461),#1462,.T.);
#474=ADVANCED_FACE('',(#1463),#1464,.T.);
#475=ADVANCED_FACE('',(#1465),#1466,.T.);
#476=ADVANCED_FACE('',(#1467,#1468,#1469),#1470,.T.);
#477=ADVANCED_FACE('',(#1471),#1472,.T.);
#478=ADVANCED_FACE('',(#1473),#1474,.T.);
#479=ADVANCED_FACE('',(#1475),#1476,.T.);
#480=ADVANCED_FACE('',(#1477),#1478,.F.);
#481=ADVANCED_FACE('',(#1479),#1480,.T.);
#482=ADVANCED_FACE('',(#1481),#1482,.T.);
#483=ADVANCED_FACE('',(#1483),#1484,.T.);
#484=ADVANCED_FACE('',(#1485),#1486,.F.);
#485=ADVANCED_FACE('',(#1487),#1488,.F.);
#486=ADVANCED_FACE('',(#1489),#1490,.F.);
#487=ADVANCED_FACE('',(#1491),#1492,.T.);
#488=ADVANCED_FACE('',(#1493),#1494,.T.);
#489=ADVANCED_FACE('',(#1495),#1496,.T.);
#490=ADVANCED_FACE('',(#1497),#1498,.T.);
#491=ADVANCED_FACE('',(#1499),#1500,.T.);
#492=ADVANCED_FACE('',(#1501),#1502,.T.);
#493=ADVANCED_FACE('',(#1503),#1504,.T.);
#494=ADVANCED_FACE('',(#1505),#1506,.T.);
#495=ADVANCED_FACE('',(#1507),#1508,.T.);
#496=ADVANCED_FACE('',(#1509),#1510,.T.);
#497=ADVANCED_FACE('',(#1511),#1512,.T.);
#498=ADVANCED_FACE('',(#1513),#1514,.T.);
#499=ADVANCED_FACE('',(#1515),#1516,.T.);
#500=ADVANCED_FACE('',(#1517,#1518,#1519),#1520,.T.);
#501=ADVANCED_FACE('',(#1521),#1522,.T.);
#502=ADVANCED_FACE('',(#1523),#1524,.T.);
#503=ADVANCED_FACE('',(#1525),#1526,.T.);
#504=ADVANCED_FACE('',(#1527),#1528,.T.);
#505=ADVANCED_FACE('',(#1529),#1530,.T.);
#506=ADVANCED_FACE('',(#1531),#1532,.T.);
#507=ADVANCED_FACE('',(#1533),#1534,.T.);
#508=ADVANCED_FACE('',(#1535),#1536,.T.);
#509=ADVANCED_FACE('',(#1537),#1538,.T.);
#510=ADVANCED_FACE('',(#1539),#1540,.F.);
#511=ADVANCED_FACE('',(#1541),#1542,.T.);
#512=ADVANCED_FACE('',(#1543),#1544,.T.);
#513=ADVANCED_FACE('',(#1545),#1546,.T.);
#514=ADVANCED_FACE('',(#1547),#1548,.T.);
#515=ADVANCED_FACE('',(#1549),#1550,.F.);
#516=ADVANCED_FACE('',(#1551),#1552,.T.);
#517=ADVANCED_FACE('',(#1553),#1554,.T.);
#518=ADVANCED_FACE('',(#1555),#1556,.F.);
#519=ADVANCED_FACE('',(#1557),#1558,.T.);
#520=ADVANCED_FACE('',(#1559),#1560,.T.);
#521=ADVANCED_FACE('',(#1561,#1562),#1563,.F.);
#522=ADVANCED_FACE('',(#1564),#1565,.T.);
#523=ADVANCED_FACE('',(#1566),#1567,.T.);
#524=ADVANCED_FACE('',(#1568),#1569,.T.);
#525=ADVANCED_FACE('',(#1570),#1571,.T.);
#526=ADVANCED_FACE('',(#1572),#1573,.T.);
#527=ADVANCED_FACE('',(#1574),#1575,.T.);
#528=ADVANCED_FACE('',(#1576),#1577,.T.);
#529=ADVANCED_FACE('',(#1578),#1579,.T.);
#530=ADVANCED_FACE('',(#1580),#1581,.T.);
#531=ADVANCED_FACE('',(#1582),#1583,.T.);
#532=ADVANCED_FACE('',(#1584),#1585,.T.);
#533=ADVANCED_FACE('',(#1586),#1587,.T.);
#534=ADVANCED_FACE('',(#1588),#1589,.T.);
#535=ADVANCED_FACE('',(#1590),#1591,.T.);
#536=ADVANCED_FACE('',(#1592),#1593,.T.);
#537=ADVANCED_FACE('',(#1594),#1595,.T.);
#538=ADVANCED_FACE('',(#1596),#1597,.T.);
#539=ADVANCED_FACE('',(#1598),#1599,.T.);
#540=ADVANCED_FACE('',(#1600),#1601,.T.);
#541=ADVANCED_FACE('',(#1602),#1603,.T.);
#542=ADVANCED_FACE('',(#1604),#1605,.T.);
#543=ADVANCED_FACE('',(#1606),#1607,.T.);
#544=ADVANCED_FACE('',(#1608),#1609,.T.);
#545=ADVANCED_FACE('',(#1610),#1611,.T.);
#546=ADVANCED_FACE('',(#1612),#1613,.T.);
#547=ADVANCED_FACE('',(#1614),#1615,.T.);
#548=ADVANCED_FACE('',(#1616),#1617,.T.);
#549=ADVANCED_FACE('',(#1618,#1619),#1620,.F.);
#550=ADVANCED_FACE('',(#1621),#1622,.T.);
#551=ADVANCED_FACE('',(#1623),#1624,.T.);
#552=ADVANCED_FACE('',(#1625),#1626,.F.);
#553=ADVANCED_FACE('',(#1627),#1628,.T.);
#554=ADVANCED_FACE('',(#1629),#1630,.T.);
#555=ADVANCED_FACE('',(#1631),#1632,.T.);
#556=ADVANCED_FACE('',(#1633),#1634,.T.);
#557=ADVANCED_FACE('',(#1635),#1636,.T.);
#558=ADVANCED_FACE('',(#1637),#1638,.T.);
#559=ADVANCED_FACE('',(#1639),#1640,.T.);
#560=ADVANCED_FACE('',(#1641),#1642,.T.);
#561=ADVANCED_FACE('',(#1643),#1644,.T.);
#562=ADVANCED_FACE('',(#1645),#1646,.T.);
#563=ADVANCED_FACE('',(#1647),#1648,.T.);
#564=ADVANCED_FACE('',(#1649),#1650,.T.);
#565=ADVANCED_FACE('',(#1651),#1652,.T.);
#566=ADVANCED_FACE('',(#1653),#1654,.T.);
#567=ADVANCED_FACE('',(#1655),#1656,.T.);
#568=ADVANCED_FACE('',(#1657),#1658,.T.);
#569=ADVANCED_FACE('',(#1659),#1660,.T.);
#570=ADVANCED_FACE('',(#1661),#1662,.F.);
#571=ADVANCED_FACE('',(#1663),#1664,.F.);
#572=ADVANCED_FACE('',(#1665),#1666,.F.);
#573=ADVANCED_FACE('',(#1667),#1668,.F.);
#574=ADVANCED_FACE('',(#1669),#1670,.F.);
#575=ADVANCED_FACE('',(#1671),#1672,.T.);
#576=ADVANCED_FACE('',(#1673),#1674,.T.);
#577=ADVANCED_FACE('',(#1675),#1676,.T.);
#578=ADVANCED_FACE('',(#1677),#1678,.T.);
#579=ADVANCED_FACE('',(#1679),#1680,.T.);
#580=ADVANCED_FACE('',(#1681),#1682,.F.);
#581=ADVANCED_FACE('',(#1683),#1684,.T.);
#582=ADVANCED_FACE('',(#1685),#1686,.T.);
#583=ADVANCED_FACE('',(#1687),#1688,.T.);
#584=ADVANCED_FACE('',(#1689),#1690,.T.);
#585=ADVANCED_FACE('',(#1691),#1692,.T.);
#586=ADVANCED_FACE('',(#1693),#1694,.T.);
#587=ADVANCED_FACE('',(#1695),#1696,.T.);
#588=ADVANCED_FACE('',(#1697),#1698,.T.);
#589=ADVANCED_FACE('',(#1699),#1700,.T.);
#590=ADVANCED_FACE('',(#1701),#1702,.T.);
#591=ADVANCED_FACE('',(#1703),#1704,.T.);
#592=ADVANCED_FACE('',(#1705),#1706,.T.);
#593=ADVANCED_FACE('',(#1707),#1708,.F.);
#594=ADVANCED_FACE('',(#1709),#1710,.T.);
#595=ADVANCED_FACE('',(#1711),#1712,.T.);
#596=ADVANCED_FACE('',(#1713),#1714,.T.);
#597=ADVANCED_FACE('',(#1715),#1716,.T.);
#598=ADVANCED_FACE('',(#1717),#1718,.T.);
#599=ADVANCED_FACE('',(#1719),#1720,.T.);
#600=ADVANCED_FACE('',(#1721),#1722,.T.);
#601=ADVANCED_FACE('',(#1723),#1724,.T.);
#602=ADVANCED_FACE('',(#1725),#1726,.T.);
#603=ADVANCED_FACE('',(#1727),#1728,.T.);
#604=ADVANCED_FACE('',(#1729),#1730,.T.);
#605=ADVANCED_FACE('',(#1731),#1732,.T.);
#606=ADVANCED_FACE('',(#1733),#1734,.T.);
#607=ADVANCED_FACE('',(#1735),#1736,.T.);
#608=ADVANCED_FACE('',(#1737),#1738,.T.);
#609=ADVANCED_FACE('',(#1739),#1740,.T.);
#610=ADVANCED_FACE('',(#1741,#1742,#1743),#1744,.T.);
#611=ADVANCED_FACE('',(#1745),#1746,.T.);
#612=ADVANCED_FACE('',(#1747),#1748,.T.);
#613=ADVANCED_FACE('',(#1749),#1750,.T.);
#614=ADVANCED_FACE('',(#1751),#1752,.T.);
#615=ADVANCED_FACE('',(#1753),#1754,.T.);
#616=ADVANCED_FACE('',(#1755),#1756,.T.);
#617=ADVANCED_FACE('',(#1757),#1758,.T.);
#618=ADVANCED_FACE('',(#1759),#1760,.T.);
#619=ADVANCED_FACE('',(#1761),#1762,.T.);
#620=ADVANCED_FACE('',(#1763),#1764,.T.);
#621=ADVANCED_FACE('',(#1765),#1766,.T.);
#622=ADVANCED_FACE('',(#1767),#1768,.T.);
#623=ADVANCED_FACE('',(#1769),#1770,.T.);
#624=ADVANCED_FACE('',(#1771),#1772,.T.);
#625=ADVANCED_FACE('',(#1773),#1774,.T.);
#626=ADVANCED_FACE('',(#1775),#1776,.T.);
#627=ADVANCED_FACE('',(#1777),#1778,.T.);
#628=ADVANCED_FACE('',(#1779),#1780,.T.);
#629=ADVANCED_FACE('',(#1781),#1782,.T.);
#630=ADVANCED_FACE('',(#1783),#1784,.T.);
#631=ADVANCED_FACE('',(#1785),#1786,.T.);
#632=ADVANCED_FACE('',(#1787),#1788,.T.);
#633=ADVANCED_FACE('',(#1789),#1790,.T.);
#634=ADVANCED_FACE('',(#1791),#1792,.T.);
#635=ADVANCED_FACE('',(#1793),#1794,.T.);
#636=ADVANCED_FACE('',(#1795),#1796,.T.);
#637=ADVANCED_FACE('',(#1797),#1798,.T.);
#638=ADVANCED_FACE('',(#1799),#1800,.T.);
#639=ADVANCED_FACE('',(#1801),#1802,.T.);
#640=ADVANCED_FACE('',(#1803),#1804,.T.);
#641=ADVANCED_FACE('',(#1805),#1806,.T.);
#642=ADVANCED_FACE('',(#1807),#1808,.T.);
#643=ADVANCED_FACE('',(#1809),#1810,.T.);
#644=ADVANCED_FACE('',(#1811),#1812,.T.);
#645=ADVANCED_FACE('',(#1813),#1814,.T.);
#646=ADVANCED_FACE('',(#1815),#1816,.T.);
#647=ADVANCED_FACE('',(#1817),#1818,.T.);
#648=ADVANCED_FACE('',(#1819),#1820,.T.);
#649=ADVANCED_FACE('',(#1821),#1822,.T.);
#650=ADVANCED_FACE('',(#1823),#1824,.F.);
#651=ADVANCED_FACE('',(#1825),#1826,.T.);
#652=ADVANCED_FACE('',(#1827),#1828,.T.);
#653=ADVANCED_FACE('',(#1829),#1830,.T.);
#654=ADVANCED_FACE('',(#1831),#1832,.T.);
#655=ADVANCED_FACE('',(#1833),#1834,.T.);
#656=ADVANCED_FACE('',(#1835),#1836,.T.);
#657=ADVANCED_FACE('',(#1837),#1838,.T.);
#658=ADVANCED_FACE('',(#1839),#1840,.T.);
#659=ADVANCED_FACE('',(#1841),#1842,.T.);
#660=ADVANCED_FACE('',(#1843),#1844,.T.);
#661=ADVANCED_FACE('',(#1845),#1846,.F.);
#662=ADVANCED_FACE('',(#1847),#1848,.T.);
#663=ADVANCED_FACE('',(#1849),#1850,.F.);
#664=ADVANCED_FACE('',(#1851),#1852,.T.);
#665=ADVANCED_FACE('',(#1853),#1854,.F.);
#666=ADVANCED_FACE('',(#1855),#1856,.T.);
#667=ADVANCED_FACE('',(#1857),#1858,.T.);
#668=ADVANCED_FACE('',(#1859),#1860,.T.);
#669=ADVANCED_FACE('',(#1861),#1862,.T.);
#670=ADVANCED_FACE('',(#1863),#1864,.T.);
#671=ADVANCED_FACE('',(#1865),#1866,.T.);
#672=ADVANCED_FACE('',(#1867),#1868,.T.);
#673=ADVANCED_FACE('',(#1869),#1870,.T.);
#674=ADVANCED_FACE('',(#1871),#1872,.T.);
#675=ADVANCED_FACE('',(#1873,#1874,#1875),#1876,.T.);
#676=ADVANCED_FACE('',(#1877),#1878,.T.);
#677=ADVANCED_FACE('',(#1879),#1880,.T.);
#678=ADVANCED_FACE('',(#1881),#1882,.T.);
#679=ADVANCED_FACE('',(#1883,#1884),#1885,.F.);
#680=ADVANCED_FACE('',(#1886),#1887,.T.);
#681=ADVANCED_FACE('',(#1888),#1889,.T.);
#682=ADVANCED_FACE('',(#1890),#1891,.T.);
#683=ADVANCED_FACE('',(#1892),#1893,.T.);
#684=ADVANCED_FACE('',(#1894),#1895,.T.);
#685=ADVANCED_FACE('',(#1896),#1897,.T.);
#686=ADVANCED_FACE('',(#1898),#1899,.T.);
#687=ADVANCED_FACE('',(#1900),#1901,.T.);
#688=ADVANCED_FACE('',(#1902),#1903,.T.);
#689=ADVANCED_FACE('',(#1904),#1905,.T.);
#690=ADVANCED_FACE('',(#1906),#1907,.T.);
#691=ADVANCED_FACE('',(#1908),#1909,.T.);
#692=ADVANCED_FACE('',(#1910),#1911,.T.);
#693=ADVANCED_FACE('',(#1912),#1913,.T.);
#694=ADVANCED_FACE('',(#1914),#1915,.T.);
#695=ADVANCED_FACE('',(#1916),#1917,.T.);
#696=ADVANCED_FACE('',(#1918),#1919,.T.);
#697=ADVANCED_FACE('',(#1920),#1921,.T.);
#698=ADVANCED_FACE('',(#1922),#1923,.T.);
#699=ADVANCED_FACE('',(#1924),#1925,.T.);
#700=ADVANCED_FACE('',(#1926),#1927,.T.);
#701=ADVANCED_FACE('',(#1928),#1929,.T.);
#702=ADVANCED_FACE('',(#1930),#1931,.T.);
#703=ADVANCED_FACE('',(#1932),#1933,.T.);
#704=ADVANCED_FACE('',(#1934),#1935,.T.);
#705=ADVANCED_FACE('',(#1936),#1937,.T.);
#706=ADVANCED_FACE('',(#1938),#1939,.T.);
#707=ADVANCED_FACE('',(#1940),#1941,.T.);
#708=ADVANCED_FACE('',(#1942),#1943,.T.);
#709=ADVANCED_FACE('',(#1944),#1945,.T.);
#710=ADVANCED_FACE('',(#1946),#1947,.T.);
#711=ADVANCED_FACE('',(#1948),#1949,.T.);
#712=ADVANCED_FACE('',(#1950),#1951,.T.);
#713=ADVANCED_FACE('',(#1952),#1953,.T.);
#714=ADVANCED_FACE('',(#1954),#1955,.T.);
#715=ADVANCED_FACE('',(#1956),#1957,.T.);
#716=ADVANCED_FACE('',(#1958),#1959,.T.);
#717=ADVANCED_FACE('',(#1960),#1961,.T.);
#718=ADVANCED_FACE('',(#1962),#1963,.T.);
#719=ADVANCED_FACE('',(#1964),#1965,.T.);
#720=ADVANCED_FACE('',(#1966),#1967,.T.);
#721=ADVANCED_FACE('',(#1968,#1969,#1970,#1971),#1972,.T.);
#722=ADVANCED_FACE('',(#1973),#1974,.T.);
#723=ADVANCED_FACE('',(#1975),#1976,.T.);
#724=ADVANCED_FACE('',(#1977),#1978,.T.);
#725=ADVANCED_FACE('',(#1979),#1980,.T.);
#726=ADVANCED_FACE('',(#1981),#1982,.T.);
#727=ADVANCED_FACE('',(#1983),#1984,.T.);
#728=ADVANCED_FACE('',(#1985),#1986,.T.);
#729=ADVANCED_FACE('',(#1987),#1988,.T.);
#730=ADVANCED_FACE('',(#1989),#1990,.T.);
#731=ADVANCED_FACE('',(#1991),#1992,.F.);
#733=FACE_OUTER_BOUND('',#1993,.T.);
#734=CYLINDRICAL_SURFACE('',#1994,0.75);
#735=FACE_OUTER_BOUND('',#1995,.T.);
#736=CYLINDRICAL_SURFACE('',#1996,0.765000000000001);
#737=FACE_OUTER_BOUND('',#1997,.T.);
#738=CYLINDRICAL_SURFACE('',#1998,0.75);
#739=FACE_OUTER_BOUND('',#1999,.T.);
#740=CYLINDRICAL_SURFACE('',#2000,0.765);
#741=FACE_OUTER_BOUND('',#2001,.T.);
#742=FACE_BOUND('',#2002,.T.);
#743=PLANE('',#2003);
#744=FACE_OUTER_BOUND('',#2004,.T.);
#745=FACE_BOUND('',#2005,.T.);
#746=PLANE('',#2006);
#747=FACE_OUTER_BOUND('',#2007,.T.);
#748=CYLINDRICAL_SURFACE('',#2008,0.765);
#749=FACE_OUTER_BOUND('',#2009,.T.);
#750=CYLINDRICAL_SURFACE('',#2010,0.75);
#751=FACE_OUTER_BOUND('',#2011,.T.);
#752=CYLINDRICAL_SURFACE('',#2012,0.765000000000001);
#753=FACE_OUTER_BOUND('',#2013,.T.);
#754=CYLINDRICAL_SURFACE('',#2014,0.75);
#755=FACE_OUTER_BOUND('',#2015,.T.);
#756=PLANE('',#2016);
#757=FACE_OUTER_BOUND('',#2017,.T.);
#758=PLANE('',#2018);
#759=FACE_OUTER_BOUND('',#2019,.T.);
#760=PLANE('',#2020);
#761=FACE_OUTER_BOUND('',#2021,.T.);
#762=PLANE('',#2022);
#763=FACE_OUTER_BOUND('',#2023,.T.);
#764=PLANE('',#2024);
#765=FACE_OUTER_BOUND('',#2025,.T.);
#766=PLANE('',#2026);
#767=FACE_OUTER_BOUND('',#2027,.T.);
#768=FACE_BOUND('',#2028,.T.);
#769=PLANE('',#2029);
#770=FACE_OUTER_BOUND('',#2030,.T.);
#771=PLANE('',#2031);
#772=FACE_OUTER_BOUND('',#2032,.T.);
#773=PLANE('',#2033);
#774=FACE_OUTER_BOUND('',#2034,.T.);
#775=PLANE('',#2035);
#776=FACE_OUTER_BOUND('',#2036,.T.);
#777=FACE_BOUND('',#2037,.T.);
#778=PLANE('',#2038);
#779=FACE_OUTER_BOUND('',#2039,.T.);
#780=PLANE('',#2040);
#781=FACE_OUTER_BOUND('',#2041,.T.);
#782=PLANE('',#2042);
#783=FACE_OUTER_BOUND('',#2043,.T.);
#784=PLANE('',#2044);
#785=FACE_OUTER_BOUND('',#2045,.T.);
#786=PLANE('',#2046);
#787=FACE_OUTER_BOUND('',#2047,.T.);
#788=PLANE('',#2048);
#789=FACE_OUTER_BOUND('',#2049,.T.);
#790=CYLINDRICAL_SURFACE('',#2050,1.5);
#791=FACE_OUTER_BOUND('',#2051,.T.);
#792=PLANE('',#2052);
#793=FACE_OUTER_BOUND('',#2053,.T.);
#794=PLANE('',#2054);
#795=FACE_OUTER_BOUND('',#2055,.T.);
#796=CYLINDRICAL_SURFACE('',#2056,1.5);
#797=FACE_OUTER_BOUND('',#2057,.T.);
#798=PLANE('',#2058);
#799=FACE_OUTER_BOUND('',#2059,.T.);
#800=PLANE('',#2060);
#801=FACE_OUTER_BOUND('',#2061,.T.);
#802=CYLINDRICAL_SURFACE('',#2062,1.91034380597093);
#803=FACE_OUTER_BOUND('',#2063,.T.);
#804=FACE_BOUND('',#2064,.T.);
#805=PLANE('',#2065);
#806=FACE_OUTER_BOUND('',#2066,.T.);
#807=PLANE('',#2067);
#808=FACE_OUTER_BOUND('',#2068,.T.);
#809=PLANE('',#2069);
#810=FACE_OUTER_BOUND('',#2070,.T.);
#811=PLANE('',#2071);
#812=FACE_OUTER_BOUND('',#2072,.T.);
#813=CYLINDRICAL_SURFACE('',#2073,1.49999999999999);
#814=FACE_OUTER_BOUND('',#2074,.T.);
#815=PLANE('',#2075);
#816=FACE_OUTER_BOUND('',#2076,.T.);
#817=CYLINDRICAL_SURFACE('',#2077,1.91034380597093);
#818=FACE_OUTER_BOUND('',#2078,.T.);
#819=CYLINDRICAL_SURFACE('',#2079,1.49999999999999);
#820=FACE_OUTER_BOUND('',#2080,.T.);
#821=CYLINDRICAL_SURFACE('',#2081,0.75);
#822=FACE_OUTER_BOUND('',#2082,.T.);
#823=CYLINDRICAL_SURFACE('',#2083,0.765000000000001);
#824=FACE_OUTER_BOUND('',#2084,.T.);
#825=CYLINDRICAL_SURFACE('',#2085,0.75);
#826=FACE_OUTER_BOUND('',#2086,.T.);
#827=CYLINDRICAL_SURFACE('',#2087,0.765);
#828=FACE_OUTER_BOUND('',#2088,.T.);
#829=FACE_BOUND('',#2089,.T.);
#830=PLANE('',#2090);
#831=FACE_OUTER_BOUND('',#2091,.T.);
#832=FACE_BOUND('',#2092,.T.);
#833=PLANE('',#2093);
#834=FACE_OUTER_BOUND('',#2094,.T.);
#835=CYLINDRICAL_SURFACE('',#2095,0.765);
#836=FACE_OUTER_BOUND('',#2096,.T.);
#837=CYLINDRICAL_SURFACE('',#2097,0.75);
#838=FACE_OUTER_BOUND('',#2098,.T.);
#839=CYLINDRICAL_SURFACE('',#2099,0.765000000000001);
#840=FACE_OUTER_BOUND('',#2100,.T.);
#841=CYLINDRICAL_SURFACE('',#2101,0.75);
#842=FACE_OUTER_BOUND('',#2102,.T.);
#843=PLANE('',#2103);
#844=FACE_OUTER_BOUND('',#2104,.T.);
#845=PLANE('',#2105);
#846=FACE_OUTER_BOUND('',#2106,.T.);
#847=PLANE('',#2107);
#848=FACE_OUTER_BOUND('',#2108,.T.);
#849=PLANE('',#2109);
#850=FACE_OUTER_BOUND('',#2110,.T.);
#851=PLANE('',#2111);
#852=FACE_OUTER_BOUND('',#2112,.T.);
#853=PLANE('',#2113);
#854=FACE_OUTER_BOUND('',#2114,.T.);
#855=FACE_BOUND('',#2115,.T.);
#856=PLANE('',#2116);
#857=FACE_OUTER_BOUND('',#2117,.T.);
#858=PLANE('',#2118);
#859=FACE_OUTER_BOUND('',#2119,.T.);
#860=PLANE('',#2120);
#861=FACE_OUTER_BOUND('',#2121,.T.);
#862=PLANE('',#2122);
#863=FACE_OUTER_BOUND('',#2123,.T.);
#864=FACE_BOUND('',#2124,.T.);
#865=PLANE('',#2125);
#866=FACE_OUTER_BOUND('',#2126,.T.);
#867=PLANE('',#2127);
#868=FACE_OUTER_BOUND('',#2128,.T.);
#869=PLANE('',#2129);
#870=FACE_OUTER_BOUND('',#2130,.T.);
#871=PLANE('',#2131);
#872=FACE_OUTER_BOUND('',#2132,.T.);
#873=PLANE('',#2133);
#874=FACE_OUTER_BOUND('',#2134,.T.);
#875=PLANE('',#2135);
#876=FACE_OUTER_BOUND('',#2136,.T.);
#877=CYLINDRICAL_SURFACE('',#2137,1.5);
#878=FACE_OUTER_BOUND('',#2138,.T.);
#879=PLANE('',#2139);
#880=FACE_OUTER_BOUND('',#2140,.T.);
#881=PLANE('',#2141);
#882=FACE_OUTER_BOUND('',#2142,.T.);
#883=CYLINDRICAL_SURFACE('',#2143,1.5);
#884=FACE_OUTER_BOUND('',#2144,.T.);
#885=PLANE('',#2145);
#886=FACE_OUTER_BOUND('',#2146,.T.);
#887=PLANE('',#2147);
#888=FACE_OUTER_BOUND('',#2148,.T.);
#889=CYLINDRICAL_SURFACE('',#2149,1.91034380597093);
#890=FACE_OUTER_BOUND('',#2150,.T.);
#891=FACE_BOUND('',#2151,.T.);
#892=PLANE('',#2152);
#893=FACE_OUTER_BOUND('',#2153,.T.);
#894=PLANE('',#2154);
#895=FACE_OUTER_BOUND('',#2155,.T.);
#896=PLANE('',#2156);
#897=FACE_OUTER_BOUND('',#2157,.T.);
#898=PLANE('',#2158);
#899=FACE_OUTER_BOUND('',#2159,.T.);
#900=CYLINDRICAL_SURFACE('',#2160,1.49999999999999);
#901=FACE_OUTER_BOUND('',#2161,.T.);
#902=PLANE('',#2162);
#903=FACE_OUTER_BOUND('',#2163,.T.);
#904=CYLINDRICAL_SURFACE('',#2164,1.91034380597093);
#905=FACE_OUTER_BOUND('',#2165,.T.);
#906=CYLINDRICAL_SURFACE('',#2166,1.49999999999999);
#907=FACE_OUTER_BOUND('',#2167,.T.);
#908=CYLINDRICAL_SURFACE('',#2168,0.149999999999998);
#909=FACE_OUTER_BOUND('',#2169,.T.);
#910=CYLINDRICAL_SURFACE('',#2170,0.149999999999999);
#911=FACE_OUTER_BOUND('',#2171,.T.);
#912=CYLINDRICAL_SURFACE('',#2172,0.15);
#913=FACE_OUTER_BOUND('',#2173,.T.);
#914=CYLINDRICAL_SURFACE('',#2174,0.15);
#915=FACE_OUTER_BOUND('',#2175,.T.);
#916=CYLINDRICAL_SURFACE('',#2176,0.15);
#917=FACE_OUTER_BOUND('',#2177,.T.);
#918=CYLINDRICAL_SURFACE('',#2178,0.149999999999998);
#919=FACE_OUTER_BOUND('',#2179,.T.);
#920=CYLINDRICAL_SURFACE('',#2180,0.129999999999993);
#921=FACE_OUTER_BOUND('',#2181,.T.);
#922=CYLINDRICAL_SURFACE('',#2182,0.129999999999995);
#923=FACE_OUTER_BOUND('',#2183,.T.);
#924=CYLINDRICAL_SURFACE('',#2184,0.129999999999991);
#925=FACE_OUTER_BOUND('',#2185,.T.);
#926=CYLINDRICAL_SURFACE('',#2186,0.150000000000001);
#927=FACE_OUTER_BOUND('',#2187,.T.);
#928=CYLINDRICAL_SURFACE('',#2188,0.15);
#929=FACE_OUTER_BOUND('',#2189,.T.);
#930=CYLINDRICAL_SURFACE('',#2190,0.130000000000006);
#931=FACE_OUTER_BOUND('',#2191,.T.);
#932=CYLINDRICAL_SURFACE('',#2192,0.129999999999992);
#933=FACE_OUTER_BOUND('',#2193,.T.);
#934=CYLINDRICAL_SURFACE('',#2194,0.129999999999996);
#935=FACE_OUTER_BOUND('',#2195,.T.);
#936=CYLINDRICAL_SURFACE('',#2196,1.5);
#937=FACE_OUTER_BOUND('',#2197,.T.);
#938=CYLINDRICAL_SURFACE('',#2198,0.190090814031198);
#939=FACE_OUTER_BOUND('',#2199,.T.);
#940=CYLINDRICAL_SURFACE('',#2200,0.500000000000003);
#941=FACE_OUTER_BOUND('',#2201,.T.);
#942=CYLINDRICAL_SURFACE('',#2202,0.499999999999997);
#943=FACE_OUTER_BOUND('',#2203,.T.);
#944=CYLINDRICAL_SURFACE('',#2204,0.499999999999988);
#945=FACE_OUTER_BOUND('',#2205,.T.);
#946=CYLINDRICAL_SURFACE('',#2206,0.174999999999991);
#947=FACE_OUTER_BOUND('',#2207,.T.);
#948=CYLINDRICAL_SURFACE('',#2208,0.174999999999997);
#949=FACE_OUTER_BOUND('',#2209,.T.);
#950=CYLINDRICAL_SURFACE('',#2210,0.17499999999999);
#951=FACE_OUTER_BOUND('',#2211,.T.);
#952=CYLINDRICAL_SURFACE('',#2212,0.129999999999997);
#953=FACE_OUTER_BOUND('',#2213,.T.);
#954=CYLINDRICAL_SURFACE('',#2214,0.500000000000002);
#955=FACE_OUTER_BOUND('',#2215,.T.);
#956=CYLINDRICAL_SURFACE('',#2216,0.199999999999865);
#957=FACE_OUTER_BOUND('',#2217,.T.);
#958=CYLINDRICAL_SURFACE('',#2218,1.5);
#959=FACE_OUTER_BOUND('',#2219,.T.);
#960=CONICAL_SURFACE('',#2220,1.51838117647059,0.785398163397448);
#961=FACE_OUTER_BOUND('',#2221,.T.);
#962=CYLINDRICAL_SURFACE('',#2222,0.765);
#963=FACE_OUTER_BOUND('',#2223,.T.);
#964=CYLINDRICAL_SURFACE('',#2224,2.9299999999993);
#965=FACE_OUTER_BOUND('',#2225,.T.);
#966=CYLINDRICAL_SURFACE('',#2226,0.129999999999967);
#967=FACE_OUTER_BOUND('',#2227,.T.);
#968=CYLINDRICAL_SURFACE('',#2228,0.175000000000006);
#969=FACE_OUTER_BOUND('',#2229,.T.);
#970=CYLINDRICAL_SURFACE('',#2230,0.129999999999995);
#971=FACE_OUTER_BOUND('',#2231,.T.);
#972=CYLINDRICAL_SURFACE('',#2232,0.190090814031194);
#973=FACE_OUTER_BOUND('',#2233,.T.);
#974=CYLINDRICAL_SURFACE('',#2234,0.199999999999976);
#975=FACE_OUTER_BOUND('',#2235,.T.);
#976=CYLINDRICAL_SURFACE('',#2236,0.129999999999997);
#977=FACE_OUTER_BOUND('',#2237,.T.);
#978=CYLINDRICAL_SURFACE('',#2238,2.59999999999996);
#979=FACE_OUTER_BOUND('',#2239,.T.);
#980=CYLINDRICAL_SURFACE('',#2240,0.818323486672228);
#981=FACE_OUTER_BOUND('',#2241,.T.);
#982=CYLINDRICAL_SURFACE('',#2242,0.600000000000013);
#983=FACE_OUTER_BOUND('',#2243,.T.);
#984=CYLINDRICAL_SURFACE('',#2244,2.0);
#985=FACE_OUTER_BOUND('',#2245,.T.);
#986=CYLINDRICAL_SURFACE('',#2246,0.199999999999995);
#987=FACE_OUTER_BOUND('',#2247,.T.);
#988=CYLINDRICAL_SURFACE('',#2248,1.5);
#989=FACE_OUTER_BOUND('',#2249,.T.);
#990=CYLINDRICAL_SURFACE('',#2250,2.9299999999993);
#991=FACE_OUTER_BOUND('',#2251,.T.);
#992=CYLINDRICAL_SURFACE('',#2252,2.0);
#993=FACE_OUTER_BOUND('',#2253,.T.);
#994=CYLINDRICAL_SURFACE('',#2254,0.764999999999999);
#995=FACE_OUTER_BOUND('',#2255,.T.);
#996=CONICAL_SURFACE('',#2256,1.51838117647059,0.785398163397448);
#997=FACE_OUTER_BOUND('',#2257,.T.);
#998=CYLINDRICAL_SURFACE('',#2258,0.300000000000001);
#999=FACE_OUTER_BOUND('',#2259,.T.);
#1000=CYLINDRICAL_SURFACE('',#2260,0.3);
#1001=FACE_OUTER_BOUND('',#2261,.T.);
#1002=CYLINDRICAL_SURFACE('',#2262,1.5);
#1003=FACE_OUTER_BOUND('',#2263,.T.);
#1004=CYLINDRICAL_SURFACE('',#2264,2.6);
#1005=FACE_OUTER_BOUND('',#2265,.T.);
#1006=CYLINDRICAL_SURFACE('',#2266,0.200000000000001);
#1007=FACE_OUTER_BOUND('',#2267,.T.);
#1008=CYLINDRICAL_SURFACE('',#2268,0.750000000000056);
#1009=FACE_OUTER_BOUND('',#2269,.T.);
#1010=CYLINDRICAL_SURFACE('',#2270,0.299999999999989);
#1011=FACE_OUTER_BOUND('',#2271,.T.);
#1012=CYLINDRICAL_SURFACE('',#2272,0.3);
#1013=FACE_OUTER_BOUND('',#2273,.T.);
#1014=CYLINDRICAL_SURFACE('',#2274,0.300000000000001);
#1015=FACE_OUTER_BOUND('',#2275,.T.);
#1016=CYLINDRICAL_SURFACE('',#2276,0.3);
#1017=FACE_OUTER_BOUND('',#2277,.T.);
#1018=CYLINDRICAL_SURFACE('',#2278,0.5);
#1019=FACE_OUTER_BOUND('',#2279,.T.);
#1020=CYLINDRICAL_SURFACE('',#2280,0.500000000000007);
#1021=FACE_OUTER_BOUND('',#2281,.T.);
#1022=CYLINDRICAL_SURFACE('',#2282,0.499999999999997);
#1023=FACE_OUTER_BOUND('',#2283,.T.);
#1024=CYLINDRICAL_SURFACE('',#2284,0.499999999999997);
#1025=FACE_OUTER_BOUND('',#2285,.T.);
#1026=CYLINDRICAL_SURFACE('',#2286,0.2);
#1027=FACE_OUTER_BOUND('',#2287,.T.);
#1028=CYLINDRICAL_SURFACE('',#2288,0.499999999999999);
#1029=FACE_OUTER_BOUND('',#2289,.T.);
#1030=CYLINDRICAL_SURFACE('',#2290,0.499999999999998);
#1031=FACE_OUTER_BOUND('',#2291,.T.);
#1032=CYLINDRICAL_SURFACE('',#2292,0.500000000000008);
#1033=FACE_OUTER_BOUND('',#2293,.T.);
#1034=CYLINDRICAL_SURFACE('',#2294,0.5);
#1035=FACE_OUTER_BOUND('',#2295,.T.);
#1036=PLANE('',#2296);
#1037=FACE_OUTER_BOUND('',#2297,.T.);
#1038=PLANE('',#2298);
#1039=FACE_OUTER_BOUND('',#2299,.T.);
#1040=FACE_BOUND('',#2300,.T.);
#1041=PLANE('',#2301);
#1042=FACE_OUTER_BOUND('',#2302,.T.);
#1043=PLANE('',#2303);
#1044=FACE_OUTER_BOUND('',#2304,.T.);
#1045=PLANE('',#2305);
#1046=FACE_OUTER_BOUND('',#2306,.T.);
#1047=PLANE('',#2307);
#1048=FACE_OUTER_BOUND('',#2308,.T.);
#1049=PLANE('',#2309);
#1050=FACE_OUTER_BOUND('',#2310,.T.);
#1051=PLANE('',#2311);
#1052=FACE_OUTER_BOUND('',#2312,.T.);
#1053=PLANE('',#2313);
#1054=FACE_OUTER_BOUND('',#2314,.T.);
#1055=PLANE('',#2315);
#1056=FACE_OUTER_BOUND('',#2316,.T.);
#1057=PLANE('',#2317);
#1058=FACE_OUTER_BOUND('',#2318,.T.);
#1059=PLANE('',#2319);
#1060=FACE_OUTER_BOUND('',#2320,.T.);
#1061=PLANE('',#2321);
#1062=FACE_OUTER_BOUND('',#2322,.T.);
#1063=PLANE('',#2323);
#1064=FACE_OUTER_BOUND('',#2324,.T.);
#1065=PLANE('',#2325);
#1066=FACE_OUTER_BOUND('',#2326,.T.);
#1067=PLANE('',#2327);
#1068=FACE_OUTER_BOUND('',#2328,.T.);
#1069=PLANE('',#2329);
#1070=FACE_OUTER_BOUND('',#2330,.T.);
#1071=PLANE('',#2331);
#1072=FACE_OUTER_BOUND('',#2332,.T.);
#1073=CYLINDRICAL_SURFACE('',#2333,0.5);
#1074=FACE_OUTER_BOUND('',#2334,.T.);
#1075=PLANE('',#2335);
#1076=FACE_OUTER_BOUND('',#2336,.T.);
#1077=CYLINDRICAL_SURFACE('',#2337,0.500000000000008);
#1078=FACE_OUTER_BOUND('',#2338,.T.);
#1079=PLANE('',#2339);
#1080=FACE_OUTER_BOUND('',#2340,.T.);
#1081=CYLINDRICAL_SURFACE('',#2341,0.499999999999998);
#1082=FACE_OUTER_BOUND('',#2342,.T.);
#1083=PLANE('',#2343);
#1084=FACE_OUTER_BOUND('',#2344,.T.);
#1085=CYLINDRICAL_SURFACE('',#2345,0.499999999999999);
#1086=FACE_OUTER_BOUND('',#2346,.T.);
#1087=PLANE('',#2347);
#1088=FACE_OUTER_BOUND('',#2348,.T.);
#1089=CYLINDRICAL_SURFACE('',#2349,0.2);
#1090=FACE_OUTER_BOUND('',#2350,.T.);
#1091=PLANE('',#2351);
#1092=FACE_OUTER_BOUND('',#2352,.T.);
#1093=PLANE('',#2353);
#1094=FACE_OUTER_BOUND('',#2354,.T.);
#1095=CYLINDRICAL_SURFACE('',#2355,0.499999999999997);
#1096=FACE_OUTER_BOUND('',#2356,.T.);
#1097=PLANE('',#2357);
#1098=FACE_OUTER_BOUND('',#2358,.T.);
#1099=CYLINDRICAL_SURFACE('',#2359,0.499999999999997);
#1100=FACE_OUTER_BOUND('',#2360,.T.);
#1101=PLANE('',#2361);
#1102=FACE_OUTER_BOUND('',#2362,.T.);
#1103=CYLINDRICAL_SURFACE('',#2363,0.500000000000007);
#1104=FACE_OUTER_BOUND('',#2364,.T.);
#1105=PLANE('',#2365);
#1106=FACE_OUTER_BOUND('',#2366,.T.);
#1107=CYLINDRICAL_SURFACE('',#2367,0.5);
#1108=FACE_OUTER_BOUND('',#2368,.T.);
#1109=CYLINDRICAL_SURFACE('',#2369,0.3);
#1110=FACE_OUTER_BOUND('',#2370,.T.);
#1111=PLANE('',#2371);
#1112=FACE_OUTER_BOUND('',#2372,.T.);
#1113=PLANE('',#2373);
#1114=FACE_OUTER_BOUND('',#2374,.T.);
#1115=CYLINDRICAL_SURFACE('',#2375,0.300000000000001);
#1116=FACE_OUTER_BOUND('',#2376,.T.);
#1117=PLANE('',#2377);
#1118=FACE_OUTER_BOUND('',#2378,.T.);
#1119=CYLINDRICAL_SURFACE('',#2379,0.3);
#1120=FACE_OUTER_BOUND('',#2380,.T.);
#1121=PLANE('',#2381);
#1122=FACE_OUTER_BOUND('',#2382,.T.);
#1123=CYLINDRICAL_SURFACE('',#2383,0.299999999999989);
#1124=FACE_OUTER_BOUND('',#2384,.T.);
#1125=PLANE('',#2385);
#1126=FACE_OUTER_BOUND('',#2386,.T.);
#1127=PLANE('',#2387);
#1128=FACE_OUTER_BOUND('',#2388,.T.);
#1129=CYLINDRICAL_SURFACE('',#2389,0.750000000000056);
#1130=FACE_OUTER_BOUND('',#2390,.T.);
#1131=PLANE('',#2391);
#1132=FACE_OUTER_BOUND('',#2392,.T.);
#1133=CYLINDRICAL_SURFACE('',#2393,0.200000000000003);
#1134=FACE_OUTER_BOUND('',#2394,.T.);
#1135=PLANE('',#2395);
#1136=FACE_OUTER_BOUND('',#2396,.T.);
#1137=PLANE('',#2397);
#1138=FACE_OUTER_BOUND('',#2398,.T.);
#1139=PLANE('',#2399);
#1140=FACE_OUTER_BOUND('',#2400,.T.);
#1141=CYLINDRICAL_SURFACE('',#2401,0.200000000000001);
#1142=FACE_OUTER_BOUND('',#2402,.T.);
#1143=PLANE('',#2403);
#1144=FACE_OUTER_BOUND('',#2404,.T.);
#1145=PLANE('',#2405);
#1146=FACE_OUTER_BOUND('',#2406,.T.);
#1147=FACE_BOUND('',#2407,.T.);
#1148=PLANE('',#2408);
#1149=FACE_OUTER_BOUND('',#2409,.T.);
#1150=PLANE('',#2410);
#1151=FACE_OUTER_BOUND('',#2411,.T.);
#1152=PLANE('',#2412);
#1153=FACE_OUTER_BOUND('',#2413,.T.);
#1154=PLANE('',#2414);
#1155=FACE_OUTER_BOUND('',#2415,.T.);
#1156=PLANE('',#2416);
#1157=FACE_OUTER_BOUND('',#2417,.T.);
#1158=PLANE('',#2418);
#1159=FACE_OUTER_BOUND('',#2419,.T.);
#1160=PLANE('',#2420);
#1161=FACE_OUTER_BOUND('',#2421,.T.);
#1162=CYLINDRICAL_SURFACE('',#2422,2.6);
#1163=FACE_OUTER_BOUND('',#2423,.T.);
#1164=PLANE('',#2424);
#1165=FACE_OUTER_BOUND('',#2425,.T.);
#1166=PLANE('',#2426);
#1167=FACE_OUTER_BOUND('',#2427,.T.);
#1168=PLANE('',#2428);
#1169=FACE_OUTER_BOUND('',#2429,.T.);
#1170=FACE_BOUND('',#2430,.T.);
#1171=PLANE('',#2431);
#1172=FACE_OUTER_BOUND('',#2432,.T.);
#1173=CYLINDRICAL_SURFACE('',#2433,1.5);
#1174=FACE_OUTER_BOUND('',#2434,.T.);
#1175=PLANE('',#2435);
#1176=FACE_OUTER_BOUND('',#2436,.T.);
#1177=PLANE('',#2437);
#1178=FACE_OUTER_BOUND('',#2438,.T.);
#1179=PLANE('',#2439);
#1180=FACE_OUTER_BOUND('',#2440,.T.);
#1181=PLANE('',#2441);
#1182=FACE_OUTER_BOUND('',#2442,.T.);
#1183=CYLINDRICAL_SURFACE('',#2443,0.3);
#1184=FACE_OUTER_BOUND('',#2444,.T.);
#1185=CYLINDRICAL_SURFACE('',#2445,0.300000000000001);
#1186=FACE_OUTER_BOUND('',#2446,.T.);
#1187=PLANE('',#2447);
#1188=FACE_OUTER_BOUND('',#2448,.T.);
#1189=PLANE('',#2449);
#1190=FACE_OUTER_BOUND('',#2450,.T.);
#1191=PLANE('',#2451);
#1192=FACE_OUTER_BOUND('',#2452,.T.);
#1193=PLANE('',#2453);
#1194=FACE_OUTER_BOUND('',#2454,.T.);
#1195=PLANE('',#2455);
#1196=FACE_OUTER_BOUND('',#2456,.T.);
#1197=FACE_BOUND('',#2457,.T.);
#1198=PLANE('',#2458);
#1199=FACE_OUTER_BOUND('',#2459,.T.);
#1200=CONICAL_SURFACE('',#2460,1.51838117647059,0.785398163397448);
#1201=FACE_OUTER_BOUND('',#2461,.T.);
#1202=PLANE('',#2462);
#1203=FACE_OUTER_BOUND('',#2463,.T.);
#1204=CYLINDRICAL_SURFACE('',#2464,0.764999999999999);
#1205=FACE_OUTER_BOUND('',#2465,.T.);
#1206=PLANE('',#2466);
#1207=FACE_OUTER_BOUND('',#2467,.T.);
#1208=PLANE('',#2468);
#1209=FACE_OUTER_BOUND('',#2469,.T.);
#1210=PLANE('',#2470);
#1211=FACE_OUTER_BOUND('',#2471,.T.);
#1212=PLANE('',#2472);
#1213=FACE_OUTER_BOUND('',#2473,.T.);
#1214=PLANE('',#2474);
#1215=FACE_OUTER_BOUND('',#2475,.T.);
#1216=PLANE('',#2476);
#1217=FACE_OUTER_BOUND('',#2477,.T.);
#1218=PLANE('',#2478);
#1219=FACE_OUTER_BOUND('',#2479,.T.);
#1220=PLANE('',#2480);
#1221=FACE_OUTER_BOUND('',#2481,.T.);
#1222=CYLINDRICAL_SURFACE('',#2482,2.0);
#1223=FACE_OUTER_BOUND('',#2483,.T.);
#1224=FACE_BOUND('',#2484,.T.);
#1225=PLANE('',#2485);
#1226=FACE_OUTER_BOUND('',#2486,.T.);
#1227=PLANE('',#2487);
#1228=FACE_OUTER_BOUND('',#2488,.T.);
#1229=PLANE('',#2489);
#1230=FACE_OUTER_BOUND('',#2490,.T.);
#1231=PLANE('',#2491);
#1232=FACE_OUTER_BOUND('',#2492,.T.);
#1233=PLANE('',#2493);
#1234=FACE_OUTER_BOUND('',#2494,.T.);
#1235=PLANE('',#2495);
#1236=FACE_OUTER_BOUND('',#2496,.T.);
#1237=PLANE('',#2497);
#1238=FACE_OUTER_BOUND('',#2498,.T.);
#1239=PLANE('',#2499);
#1240=FACE_OUTER_BOUND('',#2500,.T.);
#1241=CYLINDRICAL_SURFACE('',#2501,2.9299999999993);
#1242=FACE_OUTER_BOUND('',#2502,.T.);
#1243=PLANE('',#2503);
#1244=FACE_OUTER_BOUND('',#2504,.T.);
#1245=CYLINDRICAL_SURFACE('',#2505,1.5);
#1246=FACE_OUTER_BOUND('',#2506,.T.);
#1247=PLANE('',#2507);
#1248=FACE_OUTER_BOUND('',#2508,.T.);
#1249=PLANE('',#2509);
#1250=FACE_OUTER_BOUND('',#2510,.T.);
#1251=PLANE('',#2511);
#1252=FACE_OUTER_BOUND('',#2512,.T.);
#1253=PLANE('',#2513);
#1254=FACE_OUTER_BOUND('',#2514,.T.);
#1255=PLANE('',#2515);
#1256=FACE_OUTER_BOUND('',#2516,.T.);
#1257=PLANE('',#2517);
#1258=FACE_OUTER_BOUND('',#2518,.T.);
#1259=PLANE('',#2519);
#1260=FACE_OUTER_BOUND('',#2520,.T.);
#1261=PLANE('',#2521);
#1262=FACE_OUTER_BOUND('',#2522,.T.);
#1263=PLANE('',#2523);
#1264=FACE_OUTER_BOUND('',#2524,.T.);
#1265=PLANE('',#2525);
#1266=FACE_OUTER_BOUND('',#2526,.T.);
#1267=PLANE('',#2527);
#1268=FACE_OUTER_BOUND('',#2528,.T.);
#1269=PLANE('',#2529);
#1270=FACE_OUTER_BOUND('',#2530,.T.);
#1271=PLANE('',#2531);
#1272=FACE_OUTER_BOUND('',#2532,.T.);
#1273=PLANE('',#2533);
#1274=FACE_OUTER_BOUND('',#2534,.T.);
#1275=PLANE('',#2535);
#1276=FACE_OUTER_BOUND('',#2536,.T.);
#1277=PLANE('',#2537);
#1278=FACE_OUTER_BOUND('',#2538,.T.);
#1279=PLANE('',#2539);
#1280=FACE_OUTER_BOUND('',#2540,.T.);
#1281=FACE_BOUND('',#2541,.T.);
#1282=FACE_BOUND('',#2542,.T.);
#1283=FACE_BOUND('',#2543,.T.);
#1284=FACE_BOUND('',#2544,.T.);
#1285=PLANE('',#2545);
#1286=FACE_OUTER_BOUND('',#2546,.T.);
#1287=PLANE('',#2547);
#1288=FACE_OUTER_BOUND('',#2548,.T.);
#1289=PLANE('',#2549);
#1290=FACE_OUTER_BOUND('',#2550,.T.);
#1291=PLANE('',#2551);
#1292=FACE_OUTER_BOUND('',#2552,.T.);
#1293=PLANE('',#2553);
#1294=FACE_OUTER_BOUND('',#2554,.T.);
#1295=PLANE('',#2555);
#1296=FACE_OUTER_BOUND('',#2556,.T.);
#1297=FACE_BOUND('',#2557,.T.);
#1298=FACE_BOUND('',#2558,.T.);
#1299=FACE_BOUND('',#2559,.T.);
#1300=FACE_BOUND('',#2560,.T.);
#1301=FACE_BOUND('',#2561,.T.);
#1302=FACE_BOUND('',#2562,.T.);
#1303=FACE_BOUND('',#2563,.T.);
#1304=FACE_BOUND('',#2564,.T.);
#1305=PLANE('',#2565);
#1306=FACE_OUTER_BOUND('',#2566,.T.);
#1307=PLANE('',#2567);
#1308=FACE_OUTER_BOUND('',#2568,.T.);
#1309=PLANE('',#2569);
#1310=FACE_OUTER_BOUND('',#2570,.T.);
#1311=PLANE('',#2571);
#1312=FACE_OUTER_BOUND('',#2572,.T.);
#1313=FACE_BOUND('',#2573,.T.);
#1314=PLANE('',#2574);
#1315=FACE_OUTER_BOUND('',#2575,.T.);
#1316=CYLINDRICAL_SURFACE('',#2576,0.199999999999995);
#1317=FACE_OUTER_BOUND('',#2577,.T.);
#1318=PLANE('',#2578);
#1319=FACE_OUTER_BOUND('',#2579,.T.);
#1320=PLANE('',#2580);
#1321=FACE_OUTER_BOUND('',#2581,.T.);
#1322=PLANE('',#2582);
#1323=FACE_OUTER_BOUND('',#2583,.T.);
#1324=PLANE('',#2584);
#1325=FACE_OUTER_BOUND('',#2585,.T.);
#1326=PLANE('',#2586);
#1327=FACE_OUTER_BOUND('',#2587,.T.);
#1328=PLANE('',#2588);
#1329=FACE_OUTER_BOUND('',#2589,.T.);
#1330=PLANE('',#2590);
#1331=FACE_OUTER_BOUND('',#2591,.T.);
#1332=PLANE('',#2592);
#1333=FACE_OUTER_BOUND('',#2593,.T.);
#1334=PLANE('',#2594);
#1335=FACE_OUTER_BOUND('',#2595,.T.);
#1336=PLANE('',#2596);
#1337=FACE_OUTER_BOUND('',#2597,.T.);
#1338=PLANE('',#2598);
#1339=FACE_OUTER_BOUND('',#2599,.T.);
#1340=PLANE('',#2600);
#1341=FACE_OUTER_BOUND('',#2601,.T.);
#1342=PLANE('',#2602);
#1343=FACE_OUTER_BOUND('',#2603,.T.);
#1344=PLANE('',#2604);
#1345=FACE_OUTER_BOUND('',#2605,.T.);
#1346=PLANE('',#2606);
#1347=FACE_OUTER_BOUND('',#2607,.T.);
#1348=PLANE('',#2608);
#1349=FACE_OUTER_BOUND('',#2609,.T.);
#1350=PLANE('',#2610);
#1351=FACE_OUTER_BOUND('',#2611,.T.);
#1352=PLANE('',#2612);
#1353=FACE_OUTER_BOUND('',#2613,.T.);
#1354=PLANE('',#2614);
#1355=FACE_OUTER_BOUND('',#2615,.T.);
#1356=PLANE('',#2616);
#1357=FACE_OUTER_BOUND('',#2617,.T.);
#1358=PLANE('',#2618);
#1359=FACE_OUTER_BOUND('',#2619,.T.);
#1360=PLANE('',#2620);
#1361=FACE_OUTER_BOUND('',#2621,.T.);
#1362=PLANE('',#2622);
#1363=FACE_OUTER_BOUND('',#2623,.T.);
#1364=PLANE('',#2624);
#1365=FACE_OUTER_BOUND('',#2625,.T.);
#1366=PLANE('',#2626);
#1367=FACE_OUTER_BOUND('',#2627,.T.);
#1368=PLANE('',#2628);
#1369=FACE_OUTER_BOUND('',#2629,.T.);
#1370=PLANE('',#2630);
#1371=FACE_OUTER_BOUND('',#2631,.T.);
#1372=CYLINDRICAL_SURFACE('',#2632,2.0);
#1373=FACE_OUTER_BOUND('',#2633,.T.);
#1374=PLANE('',#2634);
#1375=FACE_OUTER_BOUND('',#2635,.T.);
#1376=PLANE('',#2636);
#1377=FACE_OUTER_BOUND('',#2637,.T.);
#1378=PLANE('',#2638);
#1379=FACE_OUTER_BOUND('',#2639,.T.);
#1380=PLANE('',#2640);
#1381=FACE_OUTER_BOUND('',#2641,.T.);
#1382=PLANE('',#2642);
#1383=FACE_OUTER_BOUND('',#2643,.T.);
#1384=PLANE('',#2644);
#1385=FACE_OUTER_BOUND('',#2645,.T.);
#1386=CYLINDRICAL_SURFACE('',#2646,0.600000000000013);
#1387=FACE_OUTER_BOUND('',#2647,.T.);
#1388=PLANE('',#2648);
#1389=FACE_OUTER_BOUND('',#2649,.T.);
#1390=PLANE('',#2650);
#1391=FACE_OUTER_BOUND('',#2651,.T.);
#1392=PLANE('',#2652);
#1393=FACE_OUTER_BOUND('',#2653,.T.);
#1394=PLANE('',#2654);
#1395=FACE_OUTER_BOUND('',#2655,.T.);
#1396=PLANE('',#2656);
#1397=FACE_OUTER_BOUND('',#2657,.T.);
#1398=PLANE('',#2658);
#1399=FACE_OUTER_BOUND('',#2659,.T.);
#1400=PLANE('',#2660);
#1401=FACE_OUTER_BOUND('',#2661,.T.);
#1402=PLANE('',#2662);
#1403=FACE_OUTER_BOUND('',#2663,.T.);
#1404=PLANE('',#2664);
#1405=FACE_OUTER_BOUND('',#2665,.T.);
#1406=PLANE('',#2666);
#1407=FACE_OUTER_BOUND('',#2667,.T.);
#1408=PLANE('',#2668);
#1409=FACE_OUTER_BOUND('',#2669,.T.);
#1410=PLANE('',#2670);
#1411=FACE_OUTER_BOUND('',#2671,.T.);
#1412=PLANE('',#2672);
#1413=FACE_OUTER_BOUND('',#2673,.T.);
#1414=PLANE('',#2674);
#1415=FACE_OUTER_BOUND('',#2675,.T.);
#1416=PLANE('',#2676);
#1417=FACE_OUTER_BOUND('',#2677,.T.);
#1418=PLANE('',#2678);
#1419=FACE_OUTER_BOUND('',#2679,.T.);
#1420=PLANE('',#2680);
#1421=FACE_OUTER_BOUND('',#2681,.T.);
#1422=PLANE('',#2682);
#1423=FACE_OUTER_BOUND('',#2683,.T.);
#1424=PLANE('',#2684);
#1425=FACE_OUTER_BOUND('',#2685,.T.);
#1426=PLANE('',#2686);
#1427=FACE_OUTER_BOUND('',#2687,.T.);
#1428=PLANE('',#2688);
#1429=FACE_OUTER_BOUND('',#2689,.T.);
#1430=PLANE('',#2690);
#1431=FACE_OUTER_BOUND('',#2691,.T.);
#1432=PLANE('',#2692);
#1433=FACE_OUTER_BOUND('',#2693,.T.);
#1434=PLANE('',#2694);
#1435=FACE_OUTER_BOUND('',#2695,.T.);
#1436=PLANE('',#2696);
#1437=FACE_OUTER_BOUND('',#2697,.T.);
#1438=PLANE('',#2698);
#1439=FACE_OUTER_BOUND('',#2699,.T.);
#1440=PLANE('',#2700);
#1441=FACE_OUTER_BOUND('',#2701,.T.);
#1442=PLANE('',#2702);
#1443=FACE_OUTER_BOUND('',#2703,.T.);
#1444=PLANE('',#2704);
#1445=FACE_OUTER_BOUND('',#2705,.T.);
#1446=PLANE('',#2706);
#1447=FACE_OUTER_BOUND('',#2707,.T.);
#1448=PLANE('',#2708);
#1449=FACE_OUTER_BOUND('',#2709,.T.);
#1450=PLANE('',#2710);
#1451=FACE_OUTER_BOUND('',#2711,.T.);
#1452=PLANE('',#2712);
#1453=FACE_OUTER_BOUND('',#2713,.T.);
#1454=PLANE('',#2714);
#1455=FACE_OUTER_BOUND('',#2715,.T.);
#1456=CYLINDRICAL_SURFACE('',#2716,0.818323486672228);
#1457=FACE_OUTER_BOUND('',#2717,.T.);
#1458=PLANE('',#2718);
#1459=FACE_OUTER_BOUND('',#2719,.T.);
#1460=PLANE('',#2720);
#1461=FACE_OUTER_BOUND('',#2721,.T.);
#1462=PLANE('',#2722);
#1463=FACE_OUTER_BOUND('',#2723,.T.);
#1464=CYLINDRICAL_SURFACE('',#2724,2.59999999999996);
#1465=FACE_OUTER_BOUND('',#2725,.T.);
#1466=PLANE('',#2726);
#1467=FACE_OUTER_BOUND('',#2727,.T.);
#1468=FACE_BOUND('',#2728,.T.);
#1469=FACE_BOUND('',#2729,.T.);
#1470=PLANE('',#2730);
#1471=FACE_OUTER_BOUND('',#2731,.T.);
#1472=PLANE('',#2732);
#1473=FACE_OUTER_BOUND('',#2733,.T.);
#1474=CYLINDRICAL_SURFACE('',#2734,0.129999999999997);
#1475=FACE_OUTER_BOUND('',#2735,.T.);
#1476=PLANE('',#2736);
#1477=FACE_OUTER_BOUND('',#2737,.T.);
#1478=CYLINDRICAL_SURFACE('',#2738,0.376458155330835);
#1479=FACE_OUTER_BOUND('',#2739,.T.);
#1480=PLANE('',#2740);
#1481=FACE_OUTER_BOUND('',#2741,.T.);
#1482=PLANE('',#2742);
#1483=FACE_OUTER_BOUND('',#2743,.T.);
#1484=PLANE('',#2744);
#1485=FACE_OUTER_BOUND('',#2745,.T.);
#1486=PLANE('',#2746);
#1487=FACE_OUTER_BOUND('',#2747,.T.);
#1488=PLANE('',#2748);
#1489=FACE_OUTER_BOUND('',#2749,.T.);
#1490=PLANE('',#2750);
#1491=FACE_OUTER_BOUND('',#2751,.T.);
#1492=PLANE('',#2752);
#1493=FACE_OUTER_BOUND('',#2753,.T.);
#1494=PLANE('',#2754);
#1495=FACE_OUTER_BOUND('',#2755,.T.);
#1496=PLANE('',#2756);
#1497=FACE_OUTER_BOUND('',#2757,.T.);
#1498=PLANE('',#2758);
#1499=FACE_OUTER_BOUND('',#2759,.T.);
#1500=PLANE('',#2760);
#1501=FACE_OUTER_BOUND('',#2761,.T.);
#1502=PLANE('',#2762);
#1503=FACE_OUTER_BOUND('',#2763,.T.);
#1504=PLANE('',#2764);
#1505=FACE_OUTER_BOUND('',#2765,.T.);
#1506=PLANE('',#2766);
#1507=FACE_OUTER_BOUND('',#2767,.T.);
#1508=PLANE('',#2768);
#1509=FACE_OUTER_BOUND('',#2769,.T.);
#1510=PLANE('',#2770);
#1511=FACE_OUTER_BOUND('',#2771,.T.);
#1512=PLANE('',#2772);
#1513=FACE_OUTER_BOUND('',#2773,.T.);
#1514=CYLINDRICAL_SURFACE('',#2774,0.199999999999976);
#1515=FACE_OUTER_BOUND('',#2775,.T.);
#1516=PLANE('',#2776);
#1517=FACE_OUTER_BOUND('',#2777,.T.);
#1518=FACE_BOUND('',#2778,.T.);
#1519=FACE_BOUND('',#2779,.T.);
#1520=PLANE('',#2780);
#1521=FACE_OUTER_BOUND('',#2781,.T.);
#1522=PLANE('',#2782);
#1523=FACE_OUTER_BOUND('',#2783,.T.);
#1524=PLANE('',#2784);
#1525=FACE_OUTER_BOUND('',#2785,.T.);
#1526=PLANE('',#2786);
#1527=FACE_OUTER_BOUND('',#2787,.T.);
#1528=CYLINDRICAL_SURFACE('',#2788,0.190090814031194);
#1529=FACE_OUTER_BOUND('',#2789,.T.);
#1530=PLANE('',#2790);
#1531=FACE_OUTER_BOUND('',#2791,.T.);
#1532=PLANE('',#2792);
#1533=FACE_OUTER_BOUND('',#2793,.T.);
#1534=PLANE('',#2794);
#1535=FACE_OUTER_BOUND('',#2795,.T.);
#1536=PLANE('',#2796);
#1537=FACE_OUTER_BOUND('',#2797,.T.);
#1538=PLANE('',#2798);
#1539=FACE_OUTER_BOUND('',#2799,.T.);
#1540=PLANE('',#2800);
#1541=FACE_OUTER_BOUND('',#2801,.T.);
#1542=PLANE('',#2802);
#1543=FACE_OUTER_BOUND('',#2803,.T.);
#1544=PLANE('',#2804);
#1545=FACE_OUTER_BOUND('',#2805,.T.);
#1546=PLANE('',#2806);
#1547=FACE_OUTER_BOUND('',#2807,.T.);
#1548=PLANE('',#2808);
#1549=FACE_OUTER_BOUND('',#2809,.T.);
#1550=PLANE('',#2810);
#1551=FACE_OUTER_BOUND('',#2811,.T.);
#1552=CYLINDRICAL_SURFACE('',#2812,0.129999999999995);
#1553=FACE_OUTER_BOUND('',#2813,.T.);
#1554=PLANE('',#2814);
#1555=FACE_OUTER_BOUND('',#2815,.T.);
#1556=CYLINDRICAL_SURFACE('',#2816,0.175000000000006);
#1557=FACE_OUTER_BOUND('',#2817,.T.);
#1558=CYLINDRICAL_SURFACE('',#2818,0.129999999999967);
#1559=FACE_OUTER_BOUND('',#2819,.T.);
#1560=PLANE('',#2820);
#1561=FACE_OUTER_BOUND('',#2821,.T.);
#1562=FACE_BOUND('',#2822,.T.);
#1563=PLANE('',#2823);
#1564=FACE_OUTER_BOUND('',#2824,.T.);
#1565=PLANE('',#2825);
#1566=FACE_OUTER_BOUND('',#2826,.T.);
#1567=PLANE('',#2827);
#1568=FACE_OUTER_BOUND('',#2828,.T.);
#1569=PLANE('',#2829);
#1570=FACE_OUTER_BOUND('',#2830,.T.);
#1571=PLANE('',#2831);
#1572=FACE_OUTER_BOUND('',#2832,.T.);
#1573=PLANE('',#2833);
#1574=FACE_OUTER_BOUND('',#2834,.T.);
#1575=PLANE('',#2835);
#1576=FACE_OUTER_BOUND('',#2836,.T.);
#1577=PLANE('',#2837);
#1578=FACE_OUTER_BOUND('',#2838,.T.);
#1579=PLANE('',#2839);
#1580=FACE_OUTER_BOUND('',#2840,.T.);
#1581=PLANE('',#2841);
#1582=FACE_OUTER_BOUND('',#2842,.T.);
#1583=PLANE('',#2843);
#1584=FACE_OUTER_BOUND('',#2844,.T.);
#1585=PLANE('',#2845);
#1586=FACE_OUTER_BOUND('',#2846,.T.);
#1587=PLANE('',#2847);
#1588=FACE_OUTER_BOUND('',#2848,.T.);
#1589=PLANE('',#2849);
#1590=FACE_OUTER_BOUND('',#2850,.T.);
#1591=PLANE('',#2851);
#1592=FACE_OUTER_BOUND('',#2852,.T.);
#1593=PLANE('',#2853);
#1594=FACE_OUTER_BOUND('',#2854,.T.);
#1595=PLANE('',#2855);
#1596=FACE_OUTER_BOUND('',#2856,.T.);
#1597=PLANE('',#2857);
#1598=FACE_OUTER_BOUND('',#2858,.T.);
#1599=PLANE('',#2859);
#1600=FACE_OUTER_BOUND('',#2860,.T.);
#1601=PLANE('',#2861);
#1602=FACE_OUTER_BOUND('',#2862,.T.);
#1603=PLANE('',#2863);
#1604=FACE_OUTER_BOUND('',#2864,.T.);
#1605=PLANE('',#2865);
#1606=FACE_OUTER_BOUND('',#2866,.T.);
#1607=PLANE('',#2867);
#1608=FACE_OUTER_BOUND('',#2868,.T.);
#1609=PLANE('',#2869);
#1610=FACE_OUTER_BOUND('',#2870,.T.);
#1611=PLANE('',#2871);
#1612=FACE_OUTER_BOUND('',#2872,.T.);
#1613=PLANE('',#2873);
#1614=FACE_OUTER_BOUND('',#2874,.T.);
#1615=PLANE('',#2875);
#1616=FACE_OUTER_BOUND('',#2876,.T.);
#1617=PLANE('',#2877);
#1618=FACE_OUTER_BOUND('',#2878,.T.);
#1619=FACE_BOUND('',#2879,.T.);
#1620=PLANE('',#2880);
#1621=FACE_OUTER_BOUND('',#2881,.T.);
#1622=PLANE('',#2882);
#1623=FACE_OUTER_BOUND('',#2883,.T.);
#1624=PLANE('',#2884);
#1625=FACE_OUTER_BOUND('',#2885,.T.);
#1626=PLANE('',#2886);
#1627=FACE_OUTER_BOUND('',#2887,.T.);
#1628=PLANE('',#2888);
#1629=FACE_OUTER_BOUND('',#2889,.T.);
#1630=PLANE('',#2890);
#1631=FACE_OUTER_BOUND('',#2891,.T.);
#1632=PLANE('',#2892);
#1633=FACE_OUTER_BOUND('',#2893,.T.);
#1634=PLANE('',#2894);
#1635=FACE_OUTER_BOUND('',#2895,.T.);
#1636=PLANE('',#2896);
#1637=FACE_OUTER_BOUND('',#2897,.T.);
#1638=PLANE('',#2898);
#1639=FACE_OUTER_BOUND('',#2899,.T.);
#1640=PLANE('',#2900);
#1641=FACE_OUTER_BOUND('',#2901,.T.);
#1642=PLANE('',#2902);
#1643=FACE_OUTER_BOUND('',#2903,.T.);
#1644=PLANE('',#2904);
#1645=FACE_OUTER_BOUND('',#2905,.T.);
#1646=PLANE('',#2906);
#1647=FACE_OUTER_BOUND('',#2907,.T.);
#1648=PLANE('',#2908);
#1649=FACE_OUTER_BOUND('',#2909,.T.);
#1650=CYLINDRICAL_SURFACE('',#2910,2.9299999999993);
#1651=FACE_OUTER_BOUND('',#2911,.T.);
#1652=PLANE('',#2912);
#1653=FACE_OUTER_BOUND('',#2913,.T.);
#1654=PLANE('',#2914);
#1655=FACE_OUTER_BOUND('',#2915,.T.);
#1656=PLANE('',#2916);
#1657=FACE_OUTER_BOUND('',#2917,.T.);
#1658=PLANE('',#2918);
#1659=FACE_OUTER_BOUND('',#2919,.T.);
#1660=PLANE('',#2920);
#1661=FACE_OUTER_BOUND('',#2921,.T.);
#1662=PLANE('',#2922);
#1663=FACE_OUTER_BOUND('',#2923,.T.);
#1664=CYLINDRICAL_SURFACE('',#2924,0.765);
#1665=FACE_OUTER_BOUND('',#2925,.T.);
#1666=CONICAL_SURFACE('',#2926,1.51838117647059,0.785398163397448);
#1667=FACE_OUTER_BOUND('',#2927,.T.);
#1668=CYLINDRICAL_SURFACE('',#2928,1.5);
#1669=FACE_OUTER_BOUND('',#2929,.T.);
#1670=PLANE('',#2930);
#1671=FACE_OUTER_BOUND('',#2931,.T.);
#1672=PLANE('',#2932);
#1673=FACE_OUTER_BOUND('',#2933,.T.);
#1674=PLANE('',#2934);
#1675=FACE_OUTER_BOUND('',#2935,.T.);
#1676=PLANE('',#2936);
#1677=FACE_OUTER_BOUND('',#2937,.T.);
#1678=PLANE('',#2938);
#1679=FACE_OUTER_BOUND('',#2939,.T.);
#1680=PLANE('',#2940);
#1681=FACE_OUTER_BOUND('',#2941,.T.);
#1682=PLANE('',#2942);
#1683=FACE_OUTER_BOUND('',#2943,.T.);
#1684=PLANE('',#2944);
#1685=FACE_OUTER_BOUND('',#2945,.T.);
#1686=PLANE('',#2946);
#1687=FACE_OUTER_BOUND('',#2947,.T.);
#1688=PLANE('',#2948);
#1689=FACE_OUTER_BOUND('',#2949,.T.);
#1690=PLANE('',#2950);
#1691=FACE_OUTER_BOUND('',#2951,.T.);
#1692=PLANE('',#2952);
#1693=FACE_OUTER_BOUND('',#2953,.T.);
#1694=PLANE('',#2954);
#1695=FACE_OUTER_BOUND('',#2955,.T.);
#1696=CYLINDRICAL_SURFACE('',#2956,0.199999999999865);
#1697=FACE_OUTER_BOUND('',#2957,.T.);
#1698=PLANE('',#2958);
#1699=FACE_OUTER_BOUND('',#2959,.T.);
#1700=PLANE('',#2960);
#1701=FACE_OUTER_BOUND('',#2961,.T.);
#1702=PLANE('',#2962);
#1703=FACE_OUTER_BOUND('',#2963,.T.);
#1704=PLANE('',#2964);
#1705=FACE_OUTER_BOUND('',#2965,.T.);
#1706=PLANE('',#2966);
#1707=FACE_OUTER_BOUND('',#2967,.T.);
#1708=PLANE('',#2968);
#1709=FACE_OUTER_BOUND('',#2969,.T.);
#1710=PLANE('',#2970);
#1711=FACE_OUTER_BOUND('',#2971,.T.);
#1712=PLANE('',#2972);
#1713=FACE_OUTER_BOUND('',#2973,.T.);
#1714=PLANE('',#2974);
#1715=FACE_OUTER_BOUND('',#2975,.T.);
#1716=PLANE('',#2976);
#1717=FACE_OUTER_BOUND('',#2977,.T.);
#1718=PLANE('',#2978);
#1719=FACE_OUTER_BOUND('',#2979,.T.);
#1720=PLANE('',#2980);
#1721=FACE_OUTER_BOUND('',#2981,.T.);
#1722=PLANE('',#2982);
#1723=FACE_OUTER_BOUND('',#2983,.T.);
#1724=PLANE('',#2984);
#1725=FACE_OUTER_BOUND('',#2985,.T.);
#1726=PLANE('',#2986);
#1727=FACE_OUTER_BOUND('',#2987,.T.);
#1728=PLANE('',#2988);
#1729=FACE_OUTER_BOUND('',#2989,.T.);
#1730=PLANE('',#2990);
#1731=FACE_OUTER_BOUND('',#2991,.T.);
#1732=PLANE('',#2992);
#1733=FACE_OUTER_BOUND('',#2993,.T.);
#1734=PLANE('',#2994);
#1735=FACE_OUTER_BOUND('',#2995,.T.);
#1736=PLANE('',#2996);
#1737=FACE_OUTER_BOUND('',#2997,.T.);
#1738=PLANE('',#2998);
#1739=FACE_OUTER_BOUND('',#2999,.T.);
#1740=PLANE('',#3000);
#1741=FACE_OUTER_BOUND('',#3001,.T.);
#1742=FACE_BOUND('',#3002,.T.);
#1743=FACE_BOUND('',#3003,.T.);
#1744=PLANE('',#3004);
#1745=FACE_OUTER_BOUND('',#3005,.T.);
#1746=PLANE('',#3006);
#1747=FACE_OUTER_BOUND('',#3007,.T.);
#1748=PLANE('',#3008);
#1749=FACE_OUTER_BOUND('',#3009,.T.);
#1750=PLANE('',#3010);
#1751=FACE_OUTER_BOUND('',#3011,.T.);
#1752=PLANE('',#3012);
#1753=FACE_OUTER_BOUND('',#3013,.T.);
#1754=PLANE('',#3014);
#1755=FACE_OUTER_BOUND('',#3015,.T.);
#1756=PLANE('',#3016);
#1757=FACE_OUTER_BOUND('',#3017,.T.);
#1758=PLANE('',#3018);
#1759=FACE_OUTER_BOUND('',#3019,.T.);
#1760=PLANE('',#3020);
#1761=FACE_OUTER_BOUND('',#3021,.T.);
#1762=PLANE('',#3022);
#1763=FACE_OUTER_BOUND('',#3023,.T.);
#1764=PLANE('',#3024);
#1765=FACE_OUTER_BOUND('',#3025,.T.);
#1766=PLANE('',#3026);
#1767=FACE_OUTER_BOUND('',#3027,.T.);
#1768=PLANE('',#3028);
#1769=FACE_OUTER_BOUND('',#3029,.T.);
#1770=PLANE('',#3030);
#1771=FACE_OUTER_BOUND('',#3031,.T.);
#1772=PLANE('',#3032);
#1773=FACE_OUTER_BOUND('',#3033,.T.);
#1774=PLANE('',#3034);
#1775=FACE_OUTER_BOUND('',#3035,.T.);
#1776=PLANE('',#3036);
#1777=FACE_OUTER_BOUND('',#3037,.T.);
#1778=PLANE('',#3038);
#1779=FACE_OUTER_BOUND('',#3039,.T.);
#1780=PLANE('',#3040);
#1781=FACE_OUTER_BOUND('',#3041,.T.);
#1782=PLANE('',#3042);
#1783=FACE_OUTER_BOUND('',#3043,.T.);
#1784=PLANE('',#3044);
#1785=FACE_OUTER_BOUND('',#3045,.T.);
#1786=PLANE('',#3046);
#1787=FACE_OUTER_BOUND('',#3047,.T.);
#1788=PLANE('',#3048);
#1789=FACE_OUTER_BOUND('',#3049,.T.);
#1790=PLANE('',#3050);
#1791=FACE_OUTER_BOUND('',#3051,.T.);
#1792=PLANE('',#3052);
#1793=FACE_OUTER_BOUND('',#3053,.T.);
#1794=PLANE('',#3054);
#1795=FACE_OUTER_BOUND('',#3055,.T.);
#1796=PLANE('',#3056);
#1797=FACE_OUTER_BOUND('',#3057,.T.);
#1798=PLANE('',#3058);
#1799=FACE_OUTER_BOUND('',#3059,.T.);
#1800=PLANE('',#3060);
#1801=FACE_OUTER_BOUND('',#3061,.T.);
#1802=PLANE('',#3062);
#1803=FACE_OUTER_BOUND('',#3063,.T.);
#1804=PLANE('',#3064);
#1805=FACE_OUTER_BOUND('',#3065,.T.);
#1806=PLANE('',#3066);
#1807=FACE_OUTER_BOUND('',#3067,.T.);
#1808=PLANE('',#3068);
#1809=FACE_OUTER_BOUND('',#3069,.T.);
#1810=PLANE('',#3070);
#1811=FACE_OUTER_BOUND('',#3071,.T.);
#1812=PLANE('',#3072);
#1813=FACE_OUTER_BOUND('',#3073,.T.);
#1814=PLANE('',#3074);
#1815=FACE_OUTER_BOUND('',#3075,.T.);
#1816=PLANE('',#3076);
#1817=FACE_OUTER_BOUND('',#3077,.T.);
#1818=PLANE('',#3078);
#1819=FACE_OUTER_BOUND('',#3079,.T.);
#1820=PLANE('',#3080);
#1821=FACE_OUTER_BOUND('',#3081,.T.);
#1822=CYLINDRICAL_SURFACE('',#3082,0.500000000000002);
#1823=FACE_OUTER_BOUND('',#3083,.T.);
#1824=CYLINDRICAL_SURFACE('',#3084,0.376458155330881);
#1825=FACE_OUTER_BOUND('',#3085,.T.);
#1826=PLANE('',#3086);
#1827=FACE_OUTER_BOUND('',#3087,.T.);
#1828=PLANE('',#3088);
#1829=FACE_OUTER_BOUND('',#3089,.T.);
#1830=PLANE('',#3090);
#1831=FACE_OUTER_BOUND('',#3091,.T.);
#1832=PLANE('',#3092);
#1833=FACE_OUTER_BOUND('',#3093,.T.);
#1834=PLANE('',#3094);
#1835=FACE_OUTER_BOUND('',#3095,.T.);
#1836=CYLINDRICAL_SURFACE('',#3096,0.129999999999997);
#1837=FACE_OUTER_BOUND('',#3097,.T.);
#1838=PLANE('',#3098);
#1839=FACE_OUTER_BOUND('',#3099,.T.);
#1840=PLANE('',#3100);
#1841=FACE_OUTER_BOUND('',#3101,.T.);
#1842=PLANE('',#3102);
#1843=FACE_OUTER_BOUND('',#3103,.T.);
#1844=PLANE('',#3104);
#1845=FACE_OUTER_BOUND('',#3105,.T.);
#1846=CYLINDRICAL_SURFACE('',#3106,0.17499999999999);
#1847=FACE_OUTER_BOUND('',#3107,.T.);
#1848=PLANE('',#3108);
#1849=FACE_OUTER_BOUND('',#3109,.T.);
#1850=CYLINDRICAL_SURFACE('',#3110,0.174999999999997);
#1851=FACE_OUTER_BOUND('',#3111,.T.);
#1852=PLANE('',#3112);
#1853=FACE_OUTER_BOUND('',#3113,.T.);
#1854=CYLINDRICAL_SURFACE('',#3114,0.174999999999991);
#1855=FACE_OUTER_BOUND('',#3115,.T.);
#1856=PLANE('',#3116);
#1857=FACE_OUTER_BOUND('',#3117,.T.);
#1858=PLANE('',#3118);
#1859=FACE_OUTER_BOUND('',#3119,.T.);
#1860=PLANE('',#3120);
#1861=FACE_OUTER_BOUND('',#3121,.T.);
#1862=PLANE('',#3122);
#1863=FACE_OUTER_BOUND('',#3123,.T.);
#1864=PLANE('',#3124);
#1865=FACE_OUTER_BOUND('',#3125,.T.);
#1866=PLANE('',#3126);
#1867=FACE_OUTER_BOUND('',#3127,.T.);
#1868=PLANE('',#3128);
#1869=FACE_OUTER_BOUND('',#3129,.T.);
#1870=PLANE('',#3130);
#1871=FACE_OUTER_BOUND('',#3131,.T.);
#1872=PLANE('',#3132);
#1873=FACE_OUTER_BOUND('',#3133,.T.);
#1874=FACE_BOUND('',#3134,.T.);
#1875=FACE_BOUND('',#3135,.T.);
#1876=PLANE('',#3136);
#1877=FACE_OUTER_BOUND('',#3137,.T.);
#1878=PLANE('',#3138);
#1879=FACE_OUTER_BOUND('',#3139,.T.);
#1880=PLANE('',#3140);
#1881=FACE_OUTER_BOUND('',#3141,.T.);
#1882=PLANE('',#3142);
#1883=FACE_OUTER_BOUND('',#3143,.T.);
#1884=FACE_BOUND('',#3144,.T.);
#1885=PLANE('',#3145);
#1886=FACE_OUTER_BOUND('',#3146,.T.);
#1887=PLANE('',#3147);
#1888=FACE_OUTER_BOUND('',#3148,.T.);
#1889=PLANE('',#3149);
#1890=FACE_OUTER_BOUND('',#3150,.T.);
#1891=PLANE('',#3151);
#1892=FACE_OUTER_BOUND('',#3152,.T.);
#1893=PLANE('',#3153);
#1894=FACE_OUTER_BOUND('',#3154,.T.);
#1895=PLANE('',#3155);
#1896=FACE_OUTER_BOUND('',#3156,.T.);
#1897=PLANE('',#3157);
#1898=FACE_OUTER_BOUND('',#3158,.T.);
#1899=PLANE('',#3159);
#1900=FACE_OUTER_BOUND('',#3160,.T.);
#1901=PLANE('',#3161);
#1902=FACE_OUTER_BOUND('',#3162,.T.);
#1903=PLANE('',#3163);
#1904=FACE_OUTER_BOUND('',#3164,.T.);
#1905=PLANE('',#3165);
#1906=FACE_OUTER_BOUND('',#3166,.T.);
#1907=PLANE('',#3167);
#1908=FACE_OUTER_BOUND('',#3168,.T.);
#1909=PLANE('',#3169);
#1910=FACE_OUTER_BOUND('',#3170,.T.);
#1911=PLANE('',#3171);
#1912=FACE_OUTER_BOUND('',#3172,.T.);
#1913=PLANE('',#3173);
#1914=FACE_OUTER_BOUND('',#3174,.T.);
#1915=PLANE('',#3175);
#1916=FACE_OUTER_BOUND('',#3176,.T.);
#1917=PLANE('',#3177);
#1918=FACE_OUTER_BOUND('',#3178,.T.);
#1919=PLANE('',#3179);
#1920=FACE_OUTER_BOUND('',#3180,.T.);
#1921=PLANE('',#3181);
#1922=FACE_OUTER_BOUND('',#3182,.T.);
#1923=PLANE('',#3183);
#1924=FACE_OUTER_BOUND('',#3184,.T.);
#1925=PLANE('',#3185);
#1926=FACE_OUTER_BOUND('',#3186,.T.);
#1927=PLANE('',#3187);
#1928=FACE_OUTER_BOUND('',#3188,.T.);
#1929=PLANE('',#3189);
#1930=FACE_OUTER_BOUND('',#3190,.T.);
#1931=PLANE('',#3191);
#1932=FACE_OUTER_BOUND('',#3192,.T.);
#1933=PLANE('',#3193);
#1934=FACE_OUTER_BOUND('',#3194,.T.);
#1935=PLANE('',#3195);
#1936=FACE_OUTER_BOUND('',#3196,.T.);
#1937=PLANE('',#3197);
#1938=FACE_OUTER_BOUND('',#3198,.T.);
#1939=PLANE('',#3199);
#1940=FACE_OUTER_BOUND('',#3200,.T.);
#1941=PLANE('',#3201);
#1942=FACE_OUTER_BOUND('',#3202,.T.);
#1943=PLANE('',#3203);
#1944=FACE_OUTER_BOUND('',#3204,.T.);
#1945=PLANE('',#3205);
#1946=FACE_OUTER_BOUND('',#3206,.T.);
#1947=PLANE('',#3207);
#1948=FACE_OUTER_BOUND('',#3208,.T.);
#1949=PLANE('',#3209);
#1950=FACE_OUTER_BOUND('',#3210,.T.);
#1951=PLANE('',#3211);
#1952=FACE_OUTER_BOUND('',#3212,.T.);
#1953=CYLINDRICAL_SURFACE('',#3213,0.499999999999988);
#1954=FACE_OUTER_BOUND('',#3214,.T.);
#1955=PLANE('',#3215);
#1956=FACE_OUTER_BOUND('',#3216,.T.);
#1957=CYLINDRICAL_SURFACE('',#3217,0.499999999999997);
#1958=FACE_OUTER_BOUND('',#3218,.T.);
#1959=PLANE('',#3219);
#1960=FACE_OUTER_BOUND('',#3220,.T.);
#1961=CYLINDRICAL_SURFACE('',#3221,0.500000000000003);
#1962=FACE_OUTER_BOUND('',#3222,.T.);
#1963=PLANE('',#3223);
#1964=FACE_OUTER_BOUND('',#3224,.T.);
#1965=PLANE('',#3225);
#1966=FACE_OUTER_BOUND('',#3226,.T.);
#1967=PLANE('',#3227);
#1968=FACE_OUTER_BOUND('',#3228,.T.);
#1969=FACE_BOUND('',#3229,.T.);
#1970=FACE_BOUND('',#3230,.T.);
#1971=FACE_BOUND('',#3231,.T.);
#1972=PLANE('',#3232);
#1973=FACE_OUTER_BOUND('',#3233,.T.);
#1974=PLANE('',#3234);
#1975=FACE_OUTER_BOUND('',#3235,.T.);
#1976=PLANE('',#3236);
#1977=FACE_OUTER_BOUND('',#3237,.T.);
#1978=PLANE('',#3238);
#1979=FACE_OUTER_BOUND('',#3239,.T.);
#1980=PLANE('',#3240);
#1981=FACE_OUTER_BOUND('',#3241,.T.);
#1982=PLANE('',#3242);
#1983=FACE_OUTER_BOUND('',#3243,.T.);
#1984=PLANE('',#3244);
#1985=FACE_OUTER_BOUND('',#3245,.T.);
#1986=PLANE('',#3246);
#1987=FACE_OUTER_BOUND('',#3247,.T.);
#1988=PLANE('',#3248);
#1989=FACE_OUTER_BOUND('',#3249,.T.);
#1990=CYLINDRICAL_SURFACE('',#3250,0.190090814031198);
#1991=FACE_OUTER_BOUND('',#3251,.T.);
#1992=CYLINDRICAL_SURFACE('',#3252,1.5);
#1993=EDGE_LOOP('',(#3253,#3254,#3255,#3256));
#1994=AXIS2_PLACEMENT_3D('',#3257,#3258,#3259);
#1995=EDGE_LOOP('',(#3260,#3261,#3262,#3263));
#1996=AXIS2_PLACEMENT_3D('',#3264,#3265,#3266);
#1997=EDGE_LOOP('',(#3267,#3268,#3269,#3270));
#1998=AXIS2_PLACEMENT_3D('',#3271,#3272,#3273);
#1999=EDGE_LOOP('',(#3274,#3275,#3276,#3277));
#2000=AXIS2_PLACEMENT_3D('',#3278,#3279,#3280);
#2001=EDGE_LOOP('',(#3281,#3282,#3283,#3284));
#2002=EDGE_LOOP('',(#3285,#3286,#3287,#3288));
#2003=AXIS2_PLACEMENT_3D('',#3289,#3290,#3291);
#2004=EDGE_LOOP('',(#3292,#3293,#3294,#3295));
#2005=EDGE_LOOP('',(#3296,#3297,#3298,#3299));
#2006=AXIS2_PLACEMENT_3D('',#3300,#3301,#3302);
#2007=EDGE_LOOP('',(#3303,#3304,#3305,#3306));
#2008=AXIS2_PLACEMENT_3D('',#3307,#3308,#3309);
#2009=EDGE_LOOP('',(#3310,#3311,#3312,#3313));
#2010=AXIS2_PLACEMENT_3D('',#3314,#3315,#3316);
#2011=EDGE_LOOP('',(#3317,#3318,#3319,#3320));
#2012=AXIS2_PLACEMENT_3D('',#3321,#3322,#3323);
#2013=EDGE_LOOP('',(#3324,#3325,#3326,#3327));
#2014=AXIS2_PLACEMENT_3D('',#3328,#3329,#3330);
#2015=EDGE_LOOP('',(#3331,#3332,#3333,#3334));
#2016=AXIS2_PLACEMENT_3D('',#3335,#3336,#3337);
#2017=EDGE_LOOP('',(#3338,#3339,#3340,#3341));
#2018=AXIS2_PLACEMENT_3D('',#3342,#3343,#3344);
#2019=EDGE_LOOP('',(#3345,#3346,#3347,#3348,#3349,#3350));
#2020=AXIS2_PLACEMENT_3D('',#3351,#3352,#3353);
#2021=EDGE_LOOP('',(#3354,#3355,#3356,#3357,#3358,#3359));
#2022=AXIS2_PLACEMENT_3D('',#3360,#3361,#3362);
#2023=EDGE_LOOP('',(#3363,#3364,#3365,#3366));
#2024=AXIS2_PLACEMENT_3D('',#3367,#3368,#3369);
#2025=EDGE_LOOP('',(#3370,#3371,#3372,#3373));
#2026=AXIS2_PLACEMENT_3D('',#3374,#3375,#3376);
#2027=EDGE_LOOP('',(#3377,#3378,#3379,#3380,#3381,#3382,#3383,#3384));
#2028=EDGE_LOOP('',(#3385,#3386,#3387,#3388));
#2029=AXIS2_PLACEMENT_3D('',#3389,#3390,#3391);
#2030=EDGE_LOOP('',(#3392,#3393,#3394,#3395));
#2031=AXIS2_PLACEMENT_3D('',#3396,#3397,#3398);
#2032=EDGE_LOOP('',(#3399,#3400,#3401,#3402));
#2033=AXIS2_PLACEMENT_3D('',#3403,#3404,#3405);
#2034=EDGE_LOOP('',(#3406,#3407,#3408,#3409));
#2035=AXIS2_PLACEMENT_3D('',#3410,#3411,#3412);
#2036=EDGE_LOOP('',(#3413,#3414,#3415,#3416,#3417,#3418,#3419,#3420));
#2037=EDGE_LOOP('',(#3421,#3422,#3423,#3424));
#2038=AXIS2_PLACEMENT_3D('',#3425,#3426,#3427);
#2039=EDGE_LOOP('',(#3428,#3429,#3430,#3431));
#2040=AXIS2_PLACEMENT_3D('',#3432,#3433,#3434);
#2041=EDGE_LOOP('',(#3435,#3436,#3437,#3438));
#2042=AXIS2_PLACEMENT_3D('',#3439,#3440,#3441);
#2043=EDGE_LOOP('',(#3442,#3443,#3444,#3445,#3446,#3447,#3448));
#2044=AXIS2_PLACEMENT_3D('',#3449,#3450,#3451);
#2045=EDGE_LOOP('',(#3452,#3453,#3454,#3455,#3456,#3457,#3458));
#2046=AXIS2_PLACEMENT_3D('',#3459,#3460,#3461);
#2047=EDGE_LOOP('',(#3462,#3463,#3464,#3465));
#2048=AXIS2_PLACEMENT_3D('',#3466,#3467,#3468);
#2049=EDGE_LOOP('',(#3469,#3470,#3471,#3472,#3473,#3474,#3475,#3476));
#2050=AXIS2_PLACEMENT_3D('',#3477,#3478,#3479);
#2051=EDGE_LOOP('',(#3480,#3481,#3482));
#2052=AXIS2_PLACEMENT_3D('',#3483,#3484,#3485);
#2053=EDGE_LOOP('',(#3486,#3487,#3488));
#2054=AXIS2_PLACEMENT_3D('',#3489,#3490,#3491);
#2055=EDGE_LOOP('',(#3492,#3493,#3494,#3495,#3496,#3497,#3498,#3499));
#2056=AXIS2_PLACEMENT_3D('',#3500,#3501,#3502);
#2057=EDGE_LOOP('',(#3503,#3504,#3505,#3506));
#2058=AXIS2_PLACEMENT_3D('',#3507,#3508,#3509);
#2059=EDGE_LOOP('',(#3510,#3511,#3512,#3513));
#2060=AXIS2_PLACEMENT_3D('',#3514,#3515,#3516);
#2061=EDGE_LOOP('',(#3517,#3518,#3519,#3520,#3521,#3522,#3523,#3524));
#2062=AXIS2_PLACEMENT_3D('',#3525,#3526,#3527);
#2063=EDGE_LOOP('',(#3528,#3529));
#2064=EDGE_LOOP('',(#3530,#3531));
#2065=AXIS2_PLACEMENT_3D('',#3532,#3533,#3534);
#2066=EDGE_LOOP('',(#3535,#3536,#3537));
#2067=AXIS2_PLACEMENT_3D('',#3538,#3539,#3540);
#2068=EDGE_LOOP('',(#3541,#3542));
#2069=AXIS2_PLACEMENT_3D('',#3543,#3544,#3545);
#2070=EDGE_LOOP('',(#3546,#3547,#3548,#3549));
#2071=AXIS2_PLACEMENT_3D('',#3550,#3551,#3552);
#2072=EDGE_LOOP('',(#3553,#3554,#3555,#3556));
#2073=AXIS2_PLACEMENT_3D('',#3557,#3558,#3559);
#2074=EDGE_LOOP('',(#3560,#3561,#3562));
#2075=AXIS2_PLACEMENT_3D('',#3563,#3564,#3565);
#2076=EDGE_LOOP('',(#3566,#3567,#3568,#3569,#3570,#3571,#3572,#3573));
#2077=AXIS2_PLACEMENT_3D('',#3574,#3575,#3576);
#2078=EDGE_LOOP('',(#3577,#3578,#3579,#3580));
#2079=AXIS2_PLACEMENT_3D('',#3581,#3582,#3583);
#2080=EDGE_LOOP('',(#3584,#3585,#3586,#3587));
#2081=AXIS2_PLACEMENT_3D('',#3588,#3589,#3590);
#2082=EDGE_LOOP('',(#3591,#3592,#3593,#3594));
#2083=AXIS2_PLACEMENT_3D('',#3595,#3596,#3597);
#2084=EDGE_LOOP('',(#3598,#3599,#3600,#3601));
#2085=AXIS2_PLACEMENT_3D('',#3602,#3603,#3604);
#2086=EDGE_LOOP('',(#3605,#3606,#3607,#3608));
#2087=AXIS2_PLACEMENT_3D('',#3609,#3610,#3611);
#2088=EDGE_LOOP('',(#3612,#3613,#3614,#3615));
#2089=EDGE_LOOP('',(#3616,#3617,#3618,#3619));
#2090=AXIS2_PLACEMENT_3D('',#3620,#3621,#3622);
#2091=EDGE_LOOP('',(#3623,#3624,#3625,#3626));
#2092=EDGE_LOOP('',(#3627,#3628,#3629,#3630));
#2093=AXIS2_PLACEMENT_3D('',#3631,#3632,#3633);
#2094=EDGE_LOOP('',(#3634,#3635,#3636,#3637));
#2095=AXIS2_PLACEMENT_3D('',#3638,#3639,#3640);
#2096=EDGE_LOOP('',(#3641,#3642,#3643,#3644));
#2097=AXIS2_PLACEMENT_3D('',#3645,#3646,#3647);
#2098=EDGE_LOOP('',(#3648,#3649,#3650,#3651));
#2099=AXIS2_PLACEMENT_3D('',#3652,#3653,#3654);
#2100=EDGE_LOOP('',(#3655,#3656,#3657,#3658));
#2101=AXIS2_PLACEMENT_3D('',#3659,#3660,#3661);
#2102=EDGE_LOOP('',(#3662,#3663,#3664,#3665));
#2103=AXIS2_PLACEMENT_3D('',#3666,#3667,#3668);
#2104=EDGE_LOOP('',(#3669,#3670,#3671,#3672));
#2105=AXIS2_PLACEMENT_3D('',#3673,#3674,#3675);
#2106=EDGE_LOOP('',(#3676,#3677,#3678,#3679,#3680,#3681));
#2107=AXIS2_PLACEMENT_3D('',#3682,#3683,#3684);
#2108=EDGE_LOOP('',(#3685,#3686,#3687,#3688,#3689,#3690));
#2109=AXIS2_PLACEMENT_3D('',#3691,#3692,#3693);
#2110=EDGE_LOOP('',(#3694,#3695,#3696,#3697));
#2111=AXIS2_PLACEMENT_3D('',#3698,#3699,#3700);
#2112=EDGE_LOOP('',(#3701,#3702,#3703,#3704));
#2113=AXIS2_PLACEMENT_3D('',#3705,#3706,#3707);
#2114=EDGE_LOOP('',(#3708,#3709,#3710,#3711,#3712,#3713,#3714,#3715));
#2115=EDGE_LOOP('',(#3716,#3717,#3718,#3719));
#2116=AXIS2_PLACEMENT_3D('',#3720,#3721,#3722);
#2117=EDGE_LOOP('',(#3723,#3724,#3725,#3726));
#2118=AXIS2_PLACEMENT_3D('',#3727,#3728,#3729);
#2119=EDGE_LOOP('',(#3730,#3731,#3732,#3733));
#2120=AXIS2_PLACEMENT_3D('',#3734,#3735,#3736);
#2121=EDGE_LOOP('',(#3737,#3738,#3739,#3740));
#2122=AXIS2_PLACEMENT_3D('',#3741,#3742,#3743);
#2123=EDGE_LOOP('',(#3744,#3745,#3746,#3747,#3748,#3749,#3750,#3751));
#2124=EDGE_LOOP('',(#3752,#3753,#3754,#3755));
#2125=AXIS2_PLACEMENT_3D('',#3756,#3757,#3758);
#2126=EDGE_LOOP('',(#3759,#3760,#3761,#3762));
#2127=AXIS2_PLACEMENT_3D('',#3763,#3764,#3765);
#2128=EDGE_LOOP('',(#3766,#3767,#3768,#3769));
#2129=AXIS2_PLACEMENT_3D('',#3770,#3771,#3772);
#2130=EDGE_LOOP('',(#3773,#3774,#3775,#3776,#3777,#3778,#3779));
#2131=AXIS2_PLACEMENT_3D('',#3780,#3781,#3782);
#2132=EDGE_LOOP('',(#3783,#3784,#3785,#3786,#3787,#3788,#3789));
#2133=AXIS2_PLACEMENT_3D('',#3790,#3791,#3792);
#2134=EDGE_LOOP('',(#3793,#3794,#3795,#3796));
#2135=AXIS2_PLACEMENT_3D('',#3797,#3798,#3799);
#2136=EDGE_LOOP('',(#3800,#3801,#3802,#3803,#3804,#3805,#3806,#3807));
#2137=AXIS2_PLACEMENT_3D('',#3808,#3809,#3810);
#2138=EDGE_LOOP('',(#3811,#3812,#3813));
#2139=AXIS2_PLACEMENT_3D('',#3814,#3815,#3816);
#2140=EDGE_LOOP('',(#3817,#3818,#3819));
#2141=AXIS2_PLACEMENT_3D('',#3820,#3821,#3822);
#2142=EDGE_LOOP('',(#3823,#3824,#3825,#3826,#3827,#3828,#3829,#3830));
#2143=AXIS2_PLACEMENT_3D('',#3831,#3832,#3833);
#2144=EDGE_LOOP('',(#3834,#3835,#3836,#3837));
#2145=AXIS2_PLACEMENT_3D('',#3838,#3839,#3840);
#2146=EDGE_LOOP('',(#3841,#3842,#3843,#3844));
#2147=AXIS2_PLACEMENT_3D('',#3845,#3846,#3847);
#2148=EDGE_LOOP('',(#3848,#3849,#3850,#3851,#3852,#3853,#3854,#3855));
#2149=AXIS2_PLACEMENT_3D('',#3856,#3857,#3858);
#2150=EDGE_LOOP('',(#3859,#3860));
#2151=EDGE_LOOP('',(#3861,#3862));
#2152=AXIS2_PLACEMENT_3D('',#3863,#3864,#3865);
#2153=EDGE_LOOP('',(#3866,#3867,#3868));
#2154=AXIS2_PLACEMENT_3D('',#3869,#3870,#3871);
#2155=EDGE_LOOP('',(#3872,#3873));
#2156=AXIS2_PLACEMENT_3D('',#3874,#3875,#3876);
#2157=EDGE_LOOP('',(#3877,#3878,#3879,#3880));
#2158=AXIS2_PLACEMENT_3D('',#3881,#3882,#3883);
#2159=EDGE_LOOP('',(#3884,#3885,#3886,#3887));
#2160=AXIS2_PLACEMENT_3D('',#3888,#3889,#3890);
#2161=EDGE_LOOP('',(#3891,#3892,#3893));
#2162=AXIS2_PLACEMENT_3D('',#3894,#3895,#3896);
#2163=EDGE_LOOP('',(#3897,#3898,#3899,#3900,#3901,#3902,#3903,#3904));
#2164=AXIS2_PLACEMENT_3D('',#3905,#3906,#3907);
#2165=EDGE_LOOP('',(#3908,#3909,#3910,#3911));
#2166=AXIS2_PLACEMENT_3D('',#3912,#3913,#3914);
#2167=EDGE_LOOP('',(#3915,#3916,#3917,#3918));
#2168=AXIS2_PLACEMENT_3D('',#3919,#3920,#3921);
#2169=EDGE_LOOP('',(#3922,#3923,#3924,#3925));
#2170=AXIS2_PLACEMENT_3D('',#3926,#3927,#3928);
#2171=EDGE_LOOP('',(#3929,#3930,#3931,#3932));
#2172=AXIS2_PLACEMENT_3D('',#3933,#3934,#3935);
#2173=EDGE_LOOP('',(#3936,#3937,#3938,#3939));
#2174=AXIS2_PLACEMENT_3D('',#3940,#3941,#3942);
#2175=EDGE_LOOP('',(#3943,#3944,#3945,#3946));
#2176=AXIS2_PLACEMENT_3D('',#3947,#3948,#3949);
#2177=EDGE_LOOP('',(#3950,#3951,#3952,#3953));
#2178=AXIS2_PLACEMENT_3D('',#3954,#3955,#3956);
#2179=EDGE_LOOP('',(#3957,#3958,#3959,#3960));
#2180=AXIS2_PLACEMENT_3D('',#3961,#3962,#3963);
#2181=EDGE_LOOP('',(#3964,#3965,#3966,#3967));
#2182=AXIS2_PLACEMENT_3D('',#3968,#3969,#3970);
#2183=EDGE_LOOP('',(#3971,#3972,#3973,#3974));
#2184=AXIS2_PLACEMENT_3D('',#3975,#3976,#3977);
#2185=EDGE_LOOP('',(#3978,#3979,#3980,#3981));
#2186=AXIS2_PLACEMENT_3D('',#3982,#3983,#3984);
#2187=EDGE_LOOP('',(#3985,#3986,#3987,#3988));
#2188=AXIS2_PLACEMENT_3D('',#3989,#3990,#3991);
#2189=EDGE_LOOP('',(#3992,#3993,#3994,#3995));
#2190=AXIS2_PLACEMENT_3D('',#3996,#3997,#3998);
#2191=EDGE_LOOP('',(#3999,#4000,#4001,#4002));
#2192=AXIS2_PLACEMENT_3D('',#4003,#4004,#4005);
#2193=EDGE_LOOP('',(#4006,#4007,#4008,#4009));
#2194=AXIS2_PLACEMENT_3D('',#4010,#4011,#4012);
#2195=EDGE_LOOP('',(#4013,#4014,#4015,#4016));
#2196=AXIS2_PLACEMENT_3D('',#4017,#4018,#4019);
#2197=EDGE_LOOP('',(#4020,#4021,#4022,#4023));
#2198=AXIS2_PLACEMENT_3D('',#4024,#4025,#4026);
#2199=EDGE_LOOP('',(#4027,#4028,#4029,#4030));
#2200=AXIS2_PLACEMENT_3D('',#4031,#4032,#4033);
#2201=EDGE_LOOP('',(#4034,#4035,#4036,#4037));
#2202=AXIS2_PLACEMENT_3D('',#4038,#4039,#4040);
#2203=EDGE_LOOP('',(#4041,#4042,#4043,#4044));
#2204=AXIS2_PLACEMENT_3D('',#4045,#4046,#4047);
#2205=EDGE_LOOP('',(#4048,#4049,#4050,#4051));
#2206=AXIS2_PLACEMENT_3D('',#4052,#4053,#4054);
#2207=EDGE_LOOP('',(#4055,#4056,#4057,#4058));
#2208=AXIS2_PLACEMENT_3D('',#4059,#4060,#4061);
#2209=EDGE_LOOP('',(#4062,#4063,#4064,#4065));
#2210=AXIS2_PLACEMENT_3D('',#4066,#4067,#4068);
#2211=EDGE_LOOP('',(#4069,#4070,#4071,#4072));
#2212=AXIS2_PLACEMENT_3D('',#4073,#4074,#4075);
#2213=EDGE_LOOP('',(#4076,#4077,#4078,#4079));
#2214=AXIS2_PLACEMENT_3D('',#4080,#4081,#4082);
#2215=EDGE_LOOP('',(#4083,#4084,#4085,#4086));
#2216=AXIS2_PLACEMENT_3D('',#4087,#4088,#4089);
#2217=EDGE_LOOP('',(#4090,#4091,#4092,#4093,#4094));
#2218=AXIS2_PLACEMENT_3D('',#4095,#4096,#4097);
#2219=EDGE_LOOP('',(#4098,#4099,#4100,#4101,#4102,#4103));
#2220=AXIS2_PLACEMENT_3D('',#4104,#4105,#4106);
#2221=EDGE_LOOP('',(#4107,#4108,#4109,#4110,#4111));
#2222=AXIS2_PLACEMENT_3D('',#4112,#4113,#4114);
#2223=EDGE_LOOP('',(#4115,#4116,#4117,#4118,#4119));
#2224=AXIS2_PLACEMENT_3D('',#4120,#4121,#4122);
#2225=EDGE_LOOP('',(#4123,#4124,#4125,#4126));
#2226=AXIS2_PLACEMENT_3D('',#4127,#4128,#4129);
#2227=EDGE_LOOP('',(#4130,#4131,#4132,#4133));
#2228=AXIS2_PLACEMENT_3D('',#4134,#4135,#4136);
#2229=EDGE_LOOP('',(#4137,#4138,#4139,#4140));
#2230=AXIS2_PLACEMENT_3D('',#4141,#4142,#4143);
#2231=EDGE_LOOP('',(#4144,#4145,#4146,#4147));
#2232=AXIS2_PLACEMENT_3D('',#4148,#4149,#4150);
#2233=EDGE_LOOP('',(#4151,#4152,#4153,#4154));
#2234=AXIS2_PLACEMENT_3D('',#4155,#4156,#4157);
#2235=EDGE_LOOP('',(#4158,#4159,#4160,#4161));
#2236=AXIS2_PLACEMENT_3D('',#4162,#4163,#4164);
#2237=EDGE_LOOP('',(#4165,#4166,#4167,#4168));
#2238=AXIS2_PLACEMENT_3D('',#4169,#4170,#4171);
#2239=EDGE_LOOP('',(#4172,#4173,#4174,#4175));
#2240=AXIS2_PLACEMENT_3D('',#4176,#4177,#4178);
#2241=EDGE_LOOP('',(#4179,#4180,#4181,#4182));
#2242=AXIS2_PLACEMENT_3D('',#4183,#4184,#4185);
#2243=EDGE_LOOP('',(#4186,#4187,#4188,#4189));
#2244=AXIS2_PLACEMENT_3D('',#4190,#4191,#4192);
#2245=EDGE_LOOP('',(#4193,#4194,#4195,#4196));
#2246=AXIS2_PLACEMENT_3D('',#4197,#4198,#4199);
#2247=EDGE_LOOP('',(#4200,#4201,#4202,#4203));
#2248=AXIS2_PLACEMENT_3D('',#4204,#4205,#4206);
#2249=EDGE_LOOP('',(#4207,#4208,#4209,#4210,#4211));
#2250=AXIS2_PLACEMENT_3D('',#4212,#4213,#4214);
#2251=EDGE_LOOP('',(#4215,#4216,#4217,#4218));
#2252=AXIS2_PLACEMENT_3D('',#4219,#4220,#4221);
#2253=EDGE_LOOP('',(#4222,#4223,#4224,#4225,#4226));
#2254=AXIS2_PLACEMENT_3D('',#4227,#4228,#4229);
#2255=EDGE_LOOP('',(#4230,#4231,#4232,#4233,#4234,#4235));
#2256=AXIS2_PLACEMENT_3D('',#4236,#4237,#4238);
#2257=EDGE_LOOP('',(#4239,#4240,#4241,#4242));
#2258=AXIS2_PLACEMENT_3D('',#4243,#4244,#4245);
#2259=EDGE_LOOP('',(#4246,#4247,#4248,#4249));
#2260=AXIS2_PLACEMENT_3D('',#4250,#4251,#4252);
#2261=EDGE_LOOP('',(#4253,#4254,#4255,#4256,#4257));
#2262=AXIS2_PLACEMENT_3D('',#4258,#4259,#4260);
#2263=EDGE_LOOP('',(#4261,#4262,#4263,#4264));
#2264=AXIS2_PLACEMENT_3D('',#4265,#4266,#4267);
#2265=EDGE_LOOP('',(#4268,#4269,#4270,#4271));
#2266=AXIS2_PLACEMENT_3D('',#4272,#4273,#4274);
#2267=EDGE_LOOP('',(#4275,#4276,#4277,#4278));
#2268=AXIS2_PLACEMENT_3D('',#4279,#4280,#4281);
#2269=EDGE_LOOP('',(#4282,#4283,#4284,#4285));
#2270=AXIS2_PLACEMENT_3D('',#4286,#4287,#4288);
#2271=EDGE_LOOP('',(#4289,#4290,#4291,#4292));
#2272=AXIS2_PLACEMENT_3D('',#4293,#4294,#4295);
#2273=EDGE_LOOP('',(#4296,#4297,#4298,#4299));
#2274=AXIS2_PLACEMENT_3D('',#4300,#4301,#4302);
#2275=EDGE_LOOP('',(#4303,#4304,#4305,#4306));
#2276=AXIS2_PLACEMENT_3D('',#4307,#4308,#4309);
#2277=EDGE_LOOP('',(#4310,#4311,#4312,#4313));
#2278=AXIS2_PLACEMENT_3D('',#4314,#4315,#4316);
#2279=EDGE_LOOP('',(#4317,#4318,#4319,#4320));
#2280=AXIS2_PLACEMENT_3D('',#4321,#4322,#4323);
#2281=EDGE_LOOP('',(#4324,#4325,#4326,#4327));
#2282=AXIS2_PLACEMENT_3D('',#4328,#4329,#4330);
#2283=EDGE_LOOP('',(#4331,#4332,#4333,#4334));
#2284=AXIS2_PLACEMENT_3D('',#4335,#4336,#4337);
#2285=EDGE_LOOP('',(#4338,#4339,#4340,#4341));
#2286=AXIS2_PLACEMENT_3D('',#4342,#4343,#4344);
#2287=EDGE_LOOP('',(#4345,#4346,#4347,#4348));
#2288=AXIS2_PLACEMENT_3D('',#4349,#4350,#4351);
#2289=EDGE_LOOP('',(#4352,#4353,#4354,#4355));
#2290=AXIS2_PLACEMENT_3D('',#4356,#4357,#4358);
#2291=EDGE_LOOP('',(#4359,#4360,#4361,#4362));
#2292=AXIS2_PLACEMENT_3D('',#4363,#4364,#4365);
#2293=EDGE_LOOP('',(#4366,#4367,#4368,#4369));
#2294=AXIS2_PLACEMENT_3D('',#4370,#4371,#4372);
#2295=EDGE_LOOP('',(#4373,#4374,#4375,#4376,#4377,#4378));
#2296=AXIS2_PLACEMENT_3D('',#4379,#4380,#4381);
#2297=EDGE_LOOP('',(#4382,#4383,#4384,#4385,#4386,#4387,#4388,#4389,#4390));
#2298=AXIS2_PLACEMENT_3D('',#4391,#4392,#4393);
#2299=EDGE_LOOP('',(#4394,#4395,#4396,#4397,#4398,#4399,#4400,#4401,#4402,#4403,#4404,#4405,#4406,#4407,#4408,#4409,#4410,#4411,#4412,#4413,#4414,#4415,#4416,#4417,#4418,#4419,#4420,#4421,#4422,#4423,#4424,#4425,#4426,#4427,#4428,#4429));
#2300=EDGE_LOOP('',(#4430,#4431,#4432,#4433,#4434,#4435,#4436,#4437,#4438,#4439,#4440,#4441));
#2301=AXIS2_PLACEMENT_3D('',#4442,#4443,#4444);
#2302=EDGE_LOOP('',(#4445,#4446,#4447,#4448));
#2303=AXIS2_PLACEMENT_3D('',#4449,#4450,#4451);
#2304=EDGE_LOOP('',(#4452,#4453,#4454,#4455));
#2305=AXIS2_PLACEMENT_3D('',#4456,#4457,#4458);
#2306=EDGE_LOOP('',(#4459,#4460,#4461,#4462));
#2307=AXIS2_PLACEMENT_3D('',#4463,#4464,#4465);
#2308=EDGE_LOOP('',(#4466,#4467,#4468,#4469,#4470));
#2309=AXIS2_PLACEMENT_3D('',#4471,#4472,#4473);
#2310=EDGE_LOOP('',(#4474,#4475,#4476,#4477));
#2311=AXIS2_PLACEMENT_3D('',#4478,#4479,#4480);
#2312=EDGE_LOOP('',(#4481,#4482,#4483,#4484));
#2313=AXIS2_PLACEMENT_3D('',#4485,#4486,#4487);
#2314=EDGE_LOOP('',(#4488,#4489,#4490,#4491));
#2315=AXIS2_PLACEMENT_3D('',#4492,#4493,#4494);
#2316=EDGE_LOOP('',(#4495,#4496,#4497,#4498,#4499,#4500,#4501,#4502,#4503,#4504,#4505,#4506));
#2317=AXIS2_PLACEMENT_3D('',#4507,#4508,#4509);
#2318=EDGE_LOOP('',(#4510,#4511,#4512,#4513));
#2319=AXIS2_PLACEMENT_3D('',#4514,#4515,#4516);
#2320=EDGE_LOOP('',(#4517,#4518,#4519,#4520));
#2321=AXIS2_PLACEMENT_3D('',#4521,#4522,#4523);
#2322=EDGE_LOOP('',(#4524,#4525,#4526,#4527));
#2323=AXIS2_PLACEMENT_3D('',#4528,#4529,#4530);
#2324=EDGE_LOOP('',(#4531,#4532,#4533,#4534));
#2325=AXIS2_PLACEMENT_3D('',#4535,#4536,#4537);
#2326=EDGE_LOOP('',(#4538,#4539,#4540,#4541));
#2327=AXIS2_PLACEMENT_3D('',#4542,#4543,#4544);
#2328=EDGE_LOOP('',(#4545,#4546,#4547,#4548));
#2329=AXIS2_PLACEMENT_3D('',#4549,#4550,#4551);
#2330=EDGE_LOOP('',(#4552,#4553,#4554,#4555,#4556,#4557,#4558,#4559,#4560,#4561,#4562,#4563));
#2331=AXIS2_PLACEMENT_3D('',#4564,#4565,#4566);
#2332=EDGE_LOOP('',(#4567,#4568,#4569,#4570));
#2333=AXIS2_PLACEMENT_3D('',#4571,#4572,#4573);
#2334=EDGE_LOOP('',(#4574,#4575,#4576,#4577));
#2335=AXIS2_PLACEMENT_3D('',#4578,#4579,#4580);
#2336=EDGE_LOOP('',(#4581,#4582,#4583,#4584));
#2337=AXIS2_PLACEMENT_3D('',#4585,#4586,#4587);
#2338=EDGE_LOOP('',(#4588,#4589,#4590,#4591));
#2339=AXIS2_PLACEMENT_3D('',#4592,#4593,#4594);
#2340=EDGE_LOOP('',(#4595,#4596,#4597,#4598));
#2341=AXIS2_PLACEMENT_3D('',#4599,#4600,#4601);
#2342=EDGE_LOOP('',(#4602,#4603,#4604,#4605));
#2343=AXIS2_PLACEMENT_3D('',#4606,#4607,#4608);
#2344=EDGE_LOOP('',(#4609,#4610,#4611,#4612));
#2345=AXIS2_PLACEMENT_3D('',#4613,#4614,#4615);
#2346=EDGE_LOOP('',(#4616,#4617,#4618,#4619));
#2347=AXIS2_PLACEMENT_3D('',#4620,#4621,#4622);
#2348=EDGE_LOOP('',(#4623,#4624,#4625,#4626));
#2349=AXIS2_PLACEMENT_3D('',#4627,#4628,#4629);
#2350=EDGE_LOOP('',(#4630,#4631,#4632,#4633));
#2351=AXIS2_PLACEMENT_3D('',#4634,#4635,#4636);
#2352=EDGE_LOOP('',(#4637,#4638,#4639,#4640,#4641,#4642,#4643,#4644,#4645,#4646,#4647,#4648));
#2353=AXIS2_PLACEMENT_3D('',#4649,#4650,#4651);
#2354=EDGE_LOOP('',(#4652,#4653,#4654,#4655));
#2355=AXIS2_PLACEMENT_3D('',#4656,#4657,#4658);
#2356=EDGE_LOOP('',(#4659,#4660,#4661,#4662));
#2357=AXIS2_PLACEMENT_3D('',#4663,#4664,#4665);
#2358=EDGE_LOOP('',(#4666,#4667,#4668,#4669));
#2359=AXIS2_PLACEMENT_3D('',#4670,#4671,#4672);
#2360=EDGE_LOOP('',(#4673,#4674,#4675,#4676));
#2361=AXIS2_PLACEMENT_3D('',#4677,#4678,#4679);
#2362=EDGE_LOOP('',(#4680,#4681,#4682,#4683));
#2363=AXIS2_PLACEMENT_3D('',#4684,#4685,#4686);
#2364=EDGE_LOOP('',(#4687,#4688,#4689,#4690));
#2365=AXIS2_PLACEMENT_3D('',#4691,#4692,#4693);
#2366=EDGE_LOOP('',(#4694,#4695,#4696,#4697));
#2367=AXIS2_PLACEMENT_3D('',#4698,#4699,#4700);
#2368=EDGE_LOOP('',(#4701,#4702,#4703,#4704));
#2369=AXIS2_PLACEMENT_3D('',#4705,#4706,#4707);
#2370=EDGE_LOOP('',(#4708,#4709,#4710,#4711,#4712,#4713,#4714));
#2371=AXIS2_PLACEMENT_3D('',#4715,#4716,#4717);
#2372=EDGE_LOOP('',(#4718,#4719,#4720,#4721,#4722,#4723,#4724,#4725,#4726,#4727,#4728,#4729,#4730,#4731,#4732,#4733));
#2373=AXIS2_PLACEMENT_3D('',#4734,#4735,#4736);
#2374=EDGE_LOOP('',(#4737,#4738,#4739,#4740));
#2375=AXIS2_PLACEMENT_3D('',#4741,#4742,#4743);
#2376=EDGE_LOOP('',(#4744,#4745,#4746,#4747,#4748,#4749,#4750));
#2377=AXIS2_PLACEMENT_3D('',#4751,#4752,#4753);
#2378=EDGE_LOOP('',(#4754,#4755,#4756,#4757));
#2379=AXIS2_PLACEMENT_3D('',#4758,#4759,#4760);
#2380=EDGE_LOOP('',(#4761,#4762,#4763,#4764,#4765,#4766,#4767,#4768,#4769,#4770,#4771,#4772,#4773,#4774,#4775,#4776));
#2381=AXIS2_PLACEMENT_3D('',#4777,#4778,#4779);
#2382=EDGE_LOOP('',(#4780,#4781,#4782,#4783));
#2383=AXIS2_PLACEMENT_3D('',#4784,#4785,#4786);
#2384=EDGE_LOOP('',(#4787,#4788,#4789,#4790));
#2385=AXIS2_PLACEMENT_3D('',#4791,#4792,#4793);
#2386=EDGE_LOOP('',(#4794,#4795,#4796,#4797));
#2387=AXIS2_PLACEMENT_3D('',#4798,#4799,#4800);
#2388=EDGE_LOOP('',(#4801,#4802,#4803,#4804));
#2389=AXIS2_PLACEMENT_3D('',#4805,#4806,#4807);
#2390=EDGE_LOOP('',(#4808,#4809,#4810,#4811));
#2391=AXIS2_PLACEMENT_3D('',#4812,#4813,#4814);
#2392=EDGE_LOOP('',(#4815,#4816,#4817,#4818));
#2393=AXIS2_PLACEMENT_3D('',#4819,#4820,#4821);
#2394=EDGE_LOOP('',(#4822,#4823,#4824,#4825));
#2395=AXIS2_PLACEMENT_3D('',#4826,#4827,#4828);
#2396=EDGE_LOOP('',(#4829,#4830,#4831,#4832));
#2397=AXIS2_PLACEMENT_3D('',#4833,#4834,#4835);
#2398=EDGE_LOOP('',(#4836,#4837,#4838,#4839));
#2399=AXIS2_PLACEMENT_3D('',#4840,#4841,#4842);
#2400=EDGE_LOOP('',(#4843,#4844,#4845,#4846));
#2401=AXIS2_PLACEMENT_3D('',#4847,#4848,#4849);
#2402=EDGE_LOOP('',(#4850,#4851,#4852,#4853));
#2403=AXIS2_PLACEMENT_3D('',#4854,#4855,#4856);
#2404=EDGE_LOOP('',(#4857,#4858,#4859,#4860,#4861,#4862,#4863,#4864,#4865,#4866,#4867,#4868));
#2405=AXIS2_PLACEMENT_3D('',#4869,#4870,#4871);
#2406=EDGE_LOOP('',(#4872,#4873,#4874,#4875,#4876,#4877,#4878,#4879));
#2407=EDGE_LOOP('',(#4880,#4881,#4882,#4883));
#2408=AXIS2_PLACEMENT_3D('',#4884,#4885,#4886);
#2409=EDGE_LOOP('',(#4887,#4888,#4889,#4890,#4891));
#2410=AXIS2_PLACEMENT_3D('',#4892,#4893,#4894);
#2411=EDGE_LOOP('',(#4895,#4896,#4897,#4898,#4899,#4900,#4901,#4902));
#2412=AXIS2_PLACEMENT_3D('',#4903,#4904,#4905);
#2413=EDGE_LOOP('',(#4906,#4907,#4908,#4909));
#2414=AXIS2_PLACEMENT_3D('',#4910,#4911,#4912);
#2415=EDGE_LOOP('',(#4913,#4914,#4915,#4916));
#2416=AXIS2_PLACEMENT_3D('',#4917,#4918,#4919);
#2417=EDGE_LOOP('',(#4920,#4921,#4922,#4923));
#2418=AXIS2_PLACEMENT_3D('',#4924,#4925,#4926);
#2419=EDGE_LOOP('',(#4927,#4928,#4929,#4930));
#2420=AXIS2_PLACEMENT_3D('',#4931,#4932,#4933);
#2421=EDGE_LOOP('',(#4934,#4935,#4936,#4937));
#2422=AXIS2_PLACEMENT_3D('',#4938,#4939,#4940);
#2423=EDGE_LOOP('',(#4941,#4942,#4943,#4944));
#2424=AXIS2_PLACEMENT_3D('',#4945,#4946,#4947);
#2425=EDGE_LOOP('',(#4948,#4949,#4950,#4951));
#2426=AXIS2_PLACEMENT_3D('',#4952,#4953,#4954);
#2427=EDGE_LOOP('',(#4955,#4956,#4957,#4958));
#2428=AXIS2_PLACEMENT_3D('',#4959,#4960,#4961);
#2429=EDGE_LOOP('',(#4962,#4963,#4964,#4965));
#2430=EDGE_LOOP('',(#4966,#4967,#4968,#4969));
#2431=AXIS2_PLACEMENT_3D('',#4970,#4971,#4972);
#2432=EDGE_LOOP('',(#4973,#4974,#4975,#4976,#4977));
#2433=AXIS2_PLACEMENT_3D('',#4978,#4979,#4980);
#2434=EDGE_LOOP('',(#4981,#4982,#4983,#4984));
#2435=AXIS2_PLACEMENT_3D('',#4985,#4986,#4987);
#2436=EDGE_LOOP('',(#4988,#4989,#4990,#4991));
#2437=AXIS2_PLACEMENT_3D('',#4992,#4993,#4994);
#2438=EDGE_LOOP('',(#4995,#4996,#4997,#4998,#4999,#5000));
#2439=AXIS2_PLACEMENT_3D('',#5001,#5002,#5003);
#2440=EDGE_LOOP('',(#5004,#5005,#5006,#5007));
#2441=AXIS2_PLACEMENT_3D('',#5008,#5009,#5010);
#2442=EDGE_LOOP('',(#5011,#5012,#5013,#5014));
#2443=AXIS2_PLACEMENT_3D('',#5015,#5016,#5017);
#2444=EDGE_LOOP('',(#5018,#5019,#5020,#5021));
#2445=AXIS2_PLACEMENT_3D('',#5022,#5023,#5024);
#2446=EDGE_LOOP('',(#5025,#5026,#5027,#5028,#5029));
#2447=AXIS2_PLACEMENT_3D('',#5030,#5031,#5032);
#2448=EDGE_LOOP('',(#5033,#5034,#5035,#5036,#5037));
#2449=AXIS2_PLACEMENT_3D('',#5038,#5039,#5040);
#2450=EDGE_LOOP('',(#5041,#5042,#5043,#5044));
#2451=AXIS2_PLACEMENT_3D('',#5045,#5046,#5047);
#2452=EDGE_LOOP('',(#5048,#5049,#5050,#5051,#5052,#5053));
#2453=AXIS2_PLACEMENT_3D('',#5054,#5055,#5056);
#2454=EDGE_LOOP('',(#5057,#5058,#5059,#5060));
#2455=AXIS2_PLACEMENT_3D('',#5061,#5062,#5063);
#2456=EDGE_LOOP('',(#5064,#5065,#5066,#5067));
#2457=EDGE_LOOP('',(#5068,#5069));
#2458=AXIS2_PLACEMENT_3D('',#5070,#5071,#5072);
#2459=EDGE_LOOP('',(#5073,#5074,#5075,#5076,#5077,#5078));
#2460=AXIS2_PLACEMENT_3D('',#5079,#5080,#5081);
#2461=EDGE_LOOP('',(#5082,#5083,#5084,#5085,#5086));
#2462=AXIS2_PLACEMENT_3D('',#5087,#5088,#5089);
#2463=EDGE_LOOP('',(#5090,#5091,#5092,#5093,#5094));
#2464=AXIS2_PLACEMENT_3D('',#5095,#5096,#5097);
#2465=EDGE_LOOP('',(#5098,#5099,#5100,#5101,#5102));
#2466=AXIS2_PLACEMENT_3D('',#5103,#5104,#5105);
#2467=EDGE_LOOP('',(#5106,#5107,#5108,#5109));
#2468=AXIS2_PLACEMENT_3D('',#5110,#5111,#5112);
#2469=EDGE_LOOP('',(#5113,#5114,#5115,#5116));
#2470=AXIS2_PLACEMENT_3D('',#5117,#5118,#5119);
#2471=EDGE_LOOP('',(#5120,#5121,#5122,#5123));
#2472=AXIS2_PLACEMENT_3D('',#5124,#5125,#5126);
#2473=EDGE_LOOP('',(#5127,#5128,#5129,#5130));
#2474=AXIS2_PLACEMENT_3D('',#5131,#5132,#5133);
#2475=EDGE_LOOP('',(#5134,#5135,#5136,#5137));
#2476=AXIS2_PLACEMENT_3D('',#5138,#5139,#5140);
#2477=EDGE_LOOP('',(#5141,#5142,#5143,#5144));
#2478=AXIS2_PLACEMENT_3D('',#5145,#5146,#5147);
#2479=EDGE_LOOP('',(#5148,#5149,#5150,#5151,#5152,#5153));
#2480=AXIS2_PLACEMENT_3D('',#5154,#5155,#5156);
#2481=EDGE_LOOP('',(#5157,#5158,#5159,#5160));
#2482=AXIS2_PLACEMENT_3D('',#5161,#5162,#5163);
#2483=EDGE_LOOP('',(#5164,#5165));
#2484=EDGE_LOOP('',(#5166,#5167));
#2485=AXIS2_PLACEMENT_3D('',#5168,#5169,#5170);
#2486=EDGE_LOOP('',(#5171,#5172,#5173,#5174,#5175,#5176,#5177));
#2487=AXIS2_PLACEMENT_3D('',#5178,#5179,#5180);
#2488=EDGE_LOOP('',(#5181,#5182,#5183,#5184));
#2489=AXIS2_PLACEMENT_3D('',#5185,#5186,#5187);
#2490=EDGE_LOOP('',(#5188,#5189));
#2491=AXIS2_PLACEMENT_3D('',#5190,#5191,#5192);
#2492=EDGE_LOOP('',(#5193,#5194,#5195,#5196));
#2493=AXIS2_PLACEMENT_3D('',#5197,#5198,#5199);
#2494=EDGE_LOOP('',(#5200,#5201,#5202,#5203));
#2495=AXIS2_PLACEMENT_3D('',#5204,#5205,#5206);
#2496=EDGE_LOOP('',(#5207,#5208,#5209,#5210));
#2497=AXIS2_PLACEMENT_3D('',#5211,#5212,#5213);
#2498=EDGE_LOOP('',(#5214,#5215,#5216,#5217));
#2499=AXIS2_PLACEMENT_3D('',#5218,#5219,#5220);
#2500=EDGE_LOOP('',(#5221,#5222,#5223,#5224,#5225));
#2501=AXIS2_PLACEMENT_3D('',#5226,#5227,#5228);
#2502=EDGE_LOOP('',(#5229,#5230,#5231));
#2503=AXIS2_PLACEMENT_3D('',#5232,#5233,#5234);
#2504=EDGE_LOOP('',(#5235,#5236,#5237,#5238));
#2505=AXIS2_PLACEMENT_3D('',#5239,#5240,#5241);
#2506=EDGE_LOOP('',(#5242,#5243,#5244,#5245,#5246));
#2507=AXIS2_PLACEMENT_3D('',#5247,#5248,#5249);
#2508=EDGE_LOOP('',(#5250,#5251,#5252,#5253));
#2509=AXIS2_PLACEMENT_3D('',#5254,#5255,#5256);
#2510=EDGE_LOOP('',(#5257,#5258,#5259,#5260));
#2511=AXIS2_PLACEMENT_3D('',#5261,#5262,#5263);
#2512=EDGE_LOOP('',(#5264,#5265,#5266,#5267));
#2513=AXIS2_PLACEMENT_3D('',#5268,#5269,#5270);
#2514=EDGE_LOOP('',(#5271,#5272,#5273,#5274));
#2515=AXIS2_PLACEMENT_3D('',#5275,#5276,#5277);
#2516=EDGE_LOOP('',(#5278,#5279,#5280,#5281));
#2517=AXIS2_PLACEMENT_3D('',#5282,#5283,#5284);
#2518=EDGE_LOOP('',(#5285,#5286,#5287,#5288));
#2519=AXIS2_PLACEMENT_3D('',#5289,#5290,#5291);
#2520=EDGE_LOOP('',(#5292,#5293,#5294,#5295));
#2521=AXIS2_PLACEMENT_3D('',#5296,#5297,#5298);
#2522=EDGE_LOOP('',(#5299,#5300,#5301,#5302));
#2523=AXIS2_PLACEMENT_3D('',#5303,#5304,#5305);
#2524=EDGE_LOOP('',(#5306,#5307,#5308,#5309));
#2525=AXIS2_PLACEMENT_3D('',#5310,#5311,#5312);
#2526=EDGE_LOOP('',(#5313,#5314,#5315,#5316));
#2527=AXIS2_PLACEMENT_3D('',#5317,#5318,#5319);
#2528=EDGE_LOOP('',(#5320,#5321,#5322,#5323));
#2529=AXIS2_PLACEMENT_3D('',#5324,#5325,#5326);
#2530=EDGE_LOOP('',(#5327,#5328,#5329,#5330));
#2531=AXIS2_PLACEMENT_3D('',#5331,#5332,#5333);
#2532=EDGE_LOOP('',(#5334,#5335,#5336,#5337));
#2533=AXIS2_PLACEMENT_3D('',#5338,#5339,#5340);
#2534=EDGE_LOOP('',(#5341,#5342,#5343,#5344));
#2535=AXIS2_PLACEMENT_3D('',#5345,#5346,#5347);
#2536=EDGE_LOOP('',(#5348,#5349,#5350,#5351));
#2537=AXIS2_PLACEMENT_3D('',#5352,#5353,#5354);
#2538=EDGE_LOOP('',(#5355,#5356,#5357,#5358));
#2539=AXIS2_PLACEMENT_3D('',#5359,#5360,#5361);
#2540=EDGE_LOOP('',(#5362,#5363,#5364,#5365));
#2541=EDGE_LOOP('',(#5366,#5367));
#2542=EDGE_LOOP('',(#5368,#5369,#5370,#5371,#5372,#5373,#5374,#5375));
#2543=EDGE_LOOP('',(#5376,#5377));
#2544=EDGE_LOOP('',(#5378,#5379,#5380,#5381,#5382,#5383,#5384,#5385));
#2545=AXIS2_PLACEMENT_3D('',#5386,#5387,#5388);
#2546=EDGE_LOOP('',(#5389,#5390,#5391,#5392));
#2547=AXIS2_PLACEMENT_3D('',#5393,#5394,#5395);
#2548=EDGE_LOOP('',(#5396,#5397,#5398,#5399));
#2549=AXIS2_PLACEMENT_3D('',#5400,#5401,#5402);
#2550=EDGE_LOOP('',(#5403,#5404,#5405,#5406));
#2551=AXIS2_PLACEMENT_3D('',#5407,#5408,#5409);
#2552=EDGE_LOOP('',(#5410,#5411,#5412,#5413,#5414,#5415,#5416,#5417,#5418,#5419,#5420,#5421,#5422,#5423));
#2553=AXIS2_PLACEMENT_3D('',#5424,#5425,#5426);
#2554=EDGE_LOOP('',(#5427,#5428,#5429,#5430));
#2555=AXIS2_PLACEMENT_3D('',#5431,#5432,#5433);
#2556=EDGE_LOOP('',(#5434,#5435,#5436,#5437,#5438,#5439,#5440,#5441,#5442,#5443,#5444,#5445));
#2557=EDGE_LOOP('',(#5446,#5447,#5448,#5449,#5450,#5451,#5452,#5453,#5454,#5455,#5456,#5457,#5458,#5459,#5460,#5461,#5462,#5463,#5464,#5465,#5466));
#2558=EDGE_LOOP('',(#5467,#5468,#5469,#5470,#5471,#5472,#5473,#5474,#5475,#5476,#5477,#5478,#5479,#5480,#5481,#5482,#5483,#5484,#5485,#5486,#5487,#5488,#5489,#5490,#5491,#5492,#5493,#5494,#5495,#5496,#5497,#5498,#5499,#5500,#5501,#5502,#5503,#5504,#5505,#5506,#5507,#5508,#5509,#5510,#5511));
#2559=EDGE_LOOP('',(#5512,#5513,#5514,#5515,#5516,#5517,#5518,#5519,#5520,#5521,#5522,#5523,#5524,#5525,#5526));
#2560=EDGE_LOOP('',(#5527,#5528,#5529,#5530,#5531,#5532,#5533,#5534,#5535,#5536,#5537,#5538,#5539,#5540,#5541,#5542,#5543,#5544,#5545,#5546,#5547,#5548,#5549,#5550,#5551,#5552,#5553,#5554,#5555,#5556,#5557,#5558,#5559,#5560,#5561,#5562,#5563,#5564,#5565,#5566,#5567,#5568,#5569,#5570,#5571,#5572,#5573,#5574,#5575,#5576));
#2561=EDGE_LOOP('',(#5577,#5578,#5579,#5580,#5581,#5582,#5583,#5584,#5585,#5586,#5587,#5588));
#2562=EDGE_LOOP('',(#5589,#5590,#5591,#5592,#5593,#5594,#5595,#5596,#5597,#5598,#5599,#5600,#5601));
#2563=EDGE_LOOP('',(#5602,#5603,#5604,#5605,#5606,#5607,#5608,#5609,#5610,#5611,#5612,#5613,#5614,#5615,#5616,#5617,#5618,#5619,#5620,#5621,#5622,#5623,#5624,#5625,#5626,#5627,#5628,#5629,#5630,#5631,#5632,#5633,#5634,#5635,#5636,#5637,#5638,#5639,#5640,#5641,#5642,#5643,#5644,#5645,#5646,#5647,#5648,#5649,#5650,#5651,#5652,#5653,#5654,#5655,#5656,#5657,#5658,#5659,#5660,#5661,#5662,#5663,#5664,#5665,#5666,#5667,#5668,#5669,#5670,#5671,#5672));
#2564=EDGE_LOOP('',(#5673,#5674,#5675,#5676,#5677,#5678,#5679,#5680));
#2565=AXIS2_PLACEMENT_3D('',#5681,#5682,#5683);
#2566=EDGE_LOOP('',(#5684,#5685,#5686,#5687));
#2567=AXIS2_PLACEMENT_3D('',#5688,#5689,#5690);
#2568=EDGE_LOOP('',(#5691,#5692,#5693,#5694));
#2569=AXIS2_PLACEMENT_3D('',#5695,#5696,#5697);
#2570=EDGE_LOOP('',(#5698,#5699,#5700,#5701));
#2571=AXIS2_PLACEMENT_3D('',#5702,#5703,#5704);
#2572=EDGE_LOOP('',(#5705,#5706,#5707,#5708,#5709,#5710,#5711,#5712,#5713,#5714,#5715,#5716,#5717,#5718,#5719,#5720,#5721,#5722,#5723,#5724,#5725,#5726,#5727,#5728));
#2573=EDGE_LOOP('',(#5729,#5730,#5731,#5732,#5733,#5734,#5735,#5736,#5737,#5738,#5739,#5740));
#2574=AXIS2_PLACEMENT_3D('',#5741,#5742,#5743);
#2575=EDGE_LOOP('',(#5744,#5745,#5746,#5747));
#2576=AXIS2_PLACEMENT_3D('',#5748,#5749,#5750);
#2577=EDGE_LOOP('',(#5751,#5752,#5753,#5754));
#2578=AXIS2_PLACEMENT_3D('',#5755,#5756,#5757);
#2579=EDGE_LOOP('',(#5758,#5759,#5760,#5761));
#2580=AXIS2_PLACEMENT_3D('',#5762,#5763,#5764);
#2581=EDGE_LOOP('',(#5765,#5766,#5767,#5768));
#2582=AXIS2_PLACEMENT_3D('',#5769,#5770,#5771);
#2583=EDGE_LOOP('',(#5772,#5773,#5774,#5775));
#2584=AXIS2_PLACEMENT_3D('',#5776,#5777,#5778);
#2585=EDGE_LOOP('',(#5779,#5780,#5781,#5782));
#2586=AXIS2_PLACEMENT_3D('',#5783,#5784,#5785);
#2587=EDGE_LOOP('',(#5786,#5787,#5788,#5789));
#2588=AXIS2_PLACEMENT_3D('',#5790,#5791,#5792);
#2589=EDGE_LOOP('',(#5793,#5794,#5795,#5796));
#2590=AXIS2_PLACEMENT_3D('',#5797,#5798,#5799);
#2591=EDGE_LOOP('',(#5800,#5801,#5802,#5803));
#2592=AXIS2_PLACEMENT_3D('',#5804,#5805,#5806);
#2593=EDGE_LOOP('',(#5807,#5808,#5809,#5810));
#2594=AXIS2_PLACEMENT_3D('',#5811,#5812,#5813);
#2595=EDGE_LOOP('',(#5814,#5815,#5816,#5817));
#2596=AXIS2_PLACEMENT_3D('',#5818,#5819,#5820);
#2597=EDGE_LOOP('',(#5821,#5822,#5823,#5824));
#2598=AXIS2_PLACEMENT_3D('',#5825,#5826,#5827);
#2599=EDGE_LOOP('',(#5828,#5829,#5830,#5831));
#2600=AXIS2_PLACEMENT_3D('',#5832,#5833,#5834);
#2601=EDGE_LOOP('',(#5835,#5836,#5837,#5838));
#2602=AXIS2_PLACEMENT_3D('',#5839,#5840,#5841);
#2603=EDGE_LOOP('',(#5842,#5843,#5844,#5845));
#2604=AXIS2_PLACEMENT_3D('',#5846,#5847,#5848);
#2605=EDGE_LOOP('',(#5849,#5850,#5851,#5852));
#2606=AXIS2_PLACEMENT_3D('',#5853,#5854,#5855);
#2607=EDGE_LOOP('',(#5856,#5857,#5858,#5859));
#2608=AXIS2_PLACEMENT_3D('',#5860,#5861,#5862);
#2609=EDGE_LOOP('',(#5863,#5864,#5865,#5866));
#2610=AXIS2_PLACEMENT_3D('',#5867,#5868,#5869);
#2611=EDGE_LOOP('',(#5870,#5871,#5872,#5873));
#2612=AXIS2_PLACEMENT_3D('',#5874,#5875,#5876);
#2613=EDGE_LOOP('',(#5877,#5878,#5879,#5880));
#2614=AXIS2_PLACEMENT_3D('',#5881,#5882,#5883);
#2615=EDGE_LOOP('',(#5884,#5885,#5886,#5887,#5888,#5889,#5890,#5891,#5892,#5893,#5894,#5895,#5896,#5897,#5898,#5899,#5900,#5901,#5902,#5903,#5904,#5905,#5906,#5907,#5908,#5909,#5910,#5911,#5912,#5913,#5914,#5915,#5916,#5917,#5918,#5919,#5920,#5921,#5922,#5923,#5924,#5925,#5926,#5927,#5928,#5929,#5930,#5931,#5932,#5933));
#2616=AXIS2_PLACEMENT_3D('',#5934,#5935,#5936);
#2617=EDGE_LOOP('',(#5937,#5938,#5939,#5940));
#2618=AXIS2_PLACEMENT_3D('',#5941,#5942,#5943);
#2619=EDGE_LOOP('',(#5944,#5945,#5946,#5947));
#2620=AXIS2_PLACEMENT_3D('',#5948,#5949,#5950);
#2621=EDGE_LOOP('',(#5951,#5952,#5953,#5954));
#2622=AXIS2_PLACEMENT_3D('',#5955,#5956,#5957);
#2623=EDGE_LOOP('',(#5958,#5959,#5960,#5961));
#2624=AXIS2_PLACEMENT_3D('',#5962,#5963,#5964);
#2625=EDGE_LOOP('',(#5965,#5966,#5967,#5968));
#2626=AXIS2_PLACEMENT_3D('',#5969,#5970,#5971);
#2627=EDGE_LOOP('',(#5972,#5973,#5974,#5975,#5976,#5977));
#2628=AXIS2_PLACEMENT_3D('',#5978,#5979,#5980);
#2629=EDGE_LOOP('',(#5981,#5982,#5983,#5984,#5985));
#2630=AXIS2_PLACEMENT_3D('',#5986,#5987,#5988);
#2631=EDGE_LOOP('',(#5989,#5990,#5991,#5992));
#2632=AXIS2_PLACEMENT_3D('',#5993,#5994,#5995);
#2633=EDGE_LOOP('',(#5996,#5997,#5998,#5999));
#2634=AXIS2_PLACEMENT_3D('',#6000,#6001,#6002);
#2635=EDGE_LOOP('',(#6003,#6004,#6005,#6006));
#2636=AXIS2_PLACEMENT_3D('',#6007,#6008,#6009);
#2637=EDGE_LOOP('',(#6010,#6011,#6012,#6013));
#2638=AXIS2_PLACEMENT_3D('',#6014,#6015,#6016);
#2639=EDGE_LOOP('',(#6017,#6018,#6019,#6020));
#2640=AXIS2_PLACEMENT_3D('',#6021,#6022,#6023);
#2641=EDGE_LOOP('',(#6024,#6025,#6026,#6027));
#2642=AXIS2_PLACEMENT_3D('',#6028,#6029,#6030);
#2643=EDGE_LOOP('',(#6031,#6032,#6033,#6034));
#2644=AXIS2_PLACEMENT_3D('',#6035,#6036,#6037);
#2645=EDGE_LOOP('',(#6038,#6039,#6040,#6041));
#2646=AXIS2_PLACEMENT_3D('',#6042,#6043,#6044);
#2647=EDGE_LOOP('',(#6045,#6046,#6047,#6048));
#2648=AXIS2_PLACEMENT_3D('',#6049,#6050,#6051);
#2649=EDGE_LOOP('',(#6052,#6053,#6054,#6055));
#2650=AXIS2_PLACEMENT_3D('',#6056,#6057,#6058);
#2651=EDGE_LOOP('',(#6059,#6060,#6061,#6062));
#2652=AXIS2_PLACEMENT_3D('',#6063,#6064,#6065);
#2653=EDGE_LOOP('',(#6066,#6067,#6068,#6069));
#2654=AXIS2_PLACEMENT_3D('',#6070,#6071,#6072);
#2655=EDGE_LOOP('',(#6073,#6074,#6075,#6076));
#2656=AXIS2_PLACEMENT_3D('',#6077,#6078,#6079);
#2657=EDGE_LOOP('',(#6080,#6081,#6082,#6083));
#2658=AXIS2_PLACEMENT_3D('',#6084,#6085,#6086);
#2659=EDGE_LOOP('',(#6087,#6088,#6089,#6090));
#2660=AXIS2_PLACEMENT_3D('',#6091,#6092,#6093);
#2661=EDGE_LOOP('',(#6094,#6095,#6096,#6097));
#2662=AXIS2_PLACEMENT_3D('',#6098,#6099,#6100);
#2663=EDGE_LOOP('',(#6101,#6102,#6103,#6104));
#2664=AXIS2_PLACEMENT_3D('',#6105,#6106,#6107);
#2665=EDGE_LOOP('',(#6108,#6109,#6110,#6111));
#2666=AXIS2_PLACEMENT_3D('',#6112,#6113,#6114);
#2667=EDGE_LOOP('',(#6115,#6116,#6117,#6118));
#2668=AXIS2_PLACEMENT_3D('',#6119,#6120,#6121);
#2669=EDGE_LOOP('',(#6122,#6123,#6124,#6125));
#2670=AXIS2_PLACEMENT_3D('',#6126,#6127,#6128);
#2671=EDGE_LOOP('',(#6129,#6130,#6131,#6132));
#2672=AXIS2_PLACEMENT_3D('',#6133,#6134,#6135);
#2673=EDGE_LOOP('',(#6136,#6137,#6138,#6139));
#2674=AXIS2_PLACEMENT_3D('',#6140,#6141,#6142);
#2675=EDGE_LOOP('',(#6143,#6144,#6145,#6146,#6147,#6148,#6149,#6150));
#2676=AXIS2_PLACEMENT_3D('',#6151,#6152,#6153);
#2677=EDGE_LOOP('',(#6154,#6155,#6156,#6157));
#2678=AXIS2_PLACEMENT_3D('',#6158,#6159,#6160);
#2679=EDGE_LOOP('',(#6161,#6162,#6163,#6164));
#2680=AXIS2_PLACEMENT_3D('',#6165,#6166,#6167);
#2681=EDGE_LOOP('',(#6168,#6169,#6170,#6171));
#2682=AXIS2_PLACEMENT_3D('',#6172,#6173,#6174);
#2683=EDGE_LOOP('',(#6175,#6176,#6177,#6178));
#2684=AXIS2_PLACEMENT_3D('',#6179,#6180,#6181);
#2685=EDGE_LOOP('',(#6182,#6183,#6184,#6185));
#2686=AXIS2_PLACEMENT_3D('',#6186,#6187,#6188);
#2687=EDGE_LOOP('',(#6189,#6190,#6191,#6192));
#2688=AXIS2_PLACEMENT_3D('',#6193,#6194,#6195);
#2689=EDGE_LOOP('',(#6196,#6197,#6198,#6199));
#2690=AXIS2_PLACEMENT_3D('',#6200,#6201,#6202);
#2691=EDGE_LOOP('',(#6203,#6204,#6205,#6206));
#2692=AXIS2_PLACEMENT_3D('',#6207,#6208,#6209);
#2693=EDGE_LOOP('',(#6210,#6211,#6212,#6213,#6214));
#2694=AXIS2_PLACEMENT_3D('',#6215,#6216,#6217);
#2695=EDGE_LOOP('',(#6218,#6219,#6220,#6221));
#2696=AXIS2_PLACEMENT_3D('',#6222,#6223,#6224);
#2697=EDGE_LOOP('',(#6225,#6226,#6227,#6228));
#2698=AXIS2_PLACEMENT_3D('',#6229,#6230,#6231);
#2699=EDGE_LOOP('',(#6232,#6233,#6234,#6235));
#2700=AXIS2_PLACEMENT_3D('',#6236,#6237,#6238);
#2701=EDGE_LOOP('',(#6239,#6240,#6241,#6242));
#2702=AXIS2_PLACEMENT_3D('',#6243,#6244,#6245);
#2703=EDGE_LOOP('',(#6246,#6247,#6248,#6249));
#2704=AXIS2_PLACEMENT_3D('',#6250,#6251,#6252);
#2705=EDGE_LOOP('',(#6253,#6254,#6255,#6256));
#2706=AXIS2_PLACEMENT_3D('',#6257,#6258,#6259);
#2707=EDGE_LOOP('',(#6260,#6261,#6262,#6263));
#2708=AXIS2_PLACEMENT_3D('',#6264,#6265,#6266);
#2709=EDGE_LOOP('',(#6267,#6268,#6269,#6270));
#2710=AXIS2_PLACEMENT_3D('',#6271,#6272,#6273);
#2711=EDGE_LOOP('',(#6274,#6275,#6276,#6277));
#2712=AXIS2_PLACEMENT_3D('',#6278,#6279,#6280);
#2713=EDGE_LOOP('',(#6281,#6282,#6283,#6284));
#2714=AXIS2_PLACEMENT_3D('',#6285,#6286,#6287);
#2715=EDGE_LOOP('',(#6288,#6289,#6290,#6291));
#2716=AXIS2_PLACEMENT_3D('',#6292,#6293,#6294);
#2717=EDGE_LOOP('',(#6295,#6296,#6297,#6298));
#2718=AXIS2_PLACEMENT_3D('',#6299,#6300,#6301);
#2719=EDGE_LOOP('',(#6302,#6303,#6304,#6305));
#2720=AXIS2_PLACEMENT_3D('',#6306,#6307,#6308);
#2721=EDGE_LOOP('',(#6309,#6310,#6311,#6312));
#2722=AXIS2_PLACEMENT_3D('',#6313,#6314,#6315);
#2723=EDGE_LOOP('',(#6316,#6317,#6318,#6319));
#2724=AXIS2_PLACEMENT_3D('',#6320,#6321,#6322);
#2725=EDGE_LOOP('',(#6323,#6324,#6325,#6326,#6327,#6328,#6329,#6330,#6331,#6332,#6333));
#2726=AXIS2_PLACEMENT_3D('',#6334,#6335,#6336);
#2727=EDGE_LOOP('',(#6337,#6338,#6339,#6340,#6341,#6342,#6343,#6344,#6345,#6346,#6347,#6348,#6349,#6350,#6351,#6352,#6353,#6354));
#2728=EDGE_LOOP('',(#6355,#6356));
#2729=EDGE_LOOP('',(#6357,#6358));
#2730=AXIS2_PLACEMENT_3D('',#6359,#6360,#6361);
#2731=EDGE_LOOP('',(#6362,#6363,#6364,#6365));
#2732=AXIS2_PLACEMENT_3D('',#6366,#6367,#6368);
#2733=EDGE_LOOP('',(#6369,#6370,#6371,#6372));
#2734=AXIS2_PLACEMENT_3D('',#6373,#6374,#6375);
#2735=EDGE_LOOP('',(#6376,#6377,#6378,#6379));
#2736=AXIS2_PLACEMENT_3D('',#6380,#6381,#6382);
#2737=EDGE_LOOP('',(#6383,#6384,#6385,#6386));
#2738=AXIS2_PLACEMENT_3D('',#6387,#6388,#6389);
#2739=EDGE_LOOP('',(#6390,#6391,#6392,#6393));
#2740=AXIS2_PLACEMENT_3D('',#6394,#6395,#6396);
#2741=EDGE_LOOP('',(#6397,#6398,#6399,#6400));
#2742=AXIS2_PLACEMENT_3D('',#6401,#6402,#6403);
#2743=EDGE_LOOP('',(#6404,#6405,#6406,#6407));
#2744=AXIS2_PLACEMENT_3D('',#6408,#6409,#6410);
#2745=EDGE_LOOP('',(#6411,#6412,#6413,#6414));
#2746=AXIS2_PLACEMENT_3D('',#6415,#6416,#6417);
#2747=EDGE_LOOP('',(#6418,#6419,#6420,#6421));
#2748=AXIS2_PLACEMENT_3D('',#6422,#6423,#6424);
#2749=EDGE_LOOP('',(#6425,#6426,#6427,#6428));
#2750=AXIS2_PLACEMENT_3D('',#6429,#6430,#6431);
#2751=EDGE_LOOP('',(#6432,#6433,#6434,#6435));
#2752=AXIS2_PLACEMENT_3D('',#6436,#6437,#6438);
#2753=EDGE_LOOP('',(#6439,#6440,#6441,#6442));
#2754=AXIS2_PLACEMENT_3D('',#6443,#6444,#6445);
#2755=EDGE_LOOP('',(#6446,#6447,#6448,#6449));
#2756=AXIS2_PLACEMENT_3D('',#6450,#6451,#6452);
#2757=EDGE_LOOP('',(#6453,#6454,#6455,#6456));
#2758=AXIS2_PLACEMENT_3D('',#6457,#6458,#6459);
#2759=EDGE_LOOP('',(#6460,#6461,#6462,#6463));
#2760=AXIS2_PLACEMENT_3D('',#6464,#6465,#6466);
#2761=EDGE_LOOP('',(#6467,#6468,#6469,#6470));
#2762=AXIS2_PLACEMENT_3D('',#6471,#6472,#6473);
#2763=EDGE_LOOP('',(#6474,#6475,#6476,#6477));
#2764=AXIS2_PLACEMENT_3D('',#6478,#6479,#6480);
#2765=EDGE_LOOP('',(#6481,#6482,#6483,#6484));
#2766=AXIS2_PLACEMENT_3D('',#6485,#6486,#6487);
#2767=EDGE_LOOP('',(#6488,#6489,#6490,#6491));
#2768=AXIS2_PLACEMENT_3D('',#6492,#6493,#6494);
#2769=EDGE_LOOP('',(#6495,#6496,#6497,#6498));
#2770=AXIS2_PLACEMENT_3D('',#6499,#6500,#6501);
#2771=EDGE_LOOP('',(#6502,#6503,#6504,#6505));
#2772=AXIS2_PLACEMENT_3D('',#6506,#6507,#6508);
#2773=EDGE_LOOP('',(#6509,#6510,#6511,#6512));
#2774=AXIS2_PLACEMENT_3D('',#6513,#6514,#6515);
#2775=EDGE_LOOP('',(#6516,#6517,#6518,#6519));
#2776=AXIS2_PLACEMENT_3D('',#6520,#6521,#6522);
#2777=EDGE_LOOP('',(#6523,#6524,#6525,#6526,#6527,#6528));
#2778=EDGE_LOOP('',(#6529,#6530,#6531,#6532));
#2779=EDGE_LOOP('',(#6533,#6534,#6535,#6536));
#2780=AXIS2_PLACEMENT_3D('',#6537,#6538,#6539);
#2781=EDGE_LOOP('',(#6540,#6541,#6542,#6543));
#2782=AXIS2_PLACEMENT_3D('',#6544,#6545,#6546);
#2783=EDGE_LOOP('',(#6547,#6548,#6549,#6550));
#2784=AXIS2_PLACEMENT_3D('',#6551,#6552,#6553);
#2785=EDGE_LOOP('',(#6554,#6555,#6556,#6557));
#2786=AXIS2_PLACEMENT_3D('',#6558,#6559,#6560);
#2787=EDGE_LOOP('',(#6561,#6562,#6563,#6564));
#2788=AXIS2_PLACEMENT_3D('',#6565,#6566,#6567);
#2789=EDGE_LOOP('',(#6568,#6569,#6570,#6571));
#2790=AXIS2_PLACEMENT_3D('',#6572,#6573,#6574);
#2791=EDGE_LOOP('',(#6575,#6576,#6577,#6578,#6579,#6580,#6581,#6582,#6583,#6584,#6585,#6586));
#2792=AXIS2_PLACEMENT_3D('',#6587,#6588,#6589);
#2793=EDGE_LOOP('',(#6590,#6591,#6592,#6593));
#2794=AXIS2_PLACEMENT_3D('',#6594,#6595,#6596);
#2795=EDGE_LOOP('',(#6597,#6598,#6599,#6600,#6601,#6602));
#2796=AXIS2_PLACEMENT_3D('',#6603,#6604,#6605);
#2797=EDGE_LOOP('',(#6606,#6607,#6608,#6609));
#2798=AXIS2_PLACEMENT_3D('',#6610,#6611,#6612);
#2799=EDGE_LOOP('',(#6613,#6614,#6615,#6616,#6617,#6618));
#2800=AXIS2_PLACEMENT_3D('',#6619,#6620,#6621);
#2801=EDGE_LOOP('',(#6622,#6623,#6624,#6625));
#2802=AXIS2_PLACEMENT_3D('',#6626,#6627,#6628);
#2803=EDGE_LOOP('',(#6629,#6630,#6631,#6632));
#2804=AXIS2_PLACEMENT_3D('',#6633,#6634,#6635);
#2805=EDGE_LOOP('',(#6636,#6637,#6638,#6639));
#2806=AXIS2_PLACEMENT_3D('',#6640,#6641,#6642);
#2807=EDGE_LOOP('',(#6643,#6644,#6645,#6646));
#2808=AXIS2_PLACEMENT_3D('',#6647,#6648,#6649);
#2809=EDGE_LOOP('',(#6650,#6651,#6652,#6653));
#2810=AXIS2_PLACEMENT_3D('',#6654,#6655,#6656);
#2811=EDGE_LOOP('',(#6657,#6658,#6659,#6660));
#2812=AXIS2_PLACEMENT_3D('',#6661,#6662,#6663);
#2813=EDGE_LOOP('',(#6664,#6665,#6666,#6667));
#2814=AXIS2_PLACEMENT_3D('',#6668,#6669,#6670);
#2815=EDGE_LOOP('',(#6671,#6672,#6673,#6674));
#2816=AXIS2_PLACEMENT_3D('',#6675,#6676,#6677);
#2817=EDGE_LOOP('',(#6678,#6679,#6680,#6681));
#2818=AXIS2_PLACEMENT_3D('',#6682,#6683,#6684);
#2819=EDGE_LOOP('',(#6685,#6686,#6687,#6688));
#2820=AXIS2_PLACEMENT_3D('',#6689,#6690,#6691);
#2821=EDGE_LOOP('',(#6692,#6693));
#2822=EDGE_LOOP('',(#6694,#6695));
#2823=AXIS2_PLACEMENT_3D('',#6696,#6697,#6698);
#2824=EDGE_LOOP('',(#6699,#6700,#6701,#6702));
#2825=AXIS2_PLACEMENT_3D('',#6703,#6704,#6705);
#2826=EDGE_LOOP('',(#6706,#6707,#6708,#6709));
#2827=AXIS2_PLACEMENT_3D('',#6710,#6711,#6712);
#2828=EDGE_LOOP('',(#6713,#6714,#6715,#6716));
#2829=AXIS2_PLACEMENT_3D('',#6717,#6718,#6719);
#2830=EDGE_LOOP('',(#6720,#6721,#6722,#6723));
#2831=AXIS2_PLACEMENT_3D('',#6724,#6725,#6726);
#2832=EDGE_LOOP('',(#6727,#6728,#6729,#6730));
#2833=AXIS2_PLACEMENT_3D('',#6731,#6732,#6733);
#2834=EDGE_LOOP('',(#6734,#6735,#6736,#6737));
#2835=AXIS2_PLACEMENT_3D('',#6738,#6739,#6740);
#2836=EDGE_LOOP('',(#6741,#6742,#6743,#6744));
#2837=AXIS2_PLACEMENT_3D('',#6745,#6746,#6747);
#2838=EDGE_LOOP('',(#6748,#6749,#6750,#6751));
#2839=AXIS2_PLACEMENT_3D('',#6752,#6753,#6754);
#2840=EDGE_LOOP('',(#6755,#6756,#6757,#6758));
#2841=AXIS2_PLACEMENT_3D('',#6759,#6760,#6761);
#2842=EDGE_LOOP('',(#6762,#6763,#6764,#6765));
#2843=AXIS2_PLACEMENT_3D('',#6766,#6767,#6768);
#2844=EDGE_LOOP('',(#6769,#6770,#6771,#6772));
#2845=AXIS2_PLACEMENT_3D('',#6773,#6774,#6775);
#2846=EDGE_LOOP('',(#6776,#6777,#6778,#6779));
#2847=AXIS2_PLACEMENT_3D('',#6780,#6781,#6782);
#2848=EDGE_LOOP('',(#6783,#6784,#6785,#6786));
#2849=AXIS2_PLACEMENT_3D('',#6787,#6788,#6789);
#2850=EDGE_LOOP('',(#6790,#6791,#6792,#6793));
#2851=AXIS2_PLACEMENT_3D('',#6794,#6795,#6796);
#2852=EDGE_LOOP('',(#6797,#6798,#6799,#6800));
#2853=AXIS2_PLACEMENT_3D('',#6801,#6802,#6803);
#2854=EDGE_LOOP('',(#6804,#6805,#6806,#6807));
#2855=AXIS2_PLACEMENT_3D('',#6808,#6809,#6810);
#2856=EDGE_LOOP('',(#6811,#6812,#6813,#6814));
#2857=AXIS2_PLACEMENT_3D('',#6815,#6816,#6817);
#2858=EDGE_LOOP('',(#6818,#6819,#6820,#6821));
#2859=AXIS2_PLACEMENT_3D('',#6822,#6823,#6824);
#2860=EDGE_LOOP('',(#6825,#6826,#6827,#6828));
#2861=AXIS2_PLACEMENT_3D('',#6829,#6830,#6831);
#2862=EDGE_LOOP('',(#6832,#6833,#6834,#6835));
#2863=AXIS2_PLACEMENT_3D('',#6836,#6837,#6838);
#2864=EDGE_LOOP('',(#6839,#6840,#6841,#6842));
#2865=AXIS2_PLACEMENT_3D('',#6843,#6844,#6845);
#2866=EDGE_LOOP('',(#6846,#6847,#6848,#6849));
#2867=AXIS2_PLACEMENT_3D('',#6850,#6851,#6852);
#2868=EDGE_LOOP('',(#6853,#6854,#6855,#6856));
#2869=AXIS2_PLACEMENT_3D('',#6857,#6858,#6859);
#2870=EDGE_LOOP('',(#6860,#6861,#6862,#6863));
#2871=AXIS2_PLACEMENT_3D('',#6864,#6865,#6866);
#2872=EDGE_LOOP('',(#6867,#6868,#6869,#6870));
#2873=AXIS2_PLACEMENT_3D('',#6871,#6872,#6873);
#2874=EDGE_LOOP('',(#6874,#6875,#6876,#6877));
#2875=AXIS2_PLACEMENT_3D('',#6878,#6879,#6880);
#2876=EDGE_LOOP('',(#6881,#6882,#6883,#6884));
#2877=AXIS2_PLACEMENT_3D('',#6885,#6886,#6887);
#2878=EDGE_LOOP('',(#6888,#6889,#6890,#6891));
#2879=EDGE_LOOP('',(#6892,#6893));
#2880=AXIS2_PLACEMENT_3D('',#6894,#6895,#6896);
#2881=EDGE_LOOP('',(#6897,#6898,#6899,#6900));
#2882=AXIS2_PLACEMENT_3D('',#6901,#6902,#6903);
#2883=EDGE_LOOP('',(#6904,#6905,#6906,#6907));
#2884=AXIS2_PLACEMENT_3D('',#6908,#6909,#6910);
#2885=EDGE_LOOP('',(#6911,#6912,#6913,#6914,#6915,#6916,#6917));
#2886=AXIS2_PLACEMENT_3D('',#6918,#6919,#6920);
#2887=EDGE_LOOP('',(#6921,#6922,#6923,#6924));
#2888=AXIS2_PLACEMENT_3D('',#6925,#6926,#6927);
#2889=EDGE_LOOP('',(#6928,#6929));
#2890=AXIS2_PLACEMENT_3D('',#6930,#6931,#6932);
#2891=EDGE_LOOP('',(#6933,#6934,#6935,#6936));
#2892=AXIS2_PLACEMENT_3D('',#6937,#6938,#6939);
#2893=EDGE_LOOP('',(#6940,#6941,#6942,#6943));
#2894=AXIS2_PLACEMENT_3D('',#6944,#6945,#6946);
#2895=EDGE_LOOP('',(#6947,#6948,#6949,#6950));
#2896=AXIS2_PLACEMENT_3D('',#6951,#6952,#6953);
#2897=EDGE_LOOP('',(#6954,#6955,#6956,#6957));
#2898=AXIS2_PLACEMENT_3D('',#6958,#6959,#6960);
#2899=EDGE_LOOP('',(#6961,#6962,#6963,#6964));
#2900=AXIS2_PLACEMENT_3D('',#6965,#6966,#6967);
#2901=EDGE_LOOP('',(#6968,#6969,#6970,#6971));
#2902=AXIS2_PLACEMENT_3D('',#6972,#6973,#6974);
#2903=EDGE_LOOP('',(#6975,#6976,#6977,#6978));
#2904=AXIS2_PLACEMENT_3D('',#6979,#6980,#6981);
#2905=EDGE_LOOP('',(#6982,#6983,#6984,#6985));
#2906=AXIS2_PLACEMENT_3D('',#6986,#6987,#6988);
#2907=EDGE_LOOP('',(#6989,#6990,#6991,#6992));
#2908=AXIS2_PLACEMENT_3D('',#6993,#6994,#6995);
#2909=EDGE_LOOP('',(#6996,#6997,#6998,#6999,#7000));
#2910=AXIS2_PLACEMENT_3D('',#7001,#7002,#7003);
#2911=EDGE_LOOP('',(#7004,#7005,#7006,#7007,#7008,#7009,#7010,#7011));
#2912=AXIS2_PLACEMENT_3D('',#7012,#7013,#7014);
#2913=EDGE_LOOP('',(#7015,#7016,#7017,#7018));
#2914=AXIS2_PLACEMENT_3D('',#7019,#7020,#7021);
#2915=EDGE_LOOP('',(#7022,#7023,#7024,#7025));
#2916=AXIS2_PLACEMENT_3D('',#7026,#7027,#7028);
#2917=EDGE_LOOP('',(#7029,#7030,#7031,#7032));
#2918=AXIS2_PLACEMENT_3D('',#7033,#7034,#7035);
#2919=EDGE_LOOP('',(#7036,#7037,#7038,#7039));
#2920=AXIS2_PLACEMENT_3D('',#7040,#7041,#7042);
#2921=EDGE_LOOP('',(#7043,#7044,#7045,#7046,#7047,#7048));
#2922=AXIS2_PLACEMENT_3D('',#7049,#7050,#7051);
#2923=EDGE_LOOP('',(#7052,#7053,#7054,#7055,#7056));
#2924=AXIS2_PLACEMENT_3D('',#7057,#7058,#7059);
#2925=EDGE_LOOP('',(#7060,#7061,#7062,#7063,#7064,#7065));
#2926=AXIS2_PLACEMENT_3D('',#7066,#7067,#7068);
#2927=EDGE_LOOP('',(#7069,#7070,#7071,#7072,#7073));
#2928=AXIS2_PLACEMENT_3D('',#7074,#7075,#7076);
#2929=EDGE_LOOP('',(#7077,#7078,#7079,#7080,#7081));
#2930=AXIS2_PLACEMENT_3D('',#7082,#7083,#7084);
#2931=EDGE_LOOP('',(#7085,#7086,#7087,#7088));
#2932=AXIS2_PLACEMENT_3D('',#7089,#7090,#7091);
#2933=EDGE_LOOP('',(#7092,#7093,#7094,#7095));
#2934=AXIS2_PLACEMENT_3D('',#7096,#7097,#7098);
#2935=EDGE_LOOP('',(#7099,#7100,#7101,#7102));
#2936=AXIS2_PLACEMENT_3D('',#7103,#7104,#7105);
#2937=EDGE_LOOP('',(#7106,#7107,#7108,#7109));
#2938=AXIS2_PLACEMENT_3D('',#7110,#7111,#7112);
#2939=EDGE_LOOP('',(#7113,#7114,#7115,#7116));
#2940=AXIS2_PLACEMENT_3D('',#7117,#7118,#7119);
#2941=EDGE_LOOP('',(#7120,#7121,#7122,#7123));
#2942=AXIS2_PLACEMENT_3D('',#7124,#7125,#7126);
#2943=EDGE_LOOP('',(#7127,#7128,#7129,#7130,#7131,#7132,#7133,#7134,#7135,#7136,#7137,#7138));
#2944=AXIS2_PLACEMENT_3D('',#7139,#7140,#7141);
#2945=EDGE_LOOP('',(#7142,#7143,#7144,#7145,#7146));
#2946=AXIS2_PLACEMENT_3D('',#7147,#7148,#7149);
#2947=EDGE_LOOP('',(#7150,#7151,#7152,#7153));
#2948=AXIS2_PLACEMENT_3D('',#7154,#7155,#7156);
#2949=EDGE_LOOP('',(#7157,#7158,#7159,#7160));
#2950=AXIS2_PLACEMENT_3D('',#7161,#7162,#7163);
#2951=EDGE_LOOP('',(#7164,#7165,#7166,#7167));
#2952=AXIS2_PLACEMENT_3D('',#7168,#7169,#7170);
#2953=EDGE_LOOP('',(#7171,#7172,#7173,#7174));
#2954=AXIS2_PLACEMENT_3D('',#7175,#7176,#7177);
#2955=EDGE_LOOP('',(#7178,#7179,#7180,#7181));
#2956=AXIS2_PLACEMENT_3D('',#7182,#7183,#7184);
#2957=EDGE_LOOP('',(#7185,#7186,#7187,#7188));
#2958=AXIS2_PLACEMENT_3D('',#7189,#7190,#7191);
#2959=EDGE_LOOP('',(#7192,#7193,#7194,#7195));
#2960=AXIS2_PLACEMENT_3D('',#7196,#7197,#7198);
#2961=EDGE_LOOP('',(#7199,#7200,#7201));
#2962=AXIS2_PLACEMENT_3D('',#7202,#7203,#7204);
#2963=EDGE_LOOP('',(#7205,#7206,#7207,#7208));
#2964=AXIS2_PLACEMENT_3D('',#7209,#7210,#7211);
#2965=EDGE_LOOP('',(#7212,#7213,#7214,#7215));
#2966=AXIS2_PLACEMENT_3D('',#7216,#7217,#7218);
#2967=EDGE_LOOP('',(#7219,#7220,#7221,#7222,#7223,#7224,#7225,#7226,#7227,#7228));
#2968=AXIS2_PLACEMENT_3D('',#7229,#7230,#7231);
#2969=EDGE_LOOP('',(#7232,#7233,#7234,#7235,#7236,#7237,#7238,#7239,#7240,#7241));
#2970=AXIS2_PLACEMENT_3D('',#7242,#7243,#7244);
#2971=EDGE_LOOP('',(#7245,#7246,#7247,#7248));
#2972=AXIS2_PLACEMENT_3D('',#7249,#7250,#7251);
#2973=EDGE_LOOP('',(#7252,#7253,#7254,#7255));
#2974=AXIS2_PLACEMENT_3D('',#7256,#7257,#7258);
#2975=EDGE_LOOP('',(#7259,#7260,#7261,#7262));
#2976=AXIS2_PLACEMENT_3D('',#7263,#7264,#7265);
#2977=EDGE_LOOP('',(#7266,#7267,#7268,#7269));
#2978=AXIS2_PLACEMENT_3D('',#7270,#7271,#7272);
#2979=EDGE_LOOP('',(#7273,#7274,#7275,#7276));
#2980=AXIS2_PLACEMENT_3D('',#7277,#7278,#7279);
#2981=EDGE_LOOP('',(#7280,#7281,#7282,#7283));
#2982=AXIS2_PLACEMENT_3D('',#7284,#7285,#7286);
#2983=EDGE_LOOP('',(#7287,#7288,#7289,#7290));
#2984=AXIS2_PLACEMENT_3D('',#7291,#7292,#7293);
#2985=EDGE_LOOP('',(#7294,#7295,#7296,#7297));
#2986=AXIS2_PLACEMENT_3D('',#7298,#7299,#7300);
#2987=EDGE_LOOP('',(#7301,#7302,#7303,#7304));
#2988=AXIS2_PLACEMENT_3D('',#7305,#7306,#7307);
#2989=EDGE_LOOP('',(#7308,#7309,#7310,#7311));
#2990=AXIS2_PLACEMENT_3D('',#7312,#7313,#7314);
#2991=EDGE_LOOP('',(#7315,#7316,#7317,#7318));
#2992=AXIS2_PLACEMENT_3D('',#7319,#7320,#7321);
#2993=EDGE_LOOP('',(#7322,#7323,#7324,#7325));
#2994=AXIS2_PLACEMENT_3D('',#7326,#7327,#7328);
#2995=EDGE_LOOP('',(#7329,#7330,#7331,#7332));
#2996=AXIS2_PLACEMENT_3D('',#7333,#7334,#7335);
#2997=EDGE_LOOP('',(#7336,#7337,#7338,#7339));
#2998=AXIS2_PLACEMENT_3D('',#7340,#7341,#7342);
#2999=EDGE_LOOP('',(#7343,#7344,#7345,#7346));
#3000=AXIS2_PLACEMENT_3D('',#7347,#7348,#7349);
#3001=EDGE_LOOP('',(#7350,#7351,#7352,#7353,#7354,#7355,#7356,#7357,#7358,#7359,#7360,#7361,#7362,#7363,#7364,#7365,#7366,#7367,#7368,#7369,#7370));
#3002=EDGE_LOOP('',(#7371,#7372,#7373,#7374,#7375,#7376,#7377,#7378,#7379,#7380,#7381,#7382));
#3003=EDGE_LOOP('',(#7383,#7384,#7385,#7386,#7387,#7388,#7389,#7390,#7391,#7392,#7393,#7394));
#3004=AXIS2_PLACEMENT_3D('',#7395,#7396,#7397);
#3005=EDGE_LOOP('',(#7398,#7399,#7400,#7401));
#3006=AXIS2_PLACEMENT_3D('',#7402,#7403,#7404);
#3007=EDGE_LOOP('',(#7405,#7406,#7407,#7408));
#3008=AXIS2_PLACEMENT_3D('',#7409,#7410,#7411);
#3009=EDGE_LOOP('',(#7412,#7413,#7414,#7415));
#3010=AXIS2_PLACEMENT_3D('',#7416,#7417,#7418);
#3011=EDGE_LOOP('',(#7419,#7420,#7421,#7422));
#3012=AXIS2_PLACEMENT_3D('',#7423,#7424,#7425);
#3013=EDGE_LOOP('',(#7426,#7427,#7428,#7429));
#3014=AXIS2_PLACEMENT_3D('',#7430,#7431,#7432);
#3015=EDGE_LOOP('',(#7433,#7434,#7435,#7436));
#3016=AXIS2_PLACEMENT_3D('',#7437,#7438,#7439);
#3017=EDGE_LOOP('',(#7440,#7441,#7442,#7443));
#3018=AXIS2_PLACEMENT_3D('',#7444,#7445,#7446);
#3019=EDGE_LOOP('',(#7447,#7448,#7449,#7450));
#3020=AXIS2_PLACEMENT_3D('',#7451,#7452,#7453);
#3021=EDGE_LOOP('',(#7454,#7455,#7456,#7457));
#3022=AXIS2_PLACEMENT_3D('',#7458,#7459,#7460);
#3023=EDGE_LOOP('',(#7461,#7462,#7463,#7464));
#3024=AXIS2_PLACEMENT_3D('',#7465,#7466,#7467);
#3025=EDGE_LOOP('',(#7468,#7469,#7470,#7471));
#3026=AXIS2_PLACEMENT_3D('',#7472,#7473,#7474);
#3027=EDGE_LOOP('',(#7475,#7476,#7477,#7478));
#3028=AXIS2_PLACEMENT_3D('',#7479,#7480,#7481);
#3029=EDGE_LOOP('',(#7482,#7483,#7484,#7485));
#3030=AXIS2_PLACEMENT_3D('',#7486,#7487,#7488);
#3031=EDGE_LOOP('',(#7489,#7490,#7491,#7492));
#3032=AXIS2_PLACEMENT_3D('',#7493,#7494,#7495);
#3033=EDGE_LOOP('',(#7496,#7497,#7498,#7499));
#3034=AXIS2_PLACEMENT_3D('',#7500,#7501,#7502);
#3035=EDGE_LOOP('',(#7503,#7504,#7505,#7506));
#3036=AXIS2_PLACEMENT_3D('',#7507,#7508,#7509);
#3037=EDGE_LOOP('',(#7510,#7511,#7512,#7513));
#3038=AXIS2_PLACEMENT_3D('',#7514,#7515,#7516);
#3039=EDGE_LOOP('',(#7517,#7518,#7519,#7520));
#3040=AXIS2_PLACEMENT_3D('',#7521,#7522,#7523);
#3041=EDGE_LOOP('',(#7524,#7525,#7526,#7527));
#3042=AXIS2_PLACEMENT_3D('',#7528,#7529,#7530);
#3043=EDGE_LOOP('',(#7531,#7532,#7533,#7534));
#3044=AXIS2_PLACEMENT_3D('',#7535,#7536,#7537);
#3045=EDGE_LOOP('',(#7538,#7539,#7540,#7541));
#3046=AXIS2_PLACEMENT_3D('',#7542,#7543,#7544);
#3047=EDGE_LOOP('',(#7545,#7546,#7547,#7548));
#3048=AXIS2_PLACEMENT_3D('',#7549,#7550,#7551);
#3049=EDGE_LOOP('',(#7552,#7553,#7554,#7555));
#3050=AXIS2_PLACEMENT_3D('',#7556,#7557,#7558);
#3051=EDGE_LOOP('',(#7559,#7560,#7561,#7562));
#3052=AXIS2_PLACEMENT_3D('',#7563,#7564,#7565);
#3053=EDGE_LOOP('',(#7566,#7567,#7568,#7569));
#3054=AXIS2_PLACEMENT_3D('',#7570,#7571,#7572);
#3055=EDGE_LOOP('',(#7573,#7574,#7575,#7576));
#3056=AXIS2_PLACEMENT_3D('',#7577,#7578,#7579);
#3057=EDGE_LOOP('',(#7580,#7581,#7582,#7583));
#3058=AXIS2_PLACEMENT_3D('',#7584,#7585,#7586);
#3059=EDGE_LOOP('',(#7587,#7588,#7589,#7590));
#3060=AXIS2_PLACEMENT_3D('',#7591,#7592,#7593);
#3061=EDGE_LOOP('',(#7594,#7595,#7596,#7597));
#3062=AXIS2_PLACEMENT_3D('',#7598,#7599,#7600);
#3063=EDGE_LOOP('',(#7601,#7602,#7603,#7604));
#3064=AXIS2_PLACEMENT_3D('',#7605,#7606,#7607);
#3065=EDGE_LOOP('',(#7608,#7609,#7610,#7611));
#3066=AXIS2_PLACEMENT_3D('',#7612,#7613,#7614);
#3067=EDGE_LOOP('',(#7615,#7616,#7617,#7618));
#3068=AXIS2_PLACEMENT_3D('',#7619,#7620,#7621);
#3069=EDGE_LOOP('',(#7622,#7623,#7624,#7625));
#3070=AXIS2_PLACEMENT_3D('',#7626,#7627,#7628);
#3071=EDGE_LOOP('',(#7629,#7630,#7631,#7632));
#3072=AXIS2_PLACEMENT_3D('',#7633,#7634,#7635);
#3073=EDGE_LOOP('',(#7636,#7637,#7638,#7639));
#3074=AXIS2_PLACEMENT_3D('',#7640,#7641,#7642);
#3075=EDGE_LOOP('',(#7643,#7644,#7645,#7646));
#3076=AXIS2_PLACEMENT_3D('',#7647,#7648,#7649);
#3077=EDGE_LOOP('',(#7650,#7651,#7652,#7653));
#3078=AXIS2_PLACEMENT_3D('',#7654,#7655,#7656);
#3079=EDGE_LOOP('',(#7657,#7658,#7659,#7660));
#3080=AXIS2_PLACEMENT_3D('',#7661,#7662,#7663);
#3081=EDGE_LOOP('',(#7664,#7665,#7666,#7667));
#3082=AXIS2_PLACEMENT_3D('',#7668,#7669,#7670);
#3083=EDGE_LOOP('',(#7671,#7672,#7673,#7674));
#3084=AXIS2_PLACEMENT_3D('',#7675,#7676,#7677);
#3085=EDGE_LOOP('',(#7678,#7679,#7680,#7681));
#3086=AXIS2_PLACEMENT_3D('',#7682,#7683,#7684);
#3087=EDGE_LOOP('',(#7685,#7686,#7687,#7688));
#3088=AXIS2_PLACEMENT_3D('',#7689,#7690,#7691);
#3089=EDGE_LOOP('',(#7692,#7693,#7694,#7695));
#3090=AXIS2_PLACEMENT_3D('',#7696,#7697,#7698);
#3091=EDGE_LOOP('',(#7699,#7700,#7701,#7702));
#3092=AXIS2_PLACEMENT_3D('',#7703,#7704,#7705);
#3093=EDGE_LOOP('',(#7706,#7707,#7708,#7709));
#3094=AXIS2_PLACEMENT_3D('',#7710,#7711,#7712);
#3095=EDGE_LOOP('',(#7713,#7714,#7715,#7716));
#3096=AXIS2_PLACEMENT_3D('',#7717,#7718,#7719);
#3097=EDGE_LOOP('',(#7720,#7721,#7722,#7723));
#3098=AXIS2_PLACEMENT_3D('',#7724,#7725,#7726);
#3099=EDGE_LOOP('',(#7727,#7728,#7729,#7730));
#3100=AXIS2_PLACEMENT_3D('',#7731,#7732,#7733);
#3101=EDGE_LOOP('',(#7734,#7735,#7736,#7737));
#3102=AXIS2_PLACEMENT_3D('',#7738,#7739,#7740);
#3103=EDGE_LOOP('',(#7741,#7742,#7743,#7744));
#3104=AXIS2_PLACEMENT_3D('',#7745,#7746,#7747);
#3105=EDGE_LOOP('',(#7748,#7749,#7750,#7751));
#3106=AXIS2_PLACEMENT_3D('',#7752,#7753,#7754);
#3107=EDGE_LOOP('',(#7755,#7756,#7757,#7758));
#3108=AXIS2_PLACEMENT_3D('',#7759,#7760,#7761);
#3109=EDGE_LOOP('',(#7762,#7763,#7764,#7765));
#3110=AXIS2_PLACEMENT_3D('',#7766,#7767,#7768);
#3111=EDGE_LOOP('',(#7769,#7770,#7771,#7772));
#3112=AXIS2_PLACEMENT_3D('',#7773,#7774,#7775);
#3113=EDGE_LOOP('',(#7776,#7777,#7778,#7779));
#3114=AXIS2_PLACEMENT_3D('',#7780,#7781,#7782);
#3115=EDGE_LOOP('',(#7783,#7784,#7785,#7786));
#3116=AXIS2_PLACEMENT_3D('',#7787,#7788,#7789);
#3117=EDGE_LOOP('',(#7790,#7791,#7792,#7793));
#3118=AXIS2_PLACEMENT_3D('',#7794,#7795,#7796);
#3119=EDGE_LOOP('',(#7797,#7798,#7799,#7800));
#3120=AXIS2_PLACEMENT_3D('',#7801,#7802,#7803);
#3121=EDGE_LOOP('',(#7804,#7805,#7806,#7807));
#3122=AXIS2_PLACEMENT_3D('',#7808,#7809,#7810);
#3123=EDGE_LOOP('',(#7811,#7812,#7813,#7814,#7815,#7816,#7817,#7818));
#3124=AXIS2_PLACEMENT_3D('',#7819,#7820,#7821);
#3125=EDGE_LOOP('',(#7822,#7823,#7824,#7825));
#3126=AXIS2_PLACEMENT_3D('',#7826,#7827,#7828);
#3127=EDGE_LOOP('',(#7829,#7830,#7831,#7832));
#3128=AXIS2_PLACEMENT_3D('',#7833,#7834,#7835);
#3129=EDGE_LOOP('',(#7836,#7837,#7838,#7839));
#3130=AXIS2_PLACEMENT_3D('',#7840,#7841,#7842);
#3131=EDGE_LOOP('',(#7843,#7844,#7845,#7846));
#3132=AXIS2_PLACEMENT_3D('',#7847,#7848,#7849);
#3133=EDGE_LOOP('',(#7850,#7851,#7852,#7853));
#3134=EDGE_LOOP('',(#7854,#7855,#7856,#7857));
#3135=EDGE_LOOP('',(#7858,#7859,#7860,#7861));
#3136=AXIS2_PLACEMENT_3D('',#7862,#7863,#7864);
#3137=EDGE_LOOP('',(#7865,#7866,#7867,#7868));
#3138=AXIS2_PLACEMENT_3D('',#7869,#7870,#7871);
#3139=EDGE_LOOP('',(#7872,#7873,#7874,#7875));
#3140=AXIS2_PLACEMENT_3D('',#7876,#7877,#7878);
#3141=EDGE_LOOP('',(#7879,#7880,#7881,#7882));
#3142=AXIS2_PLACEMENT_3D('',#7883,#7884,#7885);
#3143=EDGE_LOOP('',(#7886,#7887,#7888,#7889));
#3144=EDGE_LOOP('',(#7890,#7891,#7892,#7893));
#3145=AXIS2_PLACEMENT_3D('',#7894,#7895,#7896);
#3146=EDGE_LOOP('',(#7897,#7898,#7899,#7900));
#3147=AXIS2_PLACEMENT_3D('',#7901,#7902,#7903);
#3148=EDGE_LOOP('',(#7904,#7905,#7906,#7907));
#3149=AXIS2_PLACEMENT_3D('',#7908,#7909,#7910);
#3150=EDGE_LOOP('',(#7911,#7912,#7913,#7914));
#3151=AXIS2_PLACEMENT_3D('',#7915,#7916,#7917);
#3152=EDGE_LOOP('',(#7918,#7919,#7920,#7921));
#3153=AXIS2_PLACEMENT_3D('',#7922,#7923,#7924);
#3154=EDGE_LOOP('',(#7925,#7926,#7927,#7928));
#3155=AXIS2_PLACEMENT_3D('',#7929,#7930,#7931);
#3156=EDGE_LOOP('',(#7932,#7933,#7934,#7935));
#3157=AXIS2_PLACEMENT_3D('',#7936,#7937,#7938);
#3158=EDGE_LOOP('',(#7939,#7940,#7941,#7942,#7943,#7944,#7945,#7946,#7947,#7948,#7949,#7950,#7951));
#3159=AXIS2_PLACEMENT_3D('',#7952,#7953,#7954);
#3160=EDGE_LOOP('',(#7955,#7956,#7957,#7958));
#3161=AXIS2_PLACEMENT_3D('',#7959,#7960,#7961);
#3162=EDGE_LOOP('',(#7962,#7963,#7964,#7965));
#3163=AXIS2_PLACEMENT_3D('',#7966,#7967,#7968);
#3164=EDGE_LOOP('',(#7969,#7970,#7971,#7972));
#3165=AXIS2_PLACEMENT_3D('',#7973,#7974,#7975);
#3166=EDGE_LOOP('',(#7976,#7977,#7978,#7979));
#3167=AXIS2_PLACEMENT_3D('',#7980,#7981,#7982);
#3168=EDGE_LOOP('',(#7983,#7984,#7985,#7986));
#3169=AXIS2_PLACEMENT_3D('',#7987,#7988,#7989);
#3170=EDGE_LOOP('',(#7990,#7991,#7992,#7993));
#3171=AXIS2_PLACEMENT_3D('',#7994,#7995,#7996);
#3172=EDGE_LOOP('',(#7997,#7998,#7999,#8000));
#3173=AXIS2_PLACEMENT_3D('',#8001,#8002,#8003);
#3174=EDGE_LOOP('',(#8004,#8005,#8006,#8007));
#3175=AXIS2_PLACEMENT_3D('',#8008,#8009,#8010);
#3176=EDGE_LOOP('',(#8011,#8012,#8013,#8014));
#3177=AXIS2_PLACEMENT_3D('',#8015,#8016,#8017);
#3178=EDGE_LOOP('',(#8018,#8019,#8020,#8021));
#3179=AXIS2_PLACEMENT_3D('',#8022,#8023,#8024);
#3180=EDGE_LOOP('',(#8025,#8026,#8027,#8028));
#3181=AXIS2_PLACEMENT_3D('',#8029,#8030,#8031);
#3182=EDGE_LOOP('',(#8032,#8033,#8034,#8035));
#3183=AXIS2_PLACEMENT_3D('',#8036,#8037,#8038);
#3184=EDGE_LOOP('',(#8039,#8040,#8041,#8042));
#3185=AXIS2_PLACEMENT_3D('',#8043,#8044,#8045);
#3186=EDGE_LOOP('',(#8046,#8047,#8048,#8049));
#3187=AXIS2_PLACEMENT_3D('',#8050,#8051,#8052);
#3188=EDGE_LOOP('',(#8053,#8054,#8055,#8056));
#3189=AXIS2_PLACEMENT_3D('',#8057,#8058,#8059);
#3190=EDGE_LOOP('',(#8060,#8061,#8062,#8063));
#3191=AXIS2_PLACEMENT_3D('',#8064,#8065,#8066);
#3192=EDGE_LOOP('',(#8067,#8068,#8069,#8070));
#3193=AXIS2_PLACEMENT_3D('',#8071,#8072,#8073);
#3194=EDGE_LOOP('',(#8074,#8075,#8076,#8077));
#3195=AXIS2_PLACEMENT_3D('',#8078,#8079,#8080);
#3196=EDGE_LOOP('',(#8081,#8082,#8083,#8084));
#3197=AXIS2_PLACEMENT_3D('',#8085,#8086,#8087);
#3198=EDGE_LOOP('',(#8088,#8089,#8090,#8091));
#3199=AXIS2_PLACEMENT_3D('',#8092,#8093,#8094);
#3200=EDGE_LOOP('',(#8095,#8096,#8097,#8098));
#3201=AXIS2_PLACEMENT_3D('',#8099,#8100,#8101);
#3202=EDGE_LOOP('',(#8102,#8103,#8104,#8105));
#3203=AXIS2_PLACEMENT_3D('',#8106,#8107,#8108);
#3204=EDGE_LOOP('',(#8109,#8110,#8111,#8112));
#3205=AXIS2_PLACEMENT_3D('',#8113,#8114,#8115);
#3206=EDGE_LOOP('',(#8116,#8117,#8118,#8119));
#3207=AXIS2_PLACEMENT_3D('',#8120,#8121,#8122);
#3208=EDGE_LOOP('',(#8123,#8124,#8125,#8126));
#3209=AXIS2_PLACEMENT_3D('',#8127,#8128,#8129);
#3210=EDGE_LOOP('',(#8130,#8131,#8132,#8133));
#3211=AXIS2_PLACEMENT_3D('',#8134,#8135,#8136);
#3212=EDGE_LOOP('',(#8137,#8138,#8139,#8140));
#3213=AXIS2_PLACEMENT_3D('',#8141,#8142,#8143);
#3214=EDGE_LOOP('',(#8144,#8145,#8146,#8147));
#3215=AXIS2_PLACEMENT_3D('',#8148,#8149,#8150);
#3216=EDGE_LOOP('',(#8151,#8152,#8153,#8154));
#3217=AXIS2_PLACEMENT_3D('',#8155,#8156,#8157);
#3218=EDGE_LOOP('',(#8158,#8159,#8160,#8161));
#3219=AXIS2_PLACEMENT_3D('',#8162,#8163,#8164);
#3220=EDGE_LOOP('',(#8165,#8166,#8167,#8168));
#3221=AXIS2_PLACEMENT_3D('',#8169,#8170,#8171);
#3222=EDGE_LOOP('',(#8172,#8173,#8174,#8175));
#3223=AXIS2_PLACEMENT_3D('',#8176,#8177,#8178);
#3224=EDGE_LOOP('',(#8179,#8180,#8181,#8182));
#3225=AXIS2_PLACEMENT_3D('',#8183,#8184,#8185);
#3226=EDGE_LOOP('',(#8186,#8187,#8188,#8189,#8190,#8191,#8192,#8193,#8194,#8195,#8196,#8197,#8198,#8199,#8200,#8201,#8202,#8203,#8204,#8205,#8206,#8207,#8208,#8209,#8210,#8211,#8212,#8213,#8214,#8215,#8216,#8217,#8218,#8219,#8220,#8221,#8222,#8223,#8224,#8225,#8226,#8227,#8228,#8229,#8230,#8231,#8232,#8233,#8234,#8235,#8236,#8237,#8238,#8239,#8240,#8241,#8242,#8243,#8244,#8245,#8246,#8247,#8248,#8249,#8250,#8251,#8252,#8253,#8254,#8255,#8256));
#3227=AXIS2_PLACEMENT_3D('',#8257,#8258,#8259);
#3228=EDGE_LOOP('',(#8260,#8261,#8262,#8263,#8264,#8265,#8266,#8267,#8268,#8269,#8270,#8271));
#3229=EDGE_LOOP('',(#8272,#8273,#8274,#8275,#8276,#8277,#8278,#8279,#8280,#8281,#8282));
#3230=EDGE_LOOP('',(#8283,#8284,#8285,#8286));
#3231=EDGE_LOOP('',(#8287,#8288,#8289,#8290,#8291,#8292,#8293,#8294,#8295,#8296,#8297,#8298,#8299,#8300));
#3232=AXIS2_PLACEMENT_3D('',#8301,#8302,#8303);
#3233=EDGE_LOOP('',(#8304,#8305,#8306,#8307));
#3234=AXIS2_PLACEMENT_3D('',#8308,#8309,#8310);
#3235=EDGE_LOOP('',(#8311,#8312,#8313,#8314,#8315,#8316,#8317,#8318,#8319,#8320,#8321,#8322,#8323,#8324,#8325));
#3236=AXIS2_PLACEMENT_3D('',#8326,#8327,#8328);
#3237=EDGE_LOOP('',(#8329,#8330,#8331,#8332,#8333,#8334,#8335,#8336,#8337,#8338,#8339,#8340,#8341,#8342,#8343,#8344,#8345,#8346,#8347,#8348,#8349,#8350,#8351,#8352,#8353,#8354,#8355,#8356,#8357,#8358,#8359,#8360,#8361,#8362,#8363,#8364,#8365,#8366,#8367,#8368,#8369,#8370,#8371,#8372,#8373));
#3238=AXIS2_PLACEMENT_3D('',#8374,#8375,#8376);
#3239=EDGE_LOOP('',(#8377,#8378,#8379,#8380,#8381,#8382,#8383,#8384,#8385,#8386,#8387,#8388));
#3240=AXIS2_PLACEMENT_3D('',#8389,#8390,#8391);
#3241=EDGE_LOOP('',(#8392,#8393,#8394,#8395));
#3242=AXIS2_PLACEMENT_3D('',#8396,#8397,#8398);
#3243=EDGE_LOOP('',(#8399,#8400,#8401,#8402,#8403,#8404,#8405,#8406));
#3244=AXIS2_PLACEMENT_3D('',#8407,#8408,#8409);
#3245=EDGE_LOOP('',(#8410,#8411,#8412,#8413,#8414,#8415,#8416,#8417));
#3246=AXIS2_PLACEMENT_3D('',#8418,#8419,#8420);
#3247=EDGE_LOOP('',(#8421,#8422,#8423,#8424));
#3248=AXIS2_PLACEMENT_3D('',#8425,#8426,#8427);
#3249=EDGE_LOOP('',(#8428,#8429,#8430,#8431));
#3250=AXIS2_PLACEMENT_3D('',#8432,#8433,#8434);
#3251=EDGE_LOOP('',(#8435,#8436,#8437,#8438));
#3252=AXIS2_PLACEMENT_3D('',#8439,#8440,#8441);
#3253=ORIENTED_EDGE('',*,*,#8442,.F.);
#3254=ORIENTED_EDGE('',*,*,#8443,.T.);
#3255=ORIENTED_EDGE('',*,*,#8444,.F.);
#3256=ORIENTED_EDGE('',*,*,#8445,.F.);
#3257=CARTESIAN_POINT('',(7.5,10.4549958,3.73));
#3258=DIRECTION('',(1.64346021921044E-32,-1.0,-4.50354351615808E-16));
#3259=DIRECTION('',(-0.998341816614028,-2.59242100377707E-17,0.057564026959567));
#3260=ORIENTED_EDGE('',*,*,#8446,.F.);
#3261=ORIENTED_EDGE('',*,*,#8447,.F.);
#3262=ORIENTED_EDGE('',*,*,#8448,.T.);
#3263=ORIENTED_EDGE('',*,*,#8449,.T.);
#3264=CARTESIAN_POINT('',(7.5,10.454995882353,3.73));
#3265=DIRECTION('',(1.31636887992634E-32,-1.0,-4.11193115593806E-16));
#3266=DIRECTION('',(0.998341816614028,2.36699315916314E-17,-0.0575640269595699));
#3267=ORIENTED_EDGE('',*,*,#8450,.F.);
#3268=ORIENTED_EDGE('',*,*,#8451,.F.);
#3269=ORIENTED_EDGE('',*,*,#8444,.T.);
#3270=ORIENTED_EDGE('',*,*,#8452,.T.);
#3271=CARTESIAN_POINT('',(7.5,10.4549958,3.73));
#3272=DIRECTION('',(1.9580623983296E-17,-1.0,-4.895155995824E-16));
#3273=DIRECTION('',(0.998931408070315,-3.0644057230761E-18,0.0462173340929394));
#3274=ORIENTED_EDGE('',*,*,#8453,.F.);
#3275=ORIENTED_EDGE('',*,*,#8454,.T.);
#3276=ORIENTED_EDGE('',*,*,#8448,.F.);
#3277=ORIENTED_EDGE('',*,*,#8455,.F.);
#3278=CARTESIAN_POINT('',(7.5,10.454995882353,3.73));
#3279=DIRECTION('',(1.9580624552086E-17,-1.0,-4.69934989250064E-16));
#3280=DIRECTION('',(-0.998931408070315,2.15944154541968E-18,-0.0462173340929373));
#3281=ORIENTED_EDGE('',*,*,#8456,.T.);
#3282=ORIENTED_EDGE('',*,*,#8455,.T.);
#3283=ORIENTED_EDGE('',*,*,#8447,.T.);
#3284=ORIENTED_EDGE('',*,*,#8457,.T.);
#3285=ORIENTED_EDGE('',*,*,#8451,.T.);
#3286=ORIENTED_EDGE('',*,*,#8458,.T.);
#3287=ORIENTED_EDGE('',*,*,#8459,.T.);
#3288=ORIENTED_EDGE('',*,*,#8445,.T.);
#3289=CARTESIAN_POINT('',(6.69674685,10.59,4.53325315));
#3290=DIRECTION('',(6.13801596374856E-32,1.0,4.44089209850063E-16));
#3291=DIRECTION('',(0.0,4.44089209850063E-16,-1.0));
#3292=ORIENTED_EDGE('',*,*,#8460,.F.);
#3293=ORIENTED_EDGE('',*,*,#8461,.F.);
#3294=ORIENTED_EDGE('',*,*,#8449,.F.);
#3295=ORIENTED_EDGE('',*,*,#8454,.F.);
#3296=ORIENTED_EDGE('',*,*,#8452,.F.);
#3297=ORIENTED_EDGE('',*,*,#8443,.F.);
#3298=ORIENTED_EDGE('',*,*,#8462,.F.);
#3299=ORIENTED_EDGE('',*,*,#8463,.F.);
#3300=CARTESIAN_POINT('',(6.69674685,15.9899999999993,4.53325315000001));
#3301=DIRECTION('',(-0.0,1.0,0.0));
#3302=DIRECTION('',(1.0,0.0,0.0));
#3303=ORIENTED_EDGE('',*,*,#8453,.T.);
#3304=ORIENTED_EDGE('',*,*,#8456,.F.);
#3305=ORIENTED_EDGE('',*,*,#8464,.T.);
#3306=ORIENTED_EDGE('',*,*,#8460,.T.);
#3307=CARTESIAN_POINT('',(7.5,10.454995882353,3.73));
#3308=DIRECTION('',(1.9580624552086E-17,-1.0,-4.69934989250064E-16));
#3309=DIRECTION('',(-0.998931408070315,2.15944154541968E-18,-0.0462173340929373));
#3310=ORIENTED_EDGE('',*,*,#8450,.T.);
#3311=ORIENTED_EDGE('',*,*,#8463,.T.);
#3312=ORIENTED_EDGE('',*,*,#8465,.F.);
#3313=ORIENTED_EDGE('',*,*,#8458,.F.);
#3314=CARTESIAN_POINT('',(7.5,10.4549958,3.73));
#3315=DIRECTION('',(1.9580623983296E-17,-1.0,-4.895155995824E-16));
#3316=DIRECTION('',(0.998931408070315,-3.0644057230761E-18,0.0462173340929394));
#3317=ORIENTED_EDGE('',*,*,#8446,.T.);
#3318=ORIENTED_EDGE('',*,*,#8461,.T.);
#3319=ORIENTED_EDGE('',*,*,#8464,.F.);
#3320=ORIENTED_EDGE('',*,*,#8457,.F.);
#3321=CARTESIAN_POINT('',(7.5,10.454995882353,3.73));
#3322=DIRECTION('',(1.31636887992634E-32,-1.0,-4.11193115593806E-16));
#3323=DIRECTION('',(0.998341816614028,2.36699315916314E-17,-0.0575640269595699));
#3324=ORIENTED_EDGE('',*,*,#8442,.T.);
#3325=ORIENTED_EDGE('',*,*,#8459,.F.);
#3326=ORIENTED_EDGE('',*,*,#8465,.T.);
#3327=ORIENTED_EDGE('',*,*,#8462,.T.);
#3328=CARTESIAN_POINT('',(7.5,10.4549958,3.73));
#3329=DIRECTION('',(1.64346021921044E-32,-1.0,-4.50354351615808E-16));
#3330=DIRECTION('',(-0.998341816614028,-2.59242100377707E-17,0.057564026959567));
#3331=ORIENTED_EDGE('',*,*,#8466,.F.);
#3332=ORIENTED_EDGE('',*,*,#8467,.F.);
#3333=ORIENTED_EDGE('',*,*,#8468,.T.);
#3334=ORIENTED_EDGE('',*,*,#8469,.T.);
#3335=CARTESIAN_POINT('',(6.49999999999955,7.77000000000026,3.22999999999994));
#3336=DIRECTION('',(-1.79811072098726E-14,-1.11022302462651E-16,-1.0));
#3337=DIRECTION('',(-1.0,0.0,1.79811072098726E-14));
#3338=ORIENTED_EDGE('',*,*,#8470,.T.);
#3339=ORIENTED_EDGE('',*,*,#8471,.T.);
#3340=ORIENTED_EDGE('',*,*,#8472,.T.);
#3341=ORIENTED_EDGE('',*,*,#8473,.F.);
#3342=CARTESIAN_POINT('',(5.59999999999977,2.77000000000016,7.73000000000005));
#3343=DIRECTION('',(-1.0,-8.49320613838245E-15,1.79811072098726E-14));
#3344=DIRECTION('',(-8.49320613838245E-15,1.0,0.0));
#3345=ORIENTED_EDGE('',*,*,#8474,.T.);
#3346=ORIENTED_EDGE('',*,*,#8475,.F.);
#3347=ORIENTED_EDGE('',*,*,#8476,.F.);
#3348=ORIENTED_EDGE('',*,*,#8477,.F.);
#3349=ORIENTED_EDGE('',*,*,#8478,.F.);
#3350=ORIENTED_EDGE('',*,*,#8466,.T.);
#3351=CARTESIAN_POINT('',(6.19999999999957,7.77000000000031,3.53000000000003));
#3352=DIRECTION('',(-1.0,-8.49320613838245E-15,1.79811072098726E-14));
#3353=DIRECTION('',(-8.49320613838245E-15,1.0,0.0));
#3354=ORIENTED_EDGE('',*,*,#8468,.F.);
#3355=ORIENTED_EDGE('',*,*,#8479,.F.);
#3356=ORIENTED_EDGE('',*,*,#8480,.T.);
#3357=ORIENTED_EDGE('',*,*,#8481,.F.);
#3358=ORIENTED_EDGE('',*,*,#8482,.T.);
#3359=ORIENTED_EDGE('',*,*,#8483,.T.);
#3360=CARTESIAN_POINT('',(8.79999999999953,7.77000000000031,3.52999999999999));
#3361=DIRECTION('',(1.0,8.49320613838245E-15,-1.79811072098726E-14));
#3362=DIRECTION('',(-1.79811072098726E-14,0.0,-1.0));
#3363=ORIENTED_EDGE('',*,*,#8484,.F.);
#3364=ORIENTED_EDGE('',*,*,#8485,.F.);
#3365=ORIENTED_EDGE('',*,*,#8486,.F.);
#3366=ORIENTED_EDGE('',*,*,#8487,.F.);
#3367=CARTESIAN_POINT('',(8.70000000000031,2.76999999999965,8.43));
#3368=DIRECTION('',(1.79811072098726E-14,1.11022302462651E-16,1.0));
#3369=DIRECTION('',(1.0,0.0,-1.79811072098726E-14));
#3370=ORIENTED_EDGE('',*,*,#8488,.T.);
#3371=ORIENTED_EDGE('',*,*,#8489,.T.);
#3372=ORIENTED_EDGE('',*,*,#8490,.F.);
#3373=ORIENTED_EDGE('',*,*,#8491,.F.);
#3374=CARTESIAN_POINT('',(9.39999999999978,2.77000000000009,2.32999999999999));
#3375=DIRECTION('',(1.0,8.49320613838245E-15,-1.79811072098726E-14));
#3376=DIRECTION('',(-1.79811072098726E-14,0.0,-1.0));
#3377=ORIENTED_EDGE('',*,*,#8492,.T.);
#3378=ORIENTED_EDGE('',*,*,#8493,.F.);
#3379=ORIENTED_EDGE('',*,*,#8471,.F.);
#3380=ORIENTED_EDGE('',*,*,#8494,.F.);
#3381=ORIENTED_EDGE('',*,*,#8495,.F.);
#3382=ORIENTED_EDGE('',*,*,#8496,.F.);
#3383=ORIENTED_EDGE('',*,*,#8491,.T.);
#3384=ORIENTED_EDGE('',*,*,#8497,.F.);
#3385=ORIENTED_EDGE('',*,*,#8469,.F.);
#3386=ORIENTED_EDGE('',*,*,#8483,.F.);
#3387=ORIENTED_EDGE('',*,*,#8498,.F.);
#3388=ORIENTED_EDGE('',*,*,#8474,.F.);
#3389=CARTESIAN_POINT('',(6.49164106708944,7.76999999999981,7.62205114905214));
#3390=DIRECTION('',(-8.49320613838245E-15,1.0,-1.1102230246249E-16));
#3391=DIRECTION('',(1.0,8.49320613838245E-15,0.0));
#3392=ORIENTED_EDGE('',*,*,#8499,.T.);
#3393=ORIENTED_EDGE('',*,*,#8500,.T.);
#3394=ORIENTED_EDGE('',*,*,#8501,.F.);
#3395=ORIENTED_EDGE('',*,*,#8492,.F.);
#3396=CARTESIAN_POINT('',(6.29999999999999,2.76999999999987,1.62999999999994));
#3397=DIRECTION('',(-1.79811072098726E-14,-1.11022302462651E-16,-1.0));
#3398=DIRECTION('',(-1.0,0.0,1.79811072098726E-14));
#3399=ORIENTED_EDGE('',*,*,#8482,.F.);
#3400=ORIENTED_EDGE('',*,*,#8502,.T.);
#3401=ORIENTED_EDGE('',*,*,#8475,.T.);
#3402=ORIENTED_EDGE('',*,*,#8498,.T.);
#3403=CARTESIAN_POINT('',(8.49999999999958,7.77000000000033,6.83));
#3404=DIRECTION('',(1.79811072098726E-14,1.11022302462651E-16,1.0));
#3405=DIRECTION('',(1.0,0.0,-1.79811072098726E-14));
#3406=ORIENTED_EDGE('',*,*,#8503,.F.);
#3407=ORIENTED_EDGE('',*,*,#8504,.F.);
#3408=ORIENTED_EDGE('',*,*,#8495,.T.);
#3409=ORIENTED_EDGE('',*,*,#8505,.F.);
#3410=CARTESIAN_POINT('',(8.70000000000031,2.76999999999965,8.43));
#3411=DIRECTION('',(1.79811072098726E-14,1.11022302462651E-16,1.0));
#3412=DIRECTION('',(1.0,0.0,-1.79811072098726E-14));
#3413=ORIENTED_EDGE('',*,*,#8489,.F.);
#3414=ORIENTED_EDGE('',*,*,#8506,.T.);
#3415=ORIENTED_EDGE('',*,*,#8487,.T.);
#3416=ORIENTED_EDGE('',*,*,#8507,.T.);
#3417=ORIENTED_EDGE('',*,*,#8473,.T.);
#3418=ORIENTED_EDGE('',*,*,#8508,.T.);
#3419=ORIENTED_EDGE('',*,*,#8500,.F.);
#3420=ORIENTED_EDGE('',*,*,#8509,.T.);
#3421=ORIENTED_EDGE('',*,*,#8478,.T.);
#3422=ORIENTED_EDGE('',*,*,#8510,.T.);
#3423=ORIENTED_EDGE('',*,*,#8479,.T.);
#3424=ORIENTED_EDGE('',*,*,#8467,.T.);
#3425=CARTESIAN_POINT('',(65.411096896513,2.77000000000019,-54.7900768086936));
#3426=DIRECTION('',(-8.49320613838245E-15,1.0,-1.1102230246249E-16));
#3427=DIRECTION('',(1.0,8.49320613838245E-15,0.0));
#3428=ORIENTED_EDGE('',*,*,#8499,.F.);
#3429=ORIENTED_EDGE('',*,*,#8497,.T.);
#3430=ORIENTED_EDGE('',*,*,#8490,.T.);
#3431=ORIENTED_EDGE('',*,*,#8509,.F.);
#3432=CARTESIAN_POINT('',(9.14999999999976,5.27000000000005,1.87999999999989));
#3433=DIRECTION('',(0.707106781186535,5.99520433297585E-15,-0.707106781186561));
#3434=DIRECTION('',(0.0,-1.0,-8.47849927689223E-15));
#3435=ORIENTED_EDGE('',*,*,#8472,.F.);
#3436=ORIENTED_EDGE('',*,*,#8493,.T.);
#3437=ORIENTED_EDGE('',*,*,#8501,.T.);
#3438=ORIENTED_EDGE('',*,*,#8508,.F.);
#3439=CARTESIAN_POINT('',(5.85000000000017,5.26999999999964,1.87999999999996));
#3440=DIRECTION('',(-0.70710678118656,-6.13398221105399E-15,-0.707106781186535));
#3441=DIRECTION('',(-0.707106781186535,0.0,0.70710678118656));
#3442=ORIENTED_EDGE('',*,*,#8488,.F.);
#3443=ORIENTED_EDGE('',*,*,#8496,.T.);
#3444=ORIENTED_EDGE('',*,*,#8504,.T.);
#3445=ORIENTED_EDGE('',*,*,#8511,.F.);
#3446=ORIENTED_EDGE('',*,*,#8512,.F.);
#3447=ORIENTED_EDGE('',*,*,#8484,.T.);
#3448=ORIENTED_EDGE('',*,*,#8506,.F.);
#3449=CARTESIAN_POINT('',(9.14999999999987,5.27000000000005,8.17999999999998));
#3450=DIRECTION('',(0.70710678118656,6.2402424096039E-15,0.707106781186535));
#3451=DIRECTION('',(0.0,-1.0,8.82503544815776E-15));
#3452=ORIENTED_EDGE('',*,*,#8470,.F.);
#3453=ORIENTED_EDGE('',*,*,#8507,.F.);
#3454=ORIENTED_EDGE('',*,*,#8486,.T.);
#3455=ORIENTED_EDGE('',*,*,#8513,.F.);
#3456=ORIENTED_EDGE('',*,*,#8514,.F.);
#3457=ORIENTED_EDGE('',*,*,#8505,.T.);
#3458=ORIENTED_EDGE('',*,*,#8494,.T.);
#3459=CARTESIAN_POINT('',(5.85000000000028,5.26999999999964,8.18000000000005));
#3460=DIRECTION('',(-0.707106781186534,-6.08323316373533E-15,0.707106781186561));
#3461=DIRECTION('',(-8.60299084323246E-15,1.0,0.0));
#3462=ORIENTED_EDGE('',*,*,#8515,.T.);
#3463=ORIENTED_EDGE('',*,*,#8480,.F.);
#3464=ORIENTED_EDGE('',*,*,#8510,.F.);
#3465=ORIENTED_EDGE('',*,*,#8477,.T.);
#3466=CARTESIAN_POINT('',(8.49999999999958,7.77000000000033,6.83));
#3467=DIRECTION('',(1.79811072098726E-14,1.11022302462651E-16,1.0));
#3468=DIRECTION('',(1.0,0.0,-1.79811072098726E-14));
#3469=ORIENTED_EDGE('',*,*,#8516,.F.);
#3470=ORIENTED_EDGE('',*,*,#8517,.T.);
#3471=ORIENTED_EDGE('',*,*,#8513,.T.);
#3472=ORIENTED_EDGE('',*,*,#8485,.T.);
#3473=ORIENTED_EDGE('',*,*,#8512,.T.);
#3474=ORIENTED_EDGE('',*,*,#8518,.F.);
#3475=ORIENTED_EDGE('',*,*,#8519,.F.);
#3476=ORIENTED_EDGE('',*,*,#8515,.F.);
#3477=CARTESIAN_POINT('',(7.49999999999975,5.27000000000021,8.43000000000002));
#3478=DIRECTION('',(1.79811072098726E-14,1.11022302462651E-16,1.0));
#3479=DIRECTION('',(-1.0,-8.43769498715119E-15,1.79811072098726E-14));
#3480=ORIENTED_EDGE('',*,*,#8516,.T.);
#3481=ORIENTED_EDGE('',*,*,#8476,.T.);
#3482=ORIENTED_EDGE('',*,*,#8520,.T.);
#3483=CARTESIAN_POINT('',(8.82500000000031,5.26999999999963,6.82999999999989));
#3484=DIRECTION('',(1.79811072098726E-14,1.11022302462651E-16,1.0));
#3485=DIRECTION('',(1.0,0.0,-1.79811072098726E-14));
#3486=ORIENTED_EDGE('',*,*,#8481,.T.);
#3487=ORIENTED_EDGE('',*,*,#8519,.T.);
#3488=ORIENTED_EDGE('',*,*,#8521,.T.);
#3489=CARTESIAN_POINT('',(8.82500000000031,5.26999999999963,6.82999999999989));
#3490=DIRECTION('',(1.79811072098726E-14,1.11022302462651E-16,1.0));
#3491=DIRECTION('',(1.0,0.0,-1.79811072098726E-14));
#3492=ORIENTED_EDGE('',*,*,#8517,.F.);
#3493=ORIENTED_EDGE('',*,*,#8520,.F.);
#3494=ORIENTED_EDGE('',*,*,#8502,.F.);
#3495=ORIENTED_EDGE('',*,*,#8521,.F.);
#3496=ORIENTED_EDGE('',*,*,#8518,.T.);
#3497=ORIENTED_EDGE('',*,*,#8511,.T.);
#3498=ORIENTED_EDGE('',*,*,#8503,.T.);
#3499=ORIENTED_EDGE('',*,*,#8514,.T.);
#3500=CARTESIAN_POINT('',(7.49999999999975,5.27000000000021,8.43000000000002));
#3501=DIRECTION('',(1.79811072098726E-14,1.11022302462651E-16,1.0));
#3502=DIRECTION('',(-1.0,-8.43769498715119E-15,1.79811072098726E-14));
#3503=ORIENTED_EDGE('',*,*,#8522,.T.);
#3504=ORIENTED_EDGE('',*,*,#8523,.F.);
#3505=ORIENTED_EDGE('',*,*,#8524,.F.);
#3506=ORIENTED_EDGE('',*,*,#8525,.T.);
#3507=CARTESIAN_POINT('',(6.13562602122467,7.13003633754783,14.515608753973));
#3508=DIRECTION('',(0.707106781186547,0.707106781186548,-3.92523114670943E-16));
#3509=DIRECTION('',(-5.55111512312578E-16,0.0,-1.0));
#3510=ORIENTED_EDGE('',*,*,#8526,.F.);
#3511=ORIENTED_EDGE('',*,*,#8527,.T.);
#3512=ORIENTED_EDGE('',*,*,#8528,.T.);
#3513=ORIENTED_EDGE('',*,*,#8529,.F.);
#3514=CARTESIAN_POINT('',(5.64065127439408,6.63506159071725,12.63));
#3515=DIRECTION('',(-0.707106781186547,-0.707106781186548,3.92523114670943E-16));
#3516=DIRECTION('',(-0.707106781186548,0.707106781186547,0.0));
#3517=ORIENTED_EDGE('',*,*,#8530,.F.);
#3518=ORIENTED_EDGE('',*,*,#8531,.T.);
#3519=ORIENTED_EDGE('',*,*,#8532,.F.);
#3520=ORIENTED_EDGE('',*,*,#8525,.F.);
#3521=ORIENTED_EDGE('',*,*,#8533,.F.);
#3522=ORIENTED_EDGE('',*,*,#8529,.T.);
#3523=ORIENTED_EDGE('',*,*,#8534,.F.);
#3524=ORIENTED_EDGE('',*,*,#8535,.F.);
#3525=CARTESIAN_POINT('',(7.50034380597097,5.27034380597093,12.8238194187433));
#3526=DIRECTION('',(1.62588397641634E-16,3.92523114670943E-16,1.0));
#3527=DIRECTION('',(0.707106781186545,0.70710678118655,-3.92523114670943E-16));
#3528=ORIENTED_EDGE('',*,*,#8530,.T.);
#3529=ORIENTED_EDGE('',*,*,#8536,.T.);
#3530=ORIENTED_EDGE('',*,*,#8537,.F.);
#3531=ORIENTED_EDGE('',*,*,#8538,.F.);
#3532=CARTESIAN_POINT('',(8.66558514939705,4.10510246254486,12.0176388374866));
#3533=DIRECTION('',(1.62588397641634E-16,3.92523114670943E-16,1.0));
#3534=DIRECTION('',(0.0,-1.0,3.92523114670943E-16));
#3535=ORIENTED_EDGE('',*,*,#8534,.T.);
#3536=ORIENTED_EDGE('',*,*,#8528,.F.);
#3537=ORIENTED_EDGE('',*,*,#8539,.T.);
#3538=CARTESIAN_POINT('',(8.6022202938885,4.16846731805341,13.63));
#3539=DIRECTION('',(-1.62588397641634E-16,-3.92523114670943E-16,-1.0));
#3540=DIRECTION('',(0.0,-1.0,3.92523114670943E-16));
#3541=ORIENTED_EDGE('',*,*,#8540,.T.);
#3542=ORIENTED_EDGE('',*,*,#8541,.T.);
#3543=CARTESIAN_POINT('',(7.10259624155355,4.8725962415535,6.82999999999999));
#3544=DIRECTION('',(1.62588397641634E-16,3.92523114670943E-16,1.0));
#3545=DIRECTION('',(0.0,-1.0,3.92523114670943E-16));
#3546=ORIENTED_EDGE('',*,*,#8524,.T.);
#3547=ORIENTED_EDGE('',*,*,#8542,.T.);
#3548=ORIENTED_EDGE('',*,*,#8526,.T.);
#3549=ORIENTED_EDGE('',*,*,#8533,.T.);
#3550=CARTESIAN_POINT('',(6.13562602122467,7.13003633754783,12.63));
#3551=DIRECTION('',(-1.62588397641634E-16,-3.92523114670943E-16,-1.0));
#3552=DIRECTION('',(0.0,-1.0,3.92523114670943E-16));
#3553=ORIENTED_EDGE('',*,*,#8540,.F.);
#3554=ORIENTED_EDGE('',*,*,#8543,.F.);
#3555=ORIENTED_EDGE('',*,*,#8537,.T.);
#3556=ORIENTED_EDGE('',*,*,#8544,.T.);
#3557=CARTESIAN_POINT('',(7.50034380597097,5.27034380597093,8.76943375672969));
#3558=DIRECTION('',(-1.62588397641634E-16,-3.92523114670943E-16,-1.0));
#3559=DIRECTION('',(0.707106781186547,0.707106781186548,-3.92523114670943E-16));
#3560=ORIENTED_EDGE('',*,*,#8522,.F.);
#3561=ORIENTED_EDGE('',*,*,#8532,.T.);
#3562=ORIENTED_EDGE('',*,*,#8545,.T.);
#3563=CARTESIAN_POINT('',(8.6022202938885,4.16846731805341,13.63));
#3564=DIRECTION('',(-1.62588397641634E-16,-3.92523114670943E-16,-1.0));
#3565=DIRECTION('',(0.0,-1.0,3.92523114670943E-16));
#3566=ORIENTED_EDGE('',*,*,#8535,.T.);
#3567=ORIENTED_EDGE('',*,*,#8539,.F.);
#3568=ORIENTED_EDGE('',*,*,#8527,.F.);
#3569=ORIENTED_EDGE('',*,*,#8542,.F.);
#3570=ORIENTED_EDGE('',*,*,#8523,.T.);
#3571=ORIENTED_EDGE('',*,*,#8545,.F.);
#3572=ORIENTED_EDGE('',*,*,#8531,.F.);
#3573=ORIENTED_EDGE('',*,*,#8536,.F.);
#3574=CARTESIAN_POINT('',(7.50034380597097,5.27034380597093,12.8238194187433));
#3575=DIRECTION('',(1.62588397641634E-16,3.92523114670943E-16,1.0));
#3576=DIRECTION('',(0.707106781186545,0.70710678118655,-3.92523114670943E-16));
#3577=ORIENTED_EDGE('',*,*,#8544,.F.);
#3578=ORIENTED_EDGE('',*,*,#8538,.T.);
#3579=ORIENTED_EDGE('',*,*,#8543,.T.);
#3580=ORIENTED_EDGE('',*,*,#8541,.F.);
#3581=CARTESIAN_POINT('',(7.50034380597097,5.27034380597093,8.76943375672969));
#3582=DIRECTION('',(-1.62588397641634E-16,-3.92523114670943E-16,-1.0));
#3583=DIRECTION('',(0.707106781186547,0.707106781186548,-3.92523114670943E-16));
#3584=ORIENTED_EDGE('',*,*,#8546,.F.);
#3585=ORIENTED_EDGE('',*,*,#8547,.T.);
#3586=ORIENTED_EDGE('',*,*,#8548,.F.);
#3587=ORIENTED_EDGE('',*,*,#8549,.F.);
#3588=CARTESIAN_POINT('',(2.5,10.4549958,3.73));
#3589=DIRECTION('',(1.64346021921044E-32,-1.0,-4.50354351615808E-16));
#3590=DIRECTION('',(-0.998341816614028,-2.59242100377707E-17,0.057564026959567));
#3591=ORIENTED_EDGE('',*,*,#8550,.F.);
#3592=ORIENTED_EDGE('',*,*,#8551,.F.);
#3593=ORIENTED_EDGE('',*,*,#8552,.T.);
#3594=ORIENTED_EDGE('',*,*,#8553,.T.);
#3595=CARTESIAN_POINT('',(2.5,10.454995882353,3.73));
#3596=DIRECTION('',(1.31636887992634E-32,-1.0,-4.11193115593806E-16));
#3597=DIRECTION('',(0.998341816614028,2.36699315916314E-17,-0.0575640269595699));
#3598=ORIENTED_EDGE('',*,*,#8554,.F.);
#3599=ORIENTED_EDGE('',*,*,#8555,.F.);
#3600=ORIENTED_EDGE('',*,*,#8548,.T.);
#3601=ORIENTED_EDGE('',*,*,#8556,.T.);
#3602=CARTESIAN_POINT('',(2.5,10.4549958,3.73));
#3603=DIRECTION('',(1.9580623983296E-17,-1.0,-4.895155995824E-16));
#3604=DIRECTION('',(0.998931408070315,-3.0644057230761E-18,0.0462173340929394));
#3605=ORIENTED_EDGE('',*,*,#8557,.F.);
#3606=ORIENTED_EDGE('',*,*,#8558,.T.);
#3607=ORIENTED_EDGE('',*,*,#8552,.F.);
#3608=ORIENTED_EDGE('',*,*,#8559,.F.);
#3609=CARTESIAN_POINT('',(2.5,10.454995882353,3.73));
#3610=DIRECTION('',(1.9580624552086E-17,-1.0,-4.69934989250064E-16));
#3611=DIRECTION('',(-0.998931408070315,2.15944154541968E-18,-0.0462173340929373));
#3612=ORIENTED_EDGE('',*,*,#8560,.T.);
#3613=ORIENTED_EDGE('',*,*,#8559,.T.);
#3614=ORIENTED_EDGE('',*,*,#8551,.T.);
#3615=ORIENTED_EDGE('',*,*,#8561,.T.);
#3616=ORIENTED_EDGE('',*,*,#8555,.T.);
#3617=ORIENTED_EDGE('',*,*,#8562,.T.);
#3618=ORIENTED_EDGE('',*,*,#8563,.T.);
#3619=ORIENTED_EDGE('',*,*,#8549,.T.);
#3620=CARTESIAN_POINT('',(1.69674685,10.59,4.53325315));
#3621=DIRECTION('',(6.13801596374856E-32,1.0,4.44089209850063E-16));
#3622=DIRECTION('',(0.0,4.44089209850063E-16,-1.0));
#3623=ORIENTED_EDGE('',*,*,#8564,.F.);
#3624=ORIENTED_EDGE('',*,*,#8565,.F.);
#3625=ORIENTED_EDGE('',*,*,#8553,.F.);
#3626=ORIENTED_EDGE('',*,*,#8558,.F.);
#3627=ORIENTED_EDGE('',*,*,#8556,.F.);
#3628=ORIENTED_EDGE('',*,*,#8547,.F.);
#3629=ORIENTED_EDGE('',*,*,#8566,.F.);
#3630=ORIENTED_EDGE('',*,*,#8567,.F.);
#3631=CARTESIAN_POINT('',(1.69674685,15.9899999999993,4.53325315000001));
#3632=DIRECTION('',(-0.0,1.0,0.0));
#3633=DIRECTION('',(1.0,0.0,0.0));
#3634=ORIENTED_EDGE('',*,*,#8557,.T.);
#3635=ORIENTED_EDGE('',*,*,#8560,.F.);
#3636=ORIENTED_EDGE('',*,*,#8568,.T.);
#3637=ORIENTED_EDGE('',*,*,#8564,.T.);
#3638=CARTESIAN_POINT('',(2.5,10.454995882353,3.73));
#3639=DIRECTION('',(1.9580624552086E-17,-1.0,-4.69934989250064E-16));
#3640=DIRECTION('',(-0.998931408070315,2.15944154541968E-18,-0.0462173340929373));
#3641=ORIENTED_EDGE('',*,*,#8554,.T.);
#3642=ORIENTED_EDGE('',*,*,#8567,.T.);
#3643=ORIENTED_EDGE('',*,*,#8569,.F.);
#3644=ORIENTED_EDGE('',*,*,#8562,.F.);
#3645=CARTESIAN_POINT('',(2.5,10.4549958,3.73));
#3646=DIRECTION('',(1.9580623983296E-17,-1.0,-4.895155995824E-16));
#3647=DIRECTION('',(0.998931408070315,-3.0644057230761E-18,0.0462173340929394));
#3648=ORIENTED_EDGE('',*,*,#8550,.T.);
#3649=ORIENTED_EDGE('',*,*,#8565,.T.);
#3650=ORIENTED_EDGE('',*,*,#8568,.F.);
#3651=ORIENTED_EDGE('',*,*,#8561,.F.);
#3652=CARTESIAN_POINT('',(2.5,10.454995882353,3.73));
#3653=DIRECTION('',(1.31636887992634E-32,-1.0,-4.11193115593806E-16));
#3654=DIRECTION('',(0.998341816614028,2.36699315916314E-17,-0.0575640269595699));
#3655=ORIENTED_EDGE('',*,*,#8546,.T.);
#3656=ORIENTED_EDGE('',*,*,#8563,.F.);
#3657=ORIENTED_EDGE('',*,*,#8569,.T.);
#3658=ORIENTED_EDGE('',*,*,#8566,.T.);
#3659=CARTESIAN_POINT('',(2.5,10.4549958,3.73));
#3660=DIRECTION('',(1.64346021921044E-32,-1.0,-4.50354351615808E-16));
#3661=DIRECTION('',(-0.998341816614028,-2.59242100377707E-17,0.057564026959567));
#3662=ORIENTED_EDGE('',*,*,#8570,.F.);
#3663=ORIENTED_EDGE('',*,*,#8571,.F.);
#3664=ORIENTED_EDGE('',*,*,#8572,.T.);
#3665=ORIENTED_EDGE('',*,*,#8573,.T.);
#3666=CARTESIAN_POINT('',(1.49999999999955,7.77000000000026,3.22999999999994));
#3667=DIRECTION('',(-1.79811072098726E-14,-1.11022302462651E-16,-1.0));
#3668=DIRECTION('',(-1.0,0.0,1.79811072098726E-14));
#3669=ORIENTED_EDGE('',*,*,#8574,.T.);
#3670=ORIENTED_EDGE('',*,*,#8575,.T.);
#3671=ORIENTED_EDGE('',*,*,#8576,.T.);
#3672=ORIENTED_EDGE('',*,*,#8577,.F.);
#3673=CARTESIAN_POINT('',(0.599999999999773,2.77000000000016,7.73000000000005));
#3674=DIRECTION('',(-1.0,-8.49320613838245E-15,1.79811072098726E-14));
#3675=DIRECTION('',(-8.49320613838245E-15,1.0,0.0));
#3676=ORIENTED_EDGE('',*,*,#8578,.T.);
#3677=ORIENTED_EDGE('',*,*,#8579,.F.);
#3678=ORIENTED_EDGE('',*,*,#8580,.F.);
#3679=ORIENTED_EDGE('',*,*,#8581,.F.);
#3680=ORIENTED_EDGE('',*,*,#8582,.F.);
#3681=ORIENTED_EDGE('',*,*,#8570,.T.);
#3682=CARTESIAN_POINT('',(1.19999999999957,7.77000000000031,3.53000000000003));
#3683=DIRECTION('',(-1.0,-8.49320613838245E-15,1.79811072098726E-14));
#3684=DIRECTION('',(-8.49320613838245E-15,1.0,0.0));
#3685=ORIENTED_EDGE('',*,*,#8572,.F.);
#3686=ORIENTED_EDGE('',*,*,#8583,.F.);
#3687=ORIENTED_EDGE('',*,*,#8584,.T.);
#3688=ORIENTED_EDGE('',*,*,#8585,.F.);
#3689=ORIENTED_EDGE('',*,*,#8586,.T.);
#3690=ORIENTED_EDGE('',*,*,#8587,.T.);
#3691=CARTESIAN_POINT('',(3.79999999999953,7.77000000000031,3.52999999999999));
#3692=DIRECTION('',(1.0,8.49320613838245E-15,-1.79811072098726E-14));
#3693=DIRECTION('',(-1.79811072098726E-14,0.0,-1.0));
#3694=ORIENTED_EDGE('',*,*,#8588,.F.);
#3695=ORIENTED_EDGE('',*,*,#8589,.F.);
#3696=ORIENTED_EDGE('',*,*,#8590,.F.);
#3697=ORIENTED_EDGE('',*,*,#8591,.F.);
#3698=CARTESIAN_POINT('',(3.70000000000031,2.76999999999965,8.43));
#3699=DIRECTION('',(1.79811072098726E-14,1.11022302462651E-16,1.0));
#3700=DIRECTION('',(1.0,0.0,-1.79811072098726E-14));
#3701=ORIENTED_EDGE('',*,*,#8592,.T.);
#3702=ORIENTED_EDGE('',*,*,#8593,.T.);
#3703=ORIENTED_EDGE('',*,*,#8594,.F.);
#3704=ORIENTED_EDGE('',*,*,#8595,.F.);
#3705=CARTESIAN_POINT('',(4.39999999999978,2.77000000000009,2.32999999999999));
#3706=DIRECTION('',(1.0,8.49320613838245E-15,-1.79811072098726E-14));
#3707=DIRECTION('',(-1.79811072098726E-14,0.0,-1.0));
#3708=ORIENTED_EDGE('',*,*,#8596,.T.);
#3709=ORIENTED_EDGE('',*,*,#8597,.F.);
#3710=ORIENTED_EDGE('',*,*,#8575,.F.);
#3711=ORIENTED_EDGE('',*,*,#8598,.F.);
#3712=ORIENTED_EDGE('',*,*,#8599,.F.);
#3713=ORIENTED_EDGE('',*,*,#8600,.F.);
#3714=ORIENTED_EDGE('',*,*,#8595,.T.);
#3715=ORIENTED_EDGE('',*,*,#8601,.F.);
#3716=ORIENTED_EDGE('',*,*,#8573,.F.);
#3717=ORIENTED_EDGE('',*,*,#8587,.F.);
#3718=ORIENTED_EDGE('',*,*,#8602,.F.);
#3719=ORIENTED_EDGE('',*,*,#8578,.F.);
#3720=CARTESIAN_POINT('',(1.49164106708944,7.76999999999981,7.62205114905214));
#3721=DIRECTION('',(-8.49320613838245E-15,1.0,-1.1102230246249E-16));
#3722=DIRECTION('',(1.0,8.49320613838245E-15,0.0));
#3723=ORIENTED_EDGE('',*,*,#8603,.T.);
#3724=ORIENTED_EDGE('',*,*,#8604,.T.);
#3725=ORIENTED_EDGE('',*,*,#8605,.F.);
#3726=ORIENTED_EDGE('',*,*,#8596,.F.);
#3727=CARTESIAN_POINT('',(1.29999999999999,2.76999999999987,1.62999999999994));
#3728=DIRECTION('',(-1.79811072098726E-14,-1.11022302462651E-16,-1.0));
#3729=DIRECTION('',(-1.0,0.0,1.79811072098726E-14));
#3730=ORIENTED_EDGE('',*,*,#8586,.F.);
#3731=ORIENTED_EDGE('',*,*,#8606,.T.);
#3732=ORIENTED_EDGE('',*,*,#8579,.T.);
#3733=ORIENTED_EDGE('',*,*,#8602,.T.);
#3734=CARTESIAN_POINT('',(3.49999999999958,7.77000000000033,6.83));
#3735=DIRECTION('',(1.79811072098726E-14,1.11022302462651E-16,1.0));
#3736=DIRECTION('',(1.0,0.0,-1.79811072098726E-14));
#3737=ORIENTED_EDGE('',*,*,#8607,.F.);
#3738=ORIENTED_EDGE('',*,*,#8608,.F.);
#3739=ORIENTED_EDGE('',*,*,#8599,.T.);
#3740=ORIENTED_EDGE('',*,*,#8609,.F.);
#3741=CARTESIAN_POINT('',(3.70000000000031,2.76999999999965,8.43));
#3742=DIRECTION('',(1.79811072098726E-14,1.11022302462651E-16,1.0));
#3743=DIRECTION('',(1.0,0.0,-1.79811072098726E-14));
#3744=ORIENTED_EDGE('',*,*,#8593,.F.);
#3745=ORIENTED_EDGE('',*,*,#8610,.T.);
#3746=ORIENTED_EDGE('',*,*,#8591,.T.);
#3747=ORIENTED_EDGE('',*,*,#8611,.T.);
#3748=ORIENTED_EDGE('',*,*,#8577,.T.);
#3749=ORIENTED_EDGE('',*,*,#8612,.T.);
#3750=ORIENTED_EDGE('',*,*,#8604,.F.);
#3751=ORIENTED_EDGE('',*,*,#8613,.T.);
#3752=ORIENTED_EDGE('',*,*,#8582,.T.);
#3753=ORIENTED_EDGE('',*,*,#8614,.T.);
#3754=ORIENTED_EDGE('',*,*,#8583,.T.);
#3755=ORIENTED_EDGE('',*,*,#8571,.T.);
#3756=CARTESIAN_POINT('',(60.4110968965131,2.77000000000019,-54.7900768086936));
#3757=DIRECTION('',(-8.49320613838245E-15,1.0,-1.1102230246249E-16));
#3758=DIRECTION('',(1.0,8.49320613838245E-15,0.0));
#3759=ORIENTED_EDGE('',*,*,#8603,.F.);
#3760=ORIENTED_EDGE('',*,*,#8601,.T.);
#3761=ORIENTED_EDGE('',*,*,#8594,.T.);
#3762=ORIENTED_EDGE('',*,*,#8613,.F.);
#3763=CARTESIAN_POINT('',(4.14999999999976,5.27000000000005,1.87999999999989));
#3764=DIRECTION('',(0.707106781186535,5.99520433297585E-15,-0.707106781186561));
#3765=DIRECTION('',(0.0,-1.0,-8.47849927689223E-15));
#3766=ORIENTED_EDGE('',*,*,#8576,.F.);
#3767=ORIENTED_EDGE('',*,*,#8597,.T.);
#3768=ORIENTED_EDGE('',*,*,#8605,.T.);
#3769=ORIENTED_EDGE('',*,*,#8612,.F.);
#3770=CARTESIAN_POINT('',(0.850000000000171,5.26999999999964,1.87999999999996));
#3771=DIRECTION('',(-0.70710678118656,-6.13398221105399E-15,-0.707106781186535));
#3772=DIRECTION('',(-0.707106781186535,0.0,0.70710678118656));
#3773=ORIENTED_EDGE('',*,*,#8592,.F.);
#3774=ORIENTED_EDGE('',*,*,#8600,.T.);
#3775=ORIENTED_EDGE('',*,*,#8608,.T.);
#3776=ORIENTED_EDGE('',*,*,#8615,.F.);
#3777=ORIENTED_EDGE('',*,*,#8616,.F.);
#3778=ORIENTED_EDGE('',*,*,#8588,.T.);
#3779=ORIENTED_EDGE('',*,*,#8610,.F.);
#3780=CARTESIAN_POINT('',(4.14999999999987,5.27000000000005,8.17999999999998));
#3781=DIRECTION('',(0.70710678118656,6.2402424096039E-15,0.707106781186535));
#3782=DIRECTION('',(0.0,-1.0,8.82503544815776E-15));
#3783=ORIENTED_EDGE('',*,*,#8574,.F.);
#3784=ORIENTED_EDGE('',*,*,#8611,.F.);
#3785=ORIENTED_EDGE('',*,*,#8590,.T.);
#3786=ORIENTED_EDGE('',*,*,#8617,.F.);
#3787=ORIENTED_EDGE('',*,*,#8618,.F.);
#3788=ORIENTED_EDGE('',*,*,#8609,.T.);
#3789=ORIENTED_EDGE('',*,*,#8598,.T.);
#3790=CARTESIAN_POINT('',(0.850000000000284,5.26999999999964,8.18000000000005));
#3791=DIRECTION('',(-0.707106781186534,-6.08323316373533E-15,0.707106781186561));
#3792=DIRECTION('',(-8.60299084323246E-15,1.0,0.0));
#3793=ORIENTED_EDGE('',*,*,#8619,.T.);
#3794=ORIENTED_EDGE('',*,*,#8584,.F.);
#3795=ORIENTED_EDGE('',*,*,#8614,.F.);
#3796=ORIENTED_EDGE('',*,*,#8581,.T.);
#3797=CARTESIAN_POINT('',(3.49999999999958,7.77000000000033,6.83));
#3798=DIRECTION('',(1.79811072098726E-14,1.11022302462651E-16,1.0));
#3799=DIRECTION('',(1.0,0.0,-1.79811072098726E-14));
#3800=ORIENTED_EDGE('',*,*,#8620,.F.);
#3801=ORIENTED_EDGE('',*,*,#8621,.T.);
#3802=ORIENTED_EDGE('',*,*,#8617,.T.);
#3803=ORIENTED_EDGE('',*,*,#8589,.T.);
#3804=ORIENTED_EDGE('',*,*,#8616,.T.);
#3805=ORIENTED_EDGE('',*,*,#8622,.F.);
#3806=ORIENTED_EDGE('',*,*,#8623,.F.);
#3807=ORIENTED_EDGE('',*,*,#8619,.F.);
#3808=CARTESIAN_POINT('',(2.49999999999975,5.27000000000021,8.43000000000002));
#3809=DIRECTION('',(1.79811072098726E-14,1.11022302462651E-16,1.0));
#3810=DIRECTION('',(-1.0,-8.43769498715119E-15,1.79811072098726E-14));
#3811=ORIENTED_EDGE('',*,*,#8620,.T.);
#3812=ORIENTED_EDGE('',*,*,#8580,.T.);
#3813=ORIENTED_EDGE('',*,*,#8624,.T.);
#3814=CARTESIAN_POINT('',(3.82500000000031,5.26999999999963,6.82999999999989));
#3815=DIRECTION('',(1.79811072098726E-14,1.11022302462651E-16,1.0));
#3816=DIRECTION('',(1.0,0.0,-1.79811072098726E-14));
#3817=ORIENTED_EDGE('',*,*,#8585,.T.);
#3818=ORIENTED_EDGE('',*,*,#8623,.T.);
#3819=ORIENTED_EDGE('',*,*,#8625,.T.);
#3820=CARTESIAN_POINT('',(3.82500000000031,5.26999999999963,6.82999999999989));
#3821=DIRECTION('',(1.79811072098726E-14,1.11022302462651E-16,1.0));
#3822=DIRECTION('',(1.0,0.0,-1.79811072098726E-14));
#3823=ORIENTED_EDGE('',*,*,#8621,.F.);
#3824=ORIENTED_EDGE('',*,*,#8624,.F.);
#3825=ORIENTED_EDGE('',*,*,#8606,.F.);
#3826=ORIENTED_EDGE('',*,*,#8625,.F.);
#3827=ORIENTED_EDGE('',*,*,#8622,.T.);
#3828=ORIENTED_EDGE('',*,*,#8615,.T.);
#3829=ORIENTED_EDGE('',*,*,#8607,.T.);
#3830=ORIENTED_EDGE('',*,*,#8618,.T.);
#3831=CARTESIAN_POINT('',(2.49999999999975,5.27000000000021,8.43000000000002));
#3832=DIRECTION('',(1.79811072098726E-14,1.11022302462651E-16,1.0));
#3833=DIRECTION('',(-1.0,-8.43769498715119E-15,1.79811072098726E-14));
#3834=ORIENTED_EDGE('',*,*,#8626,.T.);
#3835=ORIENTED_EDGE('',*,*,#8627,.F.);
#3836=ORIENTED_EDGE('',*,*,#8628,.F.);
#3837=ORIENTED_EDGE('',*,*,#8629,.T.);
#3838=CARTESIAN_POINT('',(1.13562602122467,7.13003633754783,14.515608753973));
#3839=DIRECTION('',(0.707106781186547,0.707106781186548,-3.92523114670943E-16));
#3840=DIRECTION('',(-5.55111512312578E-16,0.0,-1.0));
#3841=ORIENTED_EDGE('',*,*,#8630,.F.);
#3842=ORIENTED_EDGE('',*,*,#8631,.T.);
#3843=ORIENTED_EDGE('',*,*,#8632,.T.);
#3844=ORIENTED_EDGE('',*,*,#8633,.F.);
#3845=CARTESIAN_POINT('',(0.640651274394085,6.63506159071725,12.63));
#3846=DIRECTION('',(-0.707106781186547,-0.707106781186548,3.92523114670943E-16));
#3847=DIRECTION('',(-0.707106781186548,0.707106781186547,0.0));
#3848=ORIENTED_EDGE('',*,*,#8634,.F.);
#3849=ORIENTED_EDGE('',*,*,#8635,.T.);
#3850=ORIENTED_EDGE('',*,*,#8636,.F.);
#3851=ORIENTED_EDGE('',*,*,#8629,.F.);
#3852=ORIENTED_EDGE('',*,*,#8637,.F.);
#3853=ORIENTED_EDGE('',*,*,#8633,.T.);
#3854=ORIENTED_EDGE('',*,*,#8638,.F.);
#3855=ORIENTED_EDGE('',*,*,#8639,.F.);
#3856=CARTESIAN_POINT('',(2.50034380597097,5.27034380597093,12.8238194187433));
#3857=DIRECTION('',(1.62588397641634E-16,3.92523114670943E-16,1.0));
#3858=DIRECTION('',(0.707106781186545,0.70710678118655,-3.92523114670943E-16));
#3859=ORIENTED_EDGE('',*,*,#8634,.T.);
#3860=ORIENTED_EDGE('',*,*,#8640,.T.);
#3861=ORIENTED_EDGE('',*,*,#8641,.F.);
#3862=ORIENTED_EDGE('',*,*,#8642,.F.);
#3863=CARTESIAN_POINT('',(3.66558514939705,4.10510246254486,12.0176388374866));
#3864=DIRECTION('',(1.62588397641634E-16,3.92523114670943E-16,1.0));
#3865=DIRECTION('',(0.0,-1.0,3.92523114670943E-16));
#3866=ORIENTED_EDGE('',*,*,#8638,.T.);
#3867=ORIENTED_EDGE('',*,*,#8632,.F.);
#3868=ORIENTED_EDGE('',*,*,#8643,.T.);
#3869=CARTESIAN_POINT('',(3.6022202938885,4.16846731805341,13.63));
#3870=DIRECTION('',(-1.62588397641634E-16,-3.92523114670943E-16,-1.0));
#3871=DIRECTION('',(0.0,-1.0,3.92523114670943E-16));
#3872=ORIENTED_EDGE('',*,*,#8644,.T.);
#3873=ORIENTED_EDGE('',*,*,#8645,.T.);
#3874=CARTESIAN_POINT('',(2.10259624155355,4.8725962415535,6.82999999999999));
#3875=DIRECTION('',(1.62588397641634E-16,3.92523114670943E-16,1.0));
#3876=DIRECTION('',(0.0,-1.0,3.92523114670943E-16));
#3877=ORIENTED_EDGE('',*,*,#8628,.T.);
#3878=ORIENTED_EDGE('',*,*,#8646,.T.);
#3879=ORIENTED_EDGE('',*,*,#8630,.T.);
#3880=ORIENTED_EDGE('',*,*,#8637,.T.);
#3881=CARTESIAN_POINT('',(1.13562602122467,7.13003633754783,12.63));
#3882=DIRECTION('',(-1.62588397641634E-16,-3.92523114670943E-16,-1.0));
#3883=DIRECTION('',(0.0,-1.0,3.92523114670943E-16));
#3884=ORIENTED_EDGE('',*,*,#8644,.F.);
#3885=ORIENTED_EDGE('',*,*,#8647,.F.);
#3886=ORIENTED_EDGE('',*,*,#8641,.T.);
#3887=ORIENTED_EDGE('',*,*,#8648,.T.);
#3888=CARTESIAN_POINT('',(2.50034380597097,5.27034380597093,8.76943375672969));
#3889=DIRECTION('',(-1.62588397641634E-16,-3.92523114670943E-16,-1.0));
#3890=DIRECTION('',(0.707106781186547,0.707106781186548,-3.92523114670943E-16));
#3891=ORIENTED_EDGE('',*,*,#8626,.F.);
#3892=ORIENTED_EDGE('',*,*,#8636,.T.);
#3893=ORIENTED_EDGE('',*,*,#8649,.T.);
#3894=CARTESIAN_POINT('',(3.6022202938885,4.16846731805341,13.63));
#3895=DIRECTION('',(-1.62588397641634E-16,-3.92523114670943E-16,-1.0));
#3896=DIRECTION('',(0.0,-1.0,3.92523114670943E-16));
#3897=ORIENTED_EDGE('',*,*,#8639,.T.);
#3898=ORIENTED_EDGE('',*,*,#8643,.F.);
#3899=ORIENTED_EDGE('',*,*,#8631,.F.);
#3900=ORIENTED_EDGE('',*,*,#8646,.F.);
#3901=ORIENTED_EDGE('',*,*,#8627,.T.);
#3902=ORIENTED_EDGE('',*,*,#8649,.F.);
#3903=ORIENTED_EDGE('',*,*,#8635,.F.);
#3904=ORIENTED_EDGE('',*,*,#8640,.F.);
#3905=CARTESIAN_POINT('',(2.50034380597097,5.27034380597093,12.8238194187433));
#3906=DIRECTION('',(1.62588397641634E-16,3.92523114670943E-16,1.0));
#3907=DIRECTION('',(0.707106781186545,0.70710678118655,-3.92523114670943E-16));
#3908=ORIENTED_EDGE('',*,*,#8648,.F.);
#3909=ORIENTED_EDGE('',*,*,#8642,.T.);
#3910=ORIENTED_EDGE('',*,*,#8647,.T.);
#3911=ORIENTED_EDGE('',*,*,#8645,.F.);
#3912=CARTESIAN_POINT('',(2.50034380597097,5.27034380597093,8.76943375672969));
#3913=DIRECTION('',(-1.62588397641634E-16,-3.92523114670943E-16,-1.0));
#3914=DIRECTION('',(0.707106781186547,0.707106781186548,-3.92523114670943E-16));
#3915=ORIENTED_EDGE('',*,*,#8650,.T.);
#3916=ORIENTED_EDGE('',*,*,#8651,.T.);
#3917=ORIENTED_EDGE('',*,*,#8652,.F.);
#3918=ORIENTED_EDGE('',*,*,#8653,.F.);
#3919=CARTESIAN_POINT('',(8.35,1.72000000000015,15.005021));
#3920=DIRECTION('',(-0.0,0.0,1.0));
#3921=DIRECTION('',(0.999979878080836,-0.0063437712314326,0.0));
#3922=ORIENTED_EDGE('',*,*,#8654,.T.);
#3923=ORIENTED_EDGE('',*,*,#8655,.T.);
#3924=ORIENTED_EDGE('',*,*,#8656,.F.);
#3925=ORIENTED_EDGE('',*,*,#8657,.F.);
#3926=CARTESIAN_POINT('',(8.35,2.52000000000016,15.005021));
#3927=DIRECTION('',(-0.0,0.0,1.0));
#3928=DIRECTION('',(0.00634377123143534,0.999979878080836,0.0));
#3929=ORIENTED_EDGE('',*,*,#8658,.T.);
#3930=ORIENTED_EDGE('',*,*,#8659,.T.);
#3931=ORIENTED_EDGE('',*,*,#8660,.F.);
#3932=ORIENTED_EDGE('',*,*,#8661,.F.);
#3933=CARTESIAN_POINT('',(6.65000000000001,1.72000000000017,15.005021));
#3934=DIRECTION('',(0.0,0.0,1.0));
#3935=DIRECTION('',(-0.00634377123144219,-0.999979878080836,0.0));
#3936=ORIENTED_EDGE('',*,*,#8662,.F.);
#3937=ORIENTED_EDGE('',*,*,#8663,.T.);
#3938=ORIENTED_EDGE('',*,*,#8664,.T.);
#3939=ORIENTED_EDGE('',*,*,#8665,.F.);
#3940=CARTESIAN_POINT('',(3.34999999999999,2.52000000000017,14.794979));
#3941=DIRECTION('',(0.0,0.0,-1.0));
#3942=DIRECTION('',(0.999979878080836,0.00634377123144211,0.0));
#3943=ORIENTED_EDGE('',*,*,#8666,.F.);
#3944=ORIENTED_EDGE('',*,*,#8667,.T.);
#3945=ORIENTED_EDGE('',*,*,#8668,.T.);
#3946=ORIENTED_EDGE('',*,*,#8669,.F.);
#3947=CARTESIAN_POINT('',(3.34999999999999,1.72000000000017,14.794979));
#3948=DIRECTION('',(0.0,-0.0,-1.0));
#3949=DIRECTION('',(0.00634377123143923,-0.999979878080836,0.0));
#3950=ORIENTED_EDGE('',*,*,#8670,.T.);
#3951=ORIENTED_EDGE('',*,*,#8671,.T.);
#3952=ORIENTED_EDGE('',*,*,#8672,.F.);
#3953=ORIENTED_EDGE('',*,*,#8673,.F.);
#3954=CARTESIAN_POINT('',(6.65000000000001,2.52000000000017,15.005021));
#3955=DIRECTION('',(0.0,0.0,1.0));
#3956=DIRECTION('',(-0.999979878080836,0.00634377123143841,0.0));
#3957=ORIENTED_EDGE('',*,*,#8674,.F.);
#3958=ORIENTED_EDGE('',*,*,#8675,.T.);
#3959=ORIENTED_EDGE('',*,*,#8676,.T.);
#3960=ORIENTED_EDGE('',*,*,#8677,.F.);
#3961=CARTESIAN_POINT('',(0.000774230769231936,6.34738366571695,13.581111111109));
#3962=DIRECTION('',(1.0,-0.0,0.0));
#3963=DIRECTION('',(0.0,0.00634377123141076,0.999979878080836));
#3964=ORIENTED_EDGE('',*,*,#8678,.F.);
#3965=ORIENTED_EDGE('',*,*,#8679,.T.);
#3966=ORIENTED_EDGE('',*,*,#8680,.T.);
#3967=ORIENTED_EDGE('',*,*,#8681,.F.);
#3968=CARTESIAN_POINT('',(0.000774230769231936,5.31112377334595,12.2044245622044));
#3969=DIRECTION('',(1.0,-0.0,0.0));
#3970=DIRECTION('',(0.0,0.99998163035108,-0.00606126722695216));
#3971=ORIENTED_EDGE('',*,*,#8682,.F.);
#3972=ORIENTED_EDGE('',*,*,#8683,.T.);
#3973=ORIENTED_EDGE('',*,*,#8684,.T.);
#3974=ORIENTED_EDGE('',*,*,#8685,.F.);
#3975=CARTESIAN_POINT('',(0.000774230769231936,5.75953466286794,11.8188888888899));
#3976=DIRECTION('',(1.0,0.0,0.0));
#3977=DIRECTION('',(0.0,-0.00634377123136774,-0.999979878080836));
#3978=ORIENTED_EDGE('',*,*,#8686,.F.);
#3979=ORIENTED_EDGE('',*,*,#8687,.T.);
#3980=ORIENTED_EDGE('',*,*,#8688,.T.);
#3981=ORIENTED_EDGE('',*,*,#8689,.F.);
#3982=CARTESIAN_POINT('',(1.65,1.72000000000017,14.794979));
#3983=DIRECTION('',(0.0,-0.0,-1.0));
#3984=DIRECTION('',(-0.999979878080836,-0.00634377123143939,0.0));
#3985=ORIENTED_EDGE('',*,*,#8690,.F.);
#3986=ORIENTED_EDGE('',*,*,#8691,.T.);
#3987=ORIENTED_EDGE('',*,*,#8692,.T.);
#3988=ORIENTED_EDGE('',*,*,#8693,.F.);
#3989=CARTESIAN_POINT('',(1.65,2.52000000000017,14.794979));
#3990=DIRECTION('',(0.0,0.0,-1.0));
#3991=DIRECTION('',(-0.00634377123143901,0.999979878080836,0.0));
#3992=ORIENTED_EDGE('',*,*,#8694,.F.);
#3993=ORIENTED_EDGE('',*,*,#8695,.T.);
#3994=ORIENTED_EDGE('',*,*,#8696,.T.);
#3995=ORIENTED_EDGE('',*,*,#8697,.F.);
#3996=CARTESIAN_POINT('',(0.000774230769231932,6.34738366571695,11.8188888888899));
#3997=DIRECTION('',(1.0,-0.0,0.0));
#3998=DIRECTION('',(0.0,0.999979878080836,-0.00634377123132591));
#3999=ORIENTED_EDGE('',*,*,#8698,.F.);
#4000=ORIENTED_EDGE('',*,*,#8699,.T.);
#4001=ORIENTED_EDGE('',*,*,#8700,.T.);
#4002=ORIENTED_EDGE('',*,*,#8701,.F.);
#4003=CARTESIAN_POINT('',(0.000774230769231936,5.75953466286794,13.581111111109));
#4004=DIRECTION('',(1.0,0.0,0.0));
#4005=DIRECTION('',(0.0,-0.999979878080836,0.00634377123141584));
#4006=ORIENTED_EDGE('',*,*,#8702,.F.);
#4007=ORIENTED_EDGE('',*,*,#8703,.T.);
#4008=ORIENTED_EDGE('',*,*,#8704,.T.);
#4009=ORIENTED_EDGE('',*,*,#8705,.F.);
#4010=CARTESIAN_POINT('',(0.000774230769231936,5.31112377334595,13.5810028016134));
#4011=DIRECTION('',(1.0,0.0,0.0));
#4012=DIRECTION('',(0.0,-0.00393157578956244,0.999992271326039));
#4013=ORIENTED_EDGE('',*,*,#8706,.F.);
#4014=ORIENTED_EDGE('',*,*,#8707,.T.);
#4015=ORIENTED_EDGE('',*,*,#8708,.F.);
#4016=ORIENTED_EDGE('',*,*,#8709,.T.);
#4017=CARTESIAN_POINT('',(2.5,5.27000000000017,11.3127801533508));
#4018=DIRECTION('',(0.0,0.0,-1.0));
#4019=DIRECTION('',(0.0462173340929395,0.998931408070315,0.0));
#4020=ORIENTED_EDGE('',*,*,#8710,.F.);
#4021=ORIENTED_EDGE('',*,*,#8711,.T.);
#4022=ORIENTED_EDGE('',*,*,#8712,.T.);
#4023=ORIENTED_EDGE('',*,*,#8713,.F.);
#4024=CARTESIAN_POINT('',(0.000766571026939292,5.53532921810695,12.8878637464856));
#4025=DIRECTION('',(1.0,0.0,0.0));
#4026=DIRECTION('',(0.0,-0.998341816614028,0.0575640269595766));
#4027=ORIENTED_EDGE('',*,*,#8714,.F.);
#4028=ORIENTED_EDGE('',*,*,#8715,.T.);
#4029=ORIENTED_EDGE('',*,*,#8716,.T.);
#4030=ORIENTED_EDGE('',*,*,#8717,.F.);
#4031=CARTESIAN_POINT('',(0.000756300000001174,7.96000000000012,9.19999999999975));
#4032=DIRECTION('',(1.0,-0.0,0.0));
#4033=DIRECTION('',(0.0,0.999979878080836,-0.00634377123143768));
#4034=ORIENTED_EDGE('',*,*,#8718,.F.);
#4035=ORIENTED_EDGE('',*,*,#8719,.T.);
#4036=ORIENTED_EDGE('',*,*,#8720,.T.);
#4037=ORIENTED_EDGE('',*,*,#8721,.F.);
#4038=CARTESIAN_POINT('',(0.000756300000001167,1.97494014940163,9.19999999999974));
#4039=DIRECTION('',(1.0,0.0,0.0));
#4040=DIRECTION('',(0.0,-0.00634377123143267,-0.999979878080836));
#4041=ORIENTED_EDGE('',*,*,#8722,.F.);
#4042=ORIENTED_EDGE('',*,*,#8723,.T.);
#4043=ORIENTED_EDGE('',*,*,#8724,.T.);
#4044=ORIENTED_EDGE('',*,*,#8725,.F.);
#4045=CARTESIAN_POINT('',(0.000756300000001167,1.97494014940162,14.0000000000001));
#4046=DIRECTION('',(1.0,0.0,0.0));
#4047=DIRECTION('',(0.0,-0.999979878080836,0.00634377123141497));
#4048=ORIENTED_EDGE('',*,*,#8726,.F.);
#4049=ORIENTED_EDGE('',*,*,#8727,.T.);
#4050=ORIENTED_EDGE('',*,*,#8728,.F.);
#4051=ORIENTED_EDGE('',*,*,#8729,.F.);
#4052=CARTESIAN_POINT('',(0.000768000000001174,4.39145299145314,13.8249999999924));
#4053=DIRECTION('',(1.0,0.0,0.0));
#4054=DIRECTION('',(0.0,-0.999979878080836,0.00634377123142281));
#4055=ORIENTED_EDGE('',*,*,#8730,.F.);
#4056=ORIENTED_EDGE('',*,*,#8731,.T.);
#4057=ORIENTED_EDGE('',*,*,#8732,.F.);
#4058=ORIENTED_EDGE('',*,*,#8733,.F.);
#4059=CARTESIAN_POINT('',(0.000768000000001174,4.39145299145315,11.5749999999997));
#4060=DIRECTION('',(1.0,0.0,0.0));
#4061=DIRECTION('',(0.0,-0.0063437712314292,-0.999979878080836));
#4062=ORIENTED_EDGE('',*,*,#8734,.F.);
#4063=ORIENTED_EDGE('',*,*,#8735,.T.);
#4064=ORIENTED_EDGE('',*,*,#8736,.F.);
#4065=ORIENTED_EDGE('',*,*,#8737,.F.);
#4066=CARTESIAN_POINT('',(0.000768000000001174,6.58500000000015,11.5749999999997));
#4067=DIRECTION('',(1.0,-0.0,0.0));
#4068=DIRECTION('',(0.0,0.999979878080836,-0.00634377123141268));
#4069=ORIENTED_EDGE('',*,*,#8738,.F.);
#4070=ORIENTED_EDGE('',*,*,#8739,.T.);
#4071=ORIENTED_EDGE('',*,*,#8740,.T.);
#4072=ORIENTED_EDGE('',*,*,#8741,.F.);
#4073=CARTESIAN_POINT('',(0.000774230769231943,5.31112377334595,13.3419912414038));
#4074=DIRECTION('',(1.0,-0.0,0.0));
#4075=DIRECTION('',(0.0,0.999785415857815,-0.0207152658205217));
#4076=ORIENTED_EDGE('',*,*,#8742,.F.);
#4077=ORIENTED_EDGE('',*,*,#8743,.T.);
#4078=ORIENTED_EDGE('',*,*,#8744,.T.);
#4079=ORIENTED_EDGE('',*,*,#8745,.F.);
#4080=CARTESIAN_POINT('',(0.000756300000001167,7.96000000000013,14.0000000000001));
#4081=DIRECTION('',(1.0,-0.0,0.0));
#4082=DIRECTION('',(0.0,0.00634377123143393,0.999979878080836));
#4083=ORIENTED_EDGE('',*,*,#8746,.F.);
#4084=ORIENTED_EDGE('',*,*,#8747,.T.);
#4085=ORIENTED_EDGE('',*,*,#8748,.T.);
#4086=ORIENTED_EDGE('',*,*,#8749,.F.);
#4087=CARTESIAN_POINT('',(2.55126575,-0.0300000000001399,9.40000000000009));
#4088=DIRECTION('',(1.0,0.0,0.0));
#4089=DIRECTION('',(0.0,-0.999979878080836,0.00634377123144014));
#4090=ORIENTED_EDGE('',*,*,#8750,.F.);
#4091=ORIENTED_EDGE('',*,*,#8751,.T.);
#4092=ORIENTED_EDGE('',*,*,#8752,.F.);
#4093=ORIENTED_EDGE('',*,*,#8753,.F.);
#4094=ORIENTED_EDGE('',*,*,#8754,.F.);
#4095=CARTESIAN_POINT('',(2.5,16.6862468500002,3.73));
#4096=DIRECTION('',(0.0,-1.0,0.0));
#4097=DIRECTION('',(0.0462173340929389,0.0,-0.998931408070315));
#4098=ORIENTED_EDGE('',*,*,#8755,.F.);
#4099=ORIENTED_EDGE('',*,*,#8753,.T.);
#4100=ORIENTED_EDGE('',*,*,#8756,.T.);
#4101=ORIENTED_EDGE('',*,*,#8757,.F.);
#4102=ORIENTED_EDGE('',*,*,#8758,.F.);
#4103=ORIENTED_EDGE('',*,*,#8759,.F.);
#4104=CARTESIAN_POINT('',(2.5,16.7383811764708,3.73));
#4105=DIRECTION('',(-0.0,1.0,-0.0));
#4106=DIRECTION('',(-0.0575640269595676,0.0,0.998341816614028));
#4107=ORIENTED_EDGE('',*,*,#8760,.F.);
#4108=ORIENTED_EDGE('',*,*,#8761,.T.);
#4109=ORIENTED_EDGE('',*,*,#8759,.T.);
#4110=ORIENTED_EDGE('',*,*,#8762,.F.);
#4111=ORIENTED_EDGE('',*,*,#8763,.F.);
#4112=CARTESIAN_POINT('',(2.5,10.4499958823538,3.73));
#4113=DIRECTION('',(0.0,-1.0,0.0));
#4114=DIRECTION('',(0.0462173340929392,0.0,-0.998931408070315));
#4115=ORIENTED_EDGE('',*,*,#8764,.F.);
#4116=ORIENTED_EDGE('',*,*,#8765,.T.);
#4117=ORIENTED_EDGE('',*,*,#8766,.T.);
#4118=ORIENTED_EDGE('',*,*,#8767,.T.);
#4119=ORIENTED_EDGE('',*,*,#8768,.F.);
#4120=CARTESIAN_POINT('',(2.5,9.53174685000018,3.74499999999898));
#4121=DIRECTION('',(-0.0,-1.0,0.0));
#4122=DIRECTION('',(-0.034519478135008,0.0,-0.999404025221675));
#4123=ORIENTED_EDGE('',*,*,#8769,.F.);
#4124=ORIENTED_EDGE('',*,*,#8770,.T.);
#4125=ORIENTED_EDGE('',*,*,#8771,.T.);
#4126=ORIENTED_EDGE('',*,*,#8772,.F.);
#4127=CARTESIAN_POINT('',(0.000774230769231943,5.75953466286794,13.3419912414038));
#4128=DIRECTION('',(1.0,0.0,0.0));
#4129=DIRECTION('',(0.0,-0.461172760558598,-0.887310365609893));
#4130=ORIENTED_EDGE('',*,*,#8773,.F.);
#4131=ORIENTED_EDGE('',*,*,#8774,.T.);
#4132=ORIENTED_EDGE('',*,*,#8775,.F.);
#4133=ORIENTED_EDGE('',*,*,#8776,.F.);
#4134=CARTESIAN_POINT('',(0.000768000000001167,6.58500000000014,13.8249999999924));
#4135=DIRECTION('',(1.0,-0.0,0.0));
#4136=DIRECTION('',(0.0,0.00634377123147286,0.999979878080836));
#4137=ORIENTED_EDGE('',*,*,#8777,.F.);
#4138=ORIENTED_EDGE('',*,*,#8778,.T.);
#4139=ORIENTED_EDGE('',*,*,#8779,.T.);
#4140=ORIENTED_EDGE('',*,*,#8780,.F.);
#4141=CARTESIAN_POINT('',(0.000774230769231936,5.75953466286794,12.4337362515674));
#4142=DIRECTION('',(1.0,0.0,0.0));
#4143=DIRECTION('',(0.0,-0.999785415857817,0.0207152658204529));
#4144=ORIENTED_EDGE('',*,*,#8781,.F.);
#4145=ORIENTED_EDGE('',*,*,#8782,.F.);
#4146=ORIENTED_EDGE('',*,*,#8712,.F.);
#4147=ORIENTED_EDGE('',*,*,#8783,.T.);
#4148=CARTESIAN_POINT('',(0.000766571026939285,5.53532921810695,12.8878637464856));
#4149=DIRECTION('',(1.0,-0.0,0.0));
#4150=DIRECTION('',(0.0,0.998931408070315,0.0462173340929309));
#4151=ORIENTED_EDGE('',*,*,#8784,.F.);
#4152=ORIENTED_EDGE('',*,*,#8785,.F.);
#4153=ORIENTED_EDGE('',*,*,#8786,.T.);
#4154=ORIENTED_EDGE('',*,*,#8787,.T.);
#4155=CARTESIAN_POINT('',(-0.0112657499999986,0.200000000000187,9.2));
#4156=DIRECTION('',(-1.0,0.0,0.0));
#4157=DIRECTION('',(0.0,-0.0125210852713415,0.999921608139172));
#4158=ORIENTED_EDGE('',*,*,#8788,.F.);
#4159=ORIENTED_EDGE('',*,*,#8789,.T.);
#4160=ORIENTED_EDGE('',*,*,#8790,.T.);
#4161=ORIENTED_EDGE('',*,*,#8791,.F.);
#4162=CARTESIAN_POINT('',(0.000774230769231932,5.31112377334596,12.4337362515675));
#4163=DIRECTION('',(1.0,-0.0,0.0));
#4164=DIRECTION('',(0.0,0.461172760559247,0.887310365609556));
#4165=ORIENTED_EDGE('',*,*,#8792,.F.);
#4166=ORIENTED_EDGE('',*,*,#8793,.T.);
#4167=ORIENTED_EDGE('',*,*,#8794,.T.);
#4168=ORIENTED_EDGE('',*,*,#8795,.F.);
#4169=CARTESIAN_POINT('',(2.49999999999999,5.27000000000021,12.054996849999));
#4170=DIRECTION('',(0.0,0.0,-1.0));
#4171=DIRECTION('',(-0.0351803178017457,0.99938098102744,0.0));
#4172=ORIENTED_EDGE('',*,*,#8796,.F.);
#4173=ORIENTED_EDGE('',*,*,#8797,.T.);
#4174=ORIENTED_EDGE('',*,*,#8702,.T.);
#4175=ORIENTED_EDGE('',*,*,#8798,.F.);
#4176=CARTESIAN_POINT('',(0.000753849333487627,5.31800199993625,12.8927136819089));
#4177=DIRECTION('',(1.0,0.0,0.0));
#4178=DIRECTION('',(0.0,-0.0675373070539972,-0.997716749461436));
#4179=ORIENTED_EDGE('',*,*,#8799,.F.);
#4180=ORIENTED_EDGE('',*,*,#8800,.T.);
#4181=ORIENTED_EDGE('',*,*,#8801,.T.);
#4182=ORIENTED_EDGE('',*,*,#8802,.F.);
#4183=CARTESIAN_POINT('',(-0.0625052499999998,8.24759791744795,14.4));
#4184=DIRECTION('',(-1.0,0.0,0.0));
#4185=DIRECTION('',(0.0,0.998688191401366,0.0512044564024229));
#4186=ORIENTED_EDGE('',*,*,#8803,.F.);
#4187=ORIENTED_EDGE('',*,*,#8804,.F.);
#4188=ORIENTED_EDGE('',*,*,#8805,.F.);
#4189=ORIENTED_EDGE('',*,*,#8806,.T.);
#4190=CARTESIAN_POINT('',(2.5,5.27000000000017,15.0745362716351));
#4191=DIRECTION('',(-0.0,0.0,1.0));
#4192=DIRECTION('',(0.0462173340929396,-0.998931408070315,0.0));
#4193=ORIENTED_EDGE('',*,*,#8807,.F.);
#4194=ORIENTED_EDGE('',*,*,#8808,.T.);
#4195=ORIENTED_EDGE('',*,*,#8809,.T.);
#4196=ORIENTED_EDGE('',*,*,#8810,.F.);
#4197=CARTESIAN_POINT('',(2.56251575,0.924204055632521,14.8));
#4198=DIRECTION('',(1.0,0.0,0.0));
#4199=DIRECTION('',(0.0,-0.998688191401368,0.0512044564023901));
#4200=ORIENTED_EDGE('',*,*,#8811,.F.);
#4201=ORIENTED_EDGE('',*,*,#8812,.T.);
#4202=ORIENTED_EDGE('',*,*,#8813,.F.);
#4203=ORIENTED_EDGE('',*,*,#8814,.F.);
#4204=CARTESIAN_POINT('',(7.50000000000001,5.27000000000018,11.3127801533508));
#4205=DIRECTION('',(0.0,0.0,-1.0));
#4206=DIRECTION('',(0.0462173340929395,0.998931408070315,0.0));
#4207=ORIENTED_EDGE('',*,*,#8815,.F.);
#4208=ORIENTED_EDGE('',*,*,#8816,.F.);
#4209=ORIENTED_EDGE('',*,*,#8817,.F.);
#4210=ORIENTED_EDGE('',*,*,#8818,.T.);
#4211=ORIENTED_EDGE('',*,*,#8819,.T.);
#4212=CARTESIAN_POINT('',(7.50000000000001,9.53174685000018,3.74499999999898));
#4213=DIRECTION('',(-0.0,-1.0,0.0));
#4214=DIRECTION('',(-0.0301569105976874,0.0,-0.999545176939593));
#4215=ORIENTED_EDGE('',*,*,#8820,.F.);
#4216=ORIENTED_EDGE('',*,*,#8821,.T.);
#4217=ORIENTED_EDGE('',*,*,#8822,.F.);
#4218=ORIENTED_EDGE('',*,*,#8823,.F.);
#4219=CARTESIAN_POINT('',(7.50000000000001,5.27000000000018,15.0745362716351));
#4220=DIRECTION('',(-0.0,0.0,1.0));
#4221=DIRECTION('',(0.0462173340929398,-0.998931408070315,0.0));
#4222=ORIENTED_EDGE('',*,*,#8824,.F.);
#4223=ORIENTED_EDGE('',*,*,#8825,.F.);
#4224=ORIENTED_EDGE('',*,*,#8826,.F.);
#4225=ORIENTED_EDGE('',*,*,#8827,.F.);
#4226=ORIENTED_EDGE('',*,*,#8828,.T.);
#4227=CARTESIAN_POINT('',(7.50000000000001,10.4499958823538,3.73));
#4228=DIRECTION('',(0.0,-1.0,0.0));
#4229=DIRECTION('',(0.0462173340929398,0.0,-0.998931408070315));
#4230=ORIENTED_EDGE('',*,*,#8829,.F.);
#4231=ORIENTED_EDGE('',*,*,#8830,.F.);
#4232=ORIENTED_EDGE('',*,*,#8831,.F.);
#4233=ORIENTED_EDGE('',*,*,#8832,.F.);
#4234=ORIENTED_EDGE('',*,*,#8833,.T.);
#4235=ORIENTED_EDGE('',*,*,#8826,.T.);
#4236=CARTESIAN_POINT('',(7.50000000000001,16.7383811764708,3.73));
#4237=DIRECTION('',(-3.41947641462527E-15,1.0,3.13705402101589E-15));
#4238=DIRECTION('',(-0.0575640269595673,-3.32869104267644E-15,0.998341816614028));
#4239=ORIENTED_EDGE('',*,*,#8834,.F.);
#4240=ORIENTED_EDGE('',*,*,#8835,.F.);
#4241=ORIENTED_EDGE('',*,*,#8836,.T.);
#4242=ORIENTED_EDGE('',*,*,#8837,.F.);
#4243=CARTESIAN_POINT('',(4.74821868910678,0.0700000000000073,2.04830994034377));
#4244=DIRECTION('',(-2.07282503804636E-15,1.27196081880117E-15,-1.0));
#4245=DIRECTION('',(-0.988761982501073,-0.149498300861743,1.85937461282309E-15));
#4246=ORIENTED_EDGE('',*,*,#8838,.F.);
#4247=ORIENTED_EDGE('',*,*,#8839,.F.);
#4248=ORIENTED_EDGE('',*,*,#8840,.T.);
#4249=ORIENTED_EDGE('',*,*,#8841,.F.);
#4250=CARTESIAN_POINT('',(5.25178131089323,0.0700000000000121,2.04830994034377));
#4251=DIRECTION('',(2.19845079792795E-15,1.26410920880858E-15,-1.0));
#4252=DIRECTION('',(0.0104343224590162,-0.999945560975607,-1.24110104740066E-15));
#4253=ORIENTED_EDGE('',*,*,#8842,.F.);
#4254=ORIENTED_EDGE('',*,*,#8843,.F.);
#4255=ORIENTED_EDGE('',*,*,#8844,.F.);
#4256=ORIENTED_EDGE('',*,*,#8830,.T.);
#4257=ORIENTED_EDGE('',*,*,#8845,.T.);
#4258=CARTESIAN_POINT('',(7.50000000000001,16.6862468500002,3.73));
#4259=DIRECTION('',(0.0,-1.0,0.0));
#4260=DIRECTION('',(0.0462173340929395,0.0,-0.998931408070315));
#4261=ORIENTED_EDGE('',*,*,#8846,.F.);
#4262=ORIENTED_EDGE('',*,*,#8847,.T.);
#4263=ORIENTED_EDGE('',*,*,#8848,.T.);
#4264=ORIENTED_EDGE('',*,*,#8849,.F.);
#4265=CARTESIAN_POINT('',(7.50000000000001,5.27000000000018,12.054996849999));
#4266=DIRECTION('',(0.0,0.0,-1.0));
#4267=DIRECTION('',(-0.0185610637676345,0.999827728617192,0.0));
#4268=ORIENTED_EDGE('',*,*,#8850,.F.);
#4269=ORIENTED_EDGE('',*,*,#8851,.T.);
#4270=ORIENTED_EDGE('',*,*,#8852,.T.);
#4271=ORIENTED_EDGE('',*,*,#8853,.F.);
#4272=CARTESIAN_POINT('',(5.04001574999993,9.53999658961737,7.64272450102428));
#4273=DIRECTION('',(1.0,-0.0,0.0));
#4274=DIRECTION('',(0.0,0.00634377123143878,0.999979878080836));
#4275=ORIENTED_EDGE('',*,*,#8854,.F.);
#4276=ORIENTED_EDGE('',*,*,#8855,.F.);
#4277=ORIENTED_EDGE('',*,*,#8856,.T.);
#4278=ORIENTED_EDGE('',*,*,#8857,.F.);
#4279=CARTESIAN_POINT('',(5.04000420000001,12.8309763788948,8.94825699190903));
#4280=DIRECTION('',(1.0,-0.0,0.0));
#4281=DIRECTION('',(0.0,0.299226853646357,0.954182000488849));
#4282=ORIENTED_EDGE('',*,*,#8858,.F.);
#4283=ORIENTED_EDGE('',*,*,#8859,.T.);
#4284=ORIENTED_EDGE('',*,*,#8860,.T.);
#4285=ORIENTED_EDGE('',*,*,#8861,.F.);
#4286=CARTESIAN_POINT('',(3.3599895,13.2542606583284,8.24213000000042));
#4287=DIRECTION('',(-1.0,0.0,-0.0));
#4288=DIRECTION('',(0.0,-0.693272852124661,-0.720675205974882));
#4289=ORIENTED_EDGE('',*,*,#8862,.F.);
#4290=ORIENTED_EDGE('',*,*,#8863,.T.);
#4291=ORIENTED_EDGE('',*,*,#8864,.F.);
#4292=ORIENTED_EDGE('',*,*,#8865,.F.);
#4293=CARTESIAN_POINT('',(5.04001049999993,9.53999658961739,10.7902559902129));
#4294=DIRECTION('',(1.0,0.0,0.0));
#4295=DIRECTION('',(0.0,-0.236843301687363,-0.971547863178047));
#4296=ORIENTED_EDGE('',*,*,#8866,.F.);
#4297=ORIENTED_EDGE('',*,*,#8867,.T.);
#4298=ORIENTED_EDGE('',*,*,#8868,.F.);
#4299=ORIENTED_EDGE('',*,*,#8869,.F.);
#4300=CARTESIAN_POINT('',(5.04001049999993,9.53999658961739,8.14272450102428));
#4301=DIRECTION('',(1.0,0.0,0.0));
#4302=DIRECTION('',(0.0,-0.00634377123151268,-0.999979878080835));
#4303=ORIENTED_EDGE('',*,*,#8870,.F.);
#4304=ORIENTED_EDGE('',*,*,#8871,.T.);
#4305=ORIENTED_EDGE('',*,*,#8872,.F.);
#4306=ORIENTED_EDGE('',*,*,#8873,.F.);
#4307=CARTESIAN_POINT('',(3.3599895,9.53999658961739,8.14286904004586));
#4308=DIRECTION('',(-1.0,0.0,0.0));
#4309=DIRECTION('',(0.0,0.0385031442147555,0.999258479016104));
#4310=ORIENTED_EDGE('',*,*,#8874,.F.);
#4311=ORIENTED_EDGE('',*,*,#8875,.T.);
#4312=ORIENTED_EDGE('',*,*,#8876,.T.);
#4313=ORIENTED_EDGE('',*,*,#8877,.F.);
#4314=CARTESIAN_POINT('',(9.99924370000001,7.8000000000002,14.0));
#4315=DIRECTION('',(-1.0,0.0,0.0));
#4316=DIRECTION('',(0.0,0.999979878080836,0.00634377123143728));
#4317=ORIENTED_EDGE('',*,*,#8878,.F.);
#4318=ORIENTED_EDGE('',*,*,#8879,.T.);
#4319=ORIENTED_EDGE('',*,*,#8880,.T.);
#4320=ORIENTED_EDGE('',*,*,#8881,.F.);
#4321=CARTESIAN_POINT('',(9.99924370000001,7.80000000000019,9.50000000000001));
#4322=DIRECTION('',(-1.0,0.0,-0.0));
#4323=DIRECTION('',(0.0,0.00634377123145221,-0.999979878080836));
#4324=ORIENTED_EDGE('',*,*,#8882,.F.);
#4325=ORIENTED_EDGE('',*,*,#8883,.T.);
#4326=ORIENTED_EDGE('',*,*,#8884,.T.);
#4327=ORIENTED_EDGE('',*,*,#8885,.F.);
#4328=CARTESIAN_POINT('',(9.99924370000001,2.20000000000019,9.50000000000001));
#4329=DIRECTION('',(-1.0,0.0,-0.0));
#4330=DIRECTION('',(0.0,-0.999979878080836,-0.00634377123143699));
#4331=ORIENTED_EDGE('',*,*,#8886,.F.);
#4332=ORIENTED_EDGE('',*,*,#8887,.T.);
#4333=ORIENTED_EDGE('',*,*,#8888,.T.);
#4334=ORIENTED_EDGE('',*,*,#8889,.F.);
#4335=CARTESIAN_POINT('',(9.99924370000001,2.2000000000002,14.0));
#4336=DIRECTION('',(-1.0,0.0,0.0));
#4337=DIRECTION('',(0.0,-0.00634377123143356,0.999979878080836));
#4338=ORIENTED_EDGE('',*,*,#8890,.F.);
#4339=ORIENTED_EDGE('',*,*,#8891,.T.);
#4340=ORIENTED_EDGE('',*,*,#8892,.F.);
#4341=ORIENTED_EDGE('',*,*,#8893,.F.);
#4342=CARTESIAN_POINT('',(9.53873424999999,0.200000000000204,9.19999999999998));
#4343=DIRECTION('',(-1.0,0.0,0.0));
#4344=DIRECTION('',(0.0,-0.00634377123144304,0.999979878080836));
#4345=ORIENTED_EDGE('',*,*,#8894,.F.);
#4346=ORIENTED_EDGE('',*,*,#8895,.T.);
#4347=ORIENTED_EDGE('',*,*,#8896,.T.);
#4348=ORIENTED_EDGE('',*,*,#8897,.F.);
#4349=CARTESIAN_POINT('',(9.99924370000002,0.500000000000202,2.0));
#4350=DIRECTION('',(-1.0,0.0,0.0));
#4351=DIRECTION('',(0.0,-0.00634377123143415,0.999979878080836));
#4352=ORIENTED_EDGE('',*,*,#8898,.F.);
#4353=ORIENTED_EDGE('',*,*,#8899,.T.);
#4354=ORIENTED_EDGE('',*,*,#8900,.T.);
#4355=ORIENTED_EDGE('',*,*,#8901,.F.);
#4356=CARTESIAN_POINT('',(9.99924370000002,8.3400000000002,2.0));
#4357=DIRECTION('',(-1.0,0.0,0.0));
#4358=DIRECTION('',(0.0,0.999979878080836,0.00634377123143534));
#4359=ORIENTED_EDGE('',*,*,#8902,.F.);
#4360=ORIENTED_EDGE('',*,*,#8903,.T.);
#4361=ORIENTED_EDGE('',*,*,#8904,.T.);
#4362=ORIENTED_EDGE('',*,*,#8905,.F.);
#4363=CARTESIAN_POINT('',(9.99924370000002,8.3400000000002,1.00000000000001));
#4364=DIRECTION('',(-1.0,0.0,-0.0));
#4365=DIRECTION('',(0.0,0.00634377123144873,-0.999979878080836));
#4366=ORIENTED_EDGE('',*,*,#8906,.F.);
#4367=ORIENTED_EDGE('',*,*,#8907,.T.);
#4368=ORIENTED_EDGE('',*,*,#8908,.T.);
#4369=ORIENTED_EDGE('',*,*,#8909,.F.);
#4370=CARTESIAN_POINT('',(9.99924370000002,0.500000000000203,1.0));
#4371=DIRECTION('',(-1.0,0.0,-0.0));
#4372=DIRECTION('',(0.0,-0.999979878080836,-0.00634377123143599));
#4373=ORIENTED_EDGE('',*,*,#8910,.F.);
#4374=ORIENTED_EDGE('',*,*,#8911,.F.);
#4375=ORIENTED_EDGE('',*,*,#8912,.F.);
#4376=ORIENTED_EDGE('',*,*,#8913,.T.);
#4377=ORIENTED_EDGE('',*,*,#8914,.T.);
#4378=ORIENTED_EDGE('',*,*,#8915,.F.);
#4379=CARTESIAN_POINT('',(9.55,3.33125315000014,-0.0146383488665749));
#4380=DIRECTION('',(-1.0,0.0,0.0));
#4381=DIRECTION('',(0.0,0.0,1.0));
#4382=ORIENTED_EDGE('',*,*,#8892,.T.);
#4383=ORIENTED_EDGE('',*,*,#8916,.T.);
#4384=ORIENTED_EDGE('',*,*,#8914,.F.);
#4385=ORIENTED_EDGE('',*,*,#8917,.T.);
#4386=ORIENTED_EDGE('',*,*,#8918,.T.);
#4387=ORIENTED_EDGE('',*,*,#8919,.T.);
#4388=ORIENTED_EDGE('',*,*,#8920,.T.);
#4389=ORIENTED_EDGE('',*,*,#8896,.F.);
#4390=ORIENTED_EDGE('',*,*,#8921,.T.);
#4391=CARTESIAN_POINT('',(10.04200315,2.02921013325863E-13,-0.23000315));
#4392=DIRECTION('',(0.0,-1.0,0.0));
#4393=DIRECTION('',(0.0,0.0,-1.0));
#4394=ORIENTED_EDGE('',*,*,#8921,.F.);
#4395=ORIENTED_EDGE('',*,*,#8895,.F.);
#4396=ORIENTED_EDGE('',*,*,#8922,.F.);
#4397=ORIENTED_EDGE('',*,*,#8923,.T.);
#4398=ORIENTED_EDGE('',*,*,#8899,.F.);
#4399=ORIENTED_EDGE('',*,*,#8924,.F.);
#4400=ORIENTED_EDGE('',*,*,#8925,.T.);
#4401=ORIENTED_EDGE('',*,*,#8903,.F.);
#4402=ORIENTED_EDGE('',*,*,#8926,.F.);
#4403=ORIENTED_EDGE('',*,*,#8927,.T.);
#4404=ORIENTED_EDGE('',*,*,#8907,.F.);
#4405=ORIENTED_EDGE('',*,*,#8928,.F.);
#4406=ORIENTED_EDGE('',*,*,#8918,.F.);
#4407=ORIENTED_EDGE('',*,*,#8929,.F.);
#4408=ORIENTED_EDGE('',*,*,#8930,.F.);
#4409=ORIENTED_EDGE('',*,*,#8931,.F.);
#4410=ORIENTED_EDGE('',*,*,#8932,.F.);
#4411=ORIENTED_EDGE('',*,*,#8933,.F.);
#4412=ORIENTED_EDGE('',*,*,#8934,.F.);
#4413=ORIENTED_EDGE('',*,*,#8935,.F.);
#4414=ORIENTED_EDGE('',*,*,#8936,.T.);
#4415=ORIENTED_EDGE('',*,*,#8937,.T.);
#4416=ORIENTED_EDGE('',*,*,#8938,.F.);
#4417=ORIENTED_EDGE('',*,*,#8939,.F.);
#4418=ORIENTED_EDGE('',*,*,#8940,.F.);
#4419=ORIENTED_EDGE('',*,*,#8941,.T.);
#4420=ORIENTED_EDGE('',*,*,#8802,.T.);
#4421=ORIENTED_EDGE('',*,*,#8942,.F.);
#4422=ORIENTED_EDGE('',*,*,#8808,.F.);
#4423=ORIENTED_EDGE('',*,*,#8943,.F.);
#4424=ORIENTED_EDGE('',*,*,#8944,.F.);
#4425=ORIENTED_EDGE('',*,*,#8945,.F.);
#4426=ORIENTED_EDGE('',*,*,#8946,.T.);
#4427=ORIENTED_EDGE('',*,*,#8947,.T.);
#4428=ORIENTED_EDGE('',*,*,#8948,.T.);
#4429=ORIENTED_EDGE('',*,*,#8893,.T.);
#4430=ORIENTED_EDGE('',*,*,#8949,.F.);
#4431=ORIENTED_EDGE('',*,*,#8875,.F.);
#4432=ORIENTED_EDGE('',*,*,#8950,.F.);
#4433=ORIENTED_EDGE('',*,*,#8951,.F.);
#4434=ORIENTED_EDGE('',*,*,#8879,.F.);
#4435=ORIENTED_EDGE('',*,*,#8952,.F.);
#4436=ORIENTED_EDGE('',*,*,#8953,.F.);
#4437=ORIENTED_EDGE('',*,*,#8883,.F.);
#4438=ORIENTED_EDGE('',*,*,#8954,.F.);
#4439=ORIENTED_EDGE('',*,*,#8955,.F.);
#4440=ORIENTED_EDGE('',*,*,#8887,.F.);
#4441=ORIENTED_EDGE('',*,*,#8956,.F.);
#4442=CARTESIAN_POINT('',(10.0,-0.451753149999797,-0.375003150000001));
#4443=DIRECTION('',(1.0,0.0,0.0));
#4444=DIRECTION('',(0.0,1.0,0.0));
#4445=ORIENTED_EDGE('',*,*,#8957,.T.);
#4446=ORIENTED_EDGE('',*,*,#8958,.T.);
#4447=ORIENTED_EDGE('',*,*,#8959,.F.);
#4448=ORIENTED_EDGE('',*,*,#8960,.T.);
#4449=CARTESIAN_POINT('',(9.47259503068541,7.27000000000016,13.9450031500001));
#4450=DIRECTION('',(0.0,-1.0,0.0));
#4451=DIRECTION('',(0.0,0.0,-1.0));
#4452=ORIENTED_EDGE('',*,*,#8961,.T.);
#4453=ORIENTED_EDGE('',*,*,#8962,.F.);
#4454=ORIENTED_EDGE('',*,*,#8963,.F.);
#4455=ORIENTED_EDGE('',*,*,#8964,.T.);
#4456=CARTESIAN_POINT('',(8.74912397110572,18.2782531500002,6.66200297722627));
#4457=DIRECTION('',(-0.945151201921702,0.0,-0.326633135958313));
#4458=DIRECTION('',(-0.326633135958313,0.0,0.945151201921702));
#4459=ORIENTED_EDGE('',*,*,#8965,.F.);
#4460=ORIENTED_EDGE('',*,*,#8966,.T.);
#4461=ORIENTED_EDGE('',*,*,#8967,.T.);
#4462=ORIENTED_EDGE('',*,*,#8968,.F.);
#4463=CARTESIAN_POINT('',(8.49999999999999,2.29596757256615,0.194996849999988));
#4464=DIRECTION('',(-1.0,0.0,0.0));
#4465=DIRECTION('',(0.0,0.0,1.0));
#4466=ORIENTED_EDGE('',*,*,#8969,.F.);
#4467=ORIENTED_EDGE('',*,*,#8970,.T.);
#4468=ORIENTED_EDGE('',*,*,#8971,.F.);
#4469=ORIENTED_EDGE('',*,*,#8972,.F.);
#4470=ORIENTED_EDGE('',*,*,#8973,.F.);
#4471=CARTESIAN_POINT('',(9.06220437111503,-0.268253138013287,9.11833679779641));
#4472=DIRECTION('',(-0.996194698091746,-0.0871557427476581,1.23724029687869E-15));
#4473=DIRECTION('',(-0.0871557427476581,0.996194698091746,0.0));
#4474=ORIENTED_EDGE('',*,*,#8974,.F.);
#4475=ORIENTED_EDGE('',*,*,#8975,.F.);
#4476=ORIENTED_EDGE('',*,*,#8969,.T.);
#4477=ORIENTED_EDGE('',*,*,#8976,.F.);
#4478=CARTESIAN_POINT('',(8.92499999999999,1.26324684999904,6.38000315000241));
#4479=DIRECTION('',(-1.0,0.0,0.0));
#4480=DIRECTION('',(0.0,0.0,1.0));
#4481=ORIENTED_EDGE('',*,*,#8977,.T.);
#4482=ORIENTED_EDGE('',*,*,#8978,.T.);
#4483=ORIENTED_EDGE('',*,*,#8979,.F.);
#4484=ORIENTED_EDGE('',*,*,#8980,.T.);
#4485=CARTESIAN_POINT('',(9.55,7.89500315000015,0.946746845566792));
#4486=DIRECTION('',(-1.0,0.0,0.0));
#4487=DIRECTION('',(0.0,0.0,1.0));
#4488=ORIENTED_EDGE('',*,*,#8981,.T.);
#4489=ORIENTED_EDGE('',*,*,#8946,.F.);
#4490=ORIENTED_EDGE('',*,*,#8982,.T.);
#4491=ORIENTED_EDGE('',*,*,#8983,.F.);
#4492=CARTESIAN_POINT('',(9.53874685,0.249601946228952,9.28431688849168));
#4493=DIRECTION('',(0.0,0.984807753012208,-0.173648177666932));
#4494=DIRECTION('',(-1.0,0.0,0.0));
#4495=ORIENTED_EDGE('',*,*,#8916,.F.);
#4496=ORIENTED_EDGE('',*,*,#8891,.F.);
#4497=ORIENTED_EDGE('',*,*,#8984,.F.);
#4498=ORIENTED_EDGE('',*,*,#8985,.T.);
#4499=ORIENTED_EDGE('',*,*,#8983,.T.);
#4500=ORIENTED_EDGE('',*,*,#8986,.F.);
#4501=ORIENTED_EDGE('',*,*,#8987,.T.);
#4502=ORIENTED_EDGE('',*,*,#8988,.T.);
#4503=ORIENTED_EDGE('',*,*,#8747,.F.);
#4504=ORIENTED_EDGE('',*,*,#8989,.F.);
#4505=ORIENTED_EDGE('',*,*,#8990,.T.);
#4506=ORIENTED_EDGE('',*,*,#8991,.T.);
#4507=CARTESIAN_POINT('',(9.55,1.11880092795799,-0.148765166992883));
#4508=DIRECTION('',(-1.0,0.0,0.0));
#4509=DIRECTION('',(0.0,0.0,1.0));
#4510=ORIENTED_EDGE('',*,*,#8992,.F.);
#4511=ORIENTED_EDGE('',*,*,#8947,.F.);
#4512=ORIENTED_EDGE('',*,*,#8981,.F.);
#4513=ORIENTED_EDGE('',*,*,#8985,.F.);
#4514=CARTESIAN_POINT('',(9.53874685,0.198246850000203,9.39999999999998));
#4515=DIRECTION('',(0.0,0.0,-1.0));
#4516=DIRECTION('',(0.0,-1.0,0.0));
#4517=ORIENTED_EDGE('',*,*,#8932,.T.);
#4518=ORIENTED_EDGE('',*,*,#8993,.F.);
#4519=ORIENTED_EDGE('',*,*,#8994,.T.);
#4520=ORIENTED_EDGE('',*,*,#8995,.T.);
#4521=CARTESIAN_POINT('',(8.95227901255728,9.74000000000017,1.74287815000001));
#4522=DIRECTION('',(-0.0,1.0,0.0));
#4523=DIRECTION('',(1.0,0.0,0.0));
#4524=ORIENTED_EDGE('',*,*,#8996,.T.);
#4525=ORIENTED_EDGE('',*,*,#8997,.T.);
#4526=ORIENTED_EDGE('',*,*,#8933,.T.);
#4527=ORIENTED_EDGE('',*,*,#8995,.F.);
#4528=CARTESIAN_POINT('',(9.61780340456398,18.2782531500002,1.73000000000002));
#4529=DIRECTION('',(0.0,0.0,-1.0));
#4530=DIRECTION('',(0.0,-1.0,0.0));
#4531=ORIENTED_EDGE('',*,*,#8964,.F.);
#4532=ORIENTED_EDGE('',*,*,#8998,.F.);
#4533=ORIENTED_EDGE('',*,*,#8935,.T.);
#4534=ORIENTED_EDGE('',*,*,#8999,.F.);
#4535=CARTESIAN_POINT('',(8.7238718500001,18.2782531500002,6.64499999999998));
#4536=DIRECTION('',(0.0,0.0,1.0));
#4537=DIRECTION('',(1.0,0.0,0.0));
#4538=ORIENTED_EDGE('',*,*,#9000,.T.);
#4539=ORIENTED_EDGE('',*,*,#8939,.T.);
#4540=ORIENTED_EDGE('',*,*,#9001,.T.);
#4541=ORIENTED_EDGE('',*,*,#9002,.T.);
#4542=CARTESIAN_POINT('',(9.45162185,8.87000000000016,12.054996849999));
#4543=DIRECTION('',(-0.0,1.0,0.0));
#4544=DIRECTION('',(1.0,0.0,0.0));
#4545=ORIENTED_EDGE('',*,*,#8959,.T.);
#4546=ORIENTED_EDGE('',*,*,#9003,.T.);
#4547=ORIENTED_EDGE('',*,*,#9002,.F.);
#4548=ORIENTED_EDGE('',*,*,#9004,.F.);
#4549=CARTESIAN_POINT('',(9.465,8.91000315000019,13.9450031500001));
#4550=DIRECTION('',(1.0,0.0,0.0));
#4551=DIRECTION('',(0.0,1.0,0.0));
#4552=ORIENTED_EDGE('',*,*,#9005,.F.);
#4553=ORIENTED_EDGE('',*,*,#9006,.T.);
#4554=ORIENTED_EDGE('',*,*,#8897,.T.);
#4555=ORIENTED_EDGE('',*,*,#8920,.F.);
#4556=ORIENTED_EDGE('',*,*,#9007,.T.);
#4557=ORIENTED_EDGE('',*,*,#8909,.T.);
#4558=ORIENTED_EDGE('',*,*,#9008,.F.);
#4559=ORIENTED_EDGE('',*,*,#9009,.T.);
#4560=ORIENTED_EDGE('',*,*,#8905,.T.);
#4561=ORIENTED_EDGE('',*,*,#9010,.F.);
#4562=ORIENTED_EDGE('',*,*,#9011,.T.);
#4563=ORIENTED_EDGE('',*,*,#8901,.T.);
#4564=CARTESIAN_POINT('',(10.03,-0.221003149999797,0.44999685));
#4565=DIRECTION('',(1.0,0.0,0.0));
#4566=DIRECTION('',(0.0,1.0,0.0));
#4567=ORIENTED_EDGE('',*,*,#8906,.T.);
#4568=ORIENTED_EDGE('',*,*,#9007,.F.);
#4569=ORIENTED_EDGE('',*,*,#8919,.F.);
#4570=ORIENTED_EDGE('',*,*,#8928,.T.);
#4571=CARTESIAN_POINT('',(9.99924370000002,0.500000000000203,1.0));
#4572=DIRECTION('',(-1.0,0.0,-0.0));
#4573=DIRECTION('',(0.0,-0.999979878080836,-0.00634377123143599));
#4574=ORIENTED_EDGE('',*,*,#8927,.F.);
#4575=ORIENTED_EDGE('',*,*,#9012,.T.);
#4576=ORIENTED_EDGE('',*,*,#9008,.T.);
#4577=ORIENTED_EDGE('',*,*,#8908,.F.);
#4578=CARTESIAN_POINT('',(10.03075315,8.5360031500002,0.5));
#4579=DIRECTION('',(-0.0,-0.0,-1.0));
#4580=DIRECTION('',(0.0,-1.0,0.0));
#4581=ORIENTED_EDGE('',*,*,#8902,.T.);
#4582=ORIENTED_EDGE('',*,*,#9009,.F.);
#4583=ORIENTED_EDGE('',*,*,#9012,.F.);
#4584=ORIENTED_EDGE('',*,*,#8926,.T.);
#4585=CARTESIAN_POINT('',(9.99924370000002,8.3400000000002,1.00000000000001));
#4586=DIRECTION('',(-1.0,0.0,-0.0));
#4587=DIRECTION('',(0.0,0.00634377123144873,-0.999979878080836));
#4588=ORIENTED_EDGE('',*,*,#8925,.F.);
#4589=ORIENTED_EDGE('',*,*,#9013,.T.);
#4590=ORIENTED_EDGE('',*,*,#9010,.T.);
#4591=ORIENTED_EDGE('',*,*,#8904,.F.);
#4592=CARTESIAN_POINT('',(10.03075315,8.8400000000002,2.02500315));
#4593=DIRECTION('',(-0.0,1.0,0.0));
#4594=DIRECTION('',(1.0,0.0,0.0));
#4595=ORIENTED_EDGE('',*,*,#8898,.T.);
#4596=ORIENTED_EDGE('',*,*,#9011,.F.);
#4597=ORIENTED_EDGE('',*,*,#9013,.F.);
#4598=ORIENTED_EDGE('',*,*,#8924,.T.);
#4599=CARTESIAN_POINT('',(9.99924370000002,8.3400000000002,2.0));
#4600=DIRECTION('',(-1.0,0.0,0.0));
#4601=DIRECTION('',(0.0,0.999979878080836,0.00634377123143534));
#4602=ORIENTED_EDGE('',*,*,#8923,.F.);
#4603=ORIENTED_EDGE('',*,*,#9014,.T.);
#4604=ORIENTED_EDGE('',*,*,#9005,.T.);
#4605=ORIENTED_EDGE('',*,*,#8900,.F.);
#4606=CARTESIAN_POINT('',(10.03075315,0.303996850000203,2.5));
#4607=DIRECTION('',(0.0,0.0,1.0));
#4608=DIRECTION('',(1.0,0.0,0.0));
#4609=ORIENTED_EDGE('',*,*,#8894,.T.);
#4610=ORIENTED_EDGE('',*,*,#9006,.F.);
#4611=ORIENTED_EDGE('',*,*,#9014,.F.);
#4612=ORIENTED_EDGE('',*,*,#8922,.T.);
#4613=CARTESIAN_POINT('',(9.99924370000002,0.500000000000202,2.0));
#4614=DIRECTION('',(-1.0,0.0,0.0));
#4615=DIRECTION('',(0.0,-0.00634377123143415,0.999979878080836));
#4616=ORIENTED_EDGE('',*,*,#9015,.F.);
#4617=ORIENTED_EDGE('',*,*,#8656,.T.);
#4618=ORIENTED_EDGE('',*,*,#9016,.F.);
#4619=ORIENTED_EDGE('',*,*,#8650,.F.);
#4620=CARTESIAN_POINT('',(8.5,1.69999685000015,15.00500315));
#4621=DIRECTION('',(-1.0,0.0,0.0));
#4622=DIRECTION('',(0.0,0.0,1.0));
#4623=ORIENTED_EDGE('',*,*,#8890,.T.);
#4624=ORIENTED_EDGE('',*,*,#8948,.F.);
#4625=ORIENTED_EDGE('',*,*,#8992,.T.);
#4626=ORIENTED_EDGE('',*,*,#8984,.T.);
#4627=CARTESIAN_POINT('',(9.53873424999999,0.200000000000204,9.19999999999998));
#4628=DIRECTION('',(-1.0,0.0,0.0));
#4629=DIRECTION('',(0.0,-0.00634377123144304,0.999979878080836));
#4630=ORIENTED_EDGE('',*,*,#8949,.T.);
#4631=ORIENTED_EDGE('',*,*,#9017,.T.);
#4632=ORIENTED_EDGE('',*,*,#9018,.T.);
#4633=ORIENTED_EDGE('',*,*,#8876,.F.);
#4634=CARTESIAN_POINT('',(10.03075315,2.0599968500002,14.5));
#4635=DIRECTION('',(0.0,0.0,1.0));
#4636=DIRECTION('',(1.0,0.0,0.0));
#4637=ORIENTED_EDGE('',*,*,#9019,.F.);
#4638=ORIENTED_EDGE('',*,*,#9020,.T.);
#4639=ORIENTED_EDGE('',*,*,#8885,.T.);
#4640=ORIENTED_EDGE('',*,*,#9021,.F.);
#4641=ORIENTED_EDGE('',*,*,#9022,.T.);
#4642=ORIENTED_EDGE('',*,*,#8881,.T.);
#4643=ORIENTED_EDGE('',*,*,#9023,.F.);
#4644=ORIENTED_EDGE('',*,*,#9024,.T.);
#4645=ORIENTED_EDGE('',*,*,#8877,.T.);
#4646=ORIENTED_EDGE('',*,*,#9018,.F.);
#4647=ORIENTED_EDGE('',*,*,#9025,.T.);
#4648=ORIENTED_EDGE('',*,*,#8889,.T.);
#4649=CARTESIAN_POINT('',(10.03,1.5349968500002,8.86249685000001));
#4650=DIRECTION('',(1.0,0.0,0.0));
#4651=DIRECTION('',(0.0,1.0,0.0));
#4652=ORIENTED_EDGE('',*,*,#8886,.T.);
#4653=ORIENTED_EDGE('',*,*,#9025,.F.);
#4654=ORIENTED_EDGE('',*,*,#9017,.F.);
#4655=ORIENTED_EDGE('',*,*,#8956,.T.);
#4656=CARTESIAN_POINT('',(9.99924370000001,2.2000000000002,14.0));
#4657=DIRECTION('',(-1.0,0.0,0.0));
#4658=DIRECTION('',(0.0,-0.00634377123143356,0.999979878080836));
#4659=ORIENTED_EDGE('',*,*,#8955,.T.);
#4660=ORIENTED_EDGE('',*,*,#9026,.T.);
#4661=ORIENTED_EDGE('',*,*,#9019,.T.);
#4662=ORIENTED_EDGE('',*,*,#8888,.F.);
#4663=CARTESIAN_POINT('',(10.03075315,1.7000000000002,9.38749685000001));
#4664=DIRECTION('',(0.0,-1.0,0.0));
#4665=DIRECTION('',(0.0,0.0,-1.0));
#4666=ORIENTED_EDGE('',*,*,#8882,.T.);
#4667=ORIENTED_EDGE('',*,*,#9020,.F.);
#4668=ORIENTED_EDGE('',*,*,#9026,.F.);
#4669=ORIENTED_EDGE('',*,*,#8954,.T.);
#4670=CARTESIAN_POINT('',(9.99924370000001,2.20000000000019,9.50000000000001));
#4671=DIRECTION('',(-1.0,0.0,-0.0));
#4672=DIRECTION('',(0.0,-0.999979878080836,-0.00634377123143699));
#4673=ORIENTED_EDGE('',*,*,#8953,.T.);
#4674=ORIENTED_EDGE('',*,*,#9027,.T.);
#4675=ORIENTED_EDGE('',*,*,#9021,.T.);
#4676=ORIENTED_EDGE('',*,*,#8884,.F.);
#4677=CARTESIAN_POINT('',(10.03075315,7.9400031500002,9.00000000000001));
#4678=DIRECTION('',(-0.0,-0.0,-1.0));
#4679=DIRECTION('',(0.0,-1.0,0.0));
#4680=ORIENTED_EDGE('',*,*,#8878,.T.);
#4681=ORIENTED_EDGE('',*,*,#9022,.F.);
#4682=ORIENTED_EDGE('',*,*,#9027,.F.);
#4683=ORIENTED_EDGE('',*,*,#8952,.T.);
#4684=CARTESIAN_POINT('',(9.99924370000001,7.80000000000019,9.50000000000001));
#4685=DIRECTION('',(-1.0,0.0,-0.0));
#4686=DIRECTION('',(0.0,0.00634377123145221,-0.999979878080836));
#4687=ORIENTED_EDGE('',*,*,#8951,.T.);
#4688=ORIENTED_EDGE('',*,*,#9028,.T.);
#4689=ORIENTED_EDGE('',*,*,#9023,.T.);
#4690=ORIENTED_EDGE('',*,*,#8880,.F.);
#4691=CARTESIAN_POINT('',(10.03075315,8.3000000000002,14.11250315));
#4692=DIRECTION('',(-0.0,1.0,0.0));
#4693=DIRECTION('',(1.0,0.0,0.0));
#4694=ORIENTED_EDGE('',*,*,#8874,.T.);
#4695=ORIENTED_EDGE('',*,*,#9024,.F.);
#4696=ORIENTED_EDGE('',*,*,#9028,.F.);
#4697=ORIENTED_EDGE('',*,*,#8950,.T.);
#4698=CARTESIAN_POINT('',(9.99924370000001,7.8000000000002,14.0));
#4699=DIRECTION('',(-1.0,0.0,0.0));
#4700=DIRECTION('',(0.0,0.999979878080836,0.00634377123143728));
#4701=ORIENTED_EDGE('',*,*,#8870,.T.);
#4702=ORIENTED_EDGE('',*,*,#9029,.F.);
#4703=ORIENTED_EDGE('',*,*,#9030,.T.);
#4704=ORIENTED_EDGE('',*,*,#9031,.T.);
#4705=CARTESIAN_POINT('',(3.3599895,9.53999658961739,8.14286904004586));
#4706=DIRECTION('',(-1.0,0.0,0.0));
#4707=DIRECTION('',(0.0,0.0385031442147555,0.999258479016104));
#4708=ORIENTED_EDGE('',*,*,#9032,.F.);
#4709=ORIENTED_EDGE('',*,*,#9033,.F.);
#4710=ORIENTED_EDGE('',*,*,#8867,.F.);
#4711=ORIENTED_EDGE('',*,*,#9034,.F.);
#4712=ORIENTED_EDGE('',*,*,#9035,.T.);
#4713=ORIENTED_EDGE('',*,*,#8853,.T.);
#4714=ORIENTED_EDGE('',*,*,#9036,.T.);
#4715=CARTESIAN_POINT('',(3.4,8.57980141641971,6.53668004805773));
#4716=DIRECTION('',(1.0,0.0,0.0));
#4717=DIRECTION('',(0.0,1.0,0.0));
#4718=ORIENTED_EDGE('',*,*,#9037,.F.);
#4719=ORIENTED_EDGE('',*,*,#8863,.F.);
#4720=ORIENTED_EDGE('',*,*,#9038,.F.);
#4721=ORIENTED_EDGE('',*,*,#9039,.T.);
#4722=ORIENTED_EDGE('',*,*,#9040,.F.);
#4723=ORIENTED_EDGE('',*,*,#9041,.T.);
#4724=ORIENTED_EDGE('',*,*,#8857,.T.);
#4725=ORIENTED_EDGE('',*,*,#9042,.T.);
#4726=ORIENTED_EDGE('',*,*,#9043,.F.);
#4727=ORIENTED_EDGE('',*,*,#9044,.F.);
#4728=ORIENTED_EDGE('',*,*,#8859,.F.);
#4729=ORIENTED_EDGE('',*,*,#9045,.F.);
#4730=ORIENTED_EDGE('',*,*,#9046,.F.);
#4731=ORIENTED_EDGE('',*,*,#9047,.F.);
#4732=ORIENTED_EDGE('',*,*,#9029,.T.);
#4733=ORIENTED_EDGE('',*,*,#8873,.T.);
#4734=CARTESIAN_POINT('',(3.4,8.57980141641971,6.53668004805773));
#4735=DIRECTION('',(1.0,0.0,0.0));
#4736=DIRECTION('',(0.0,1.0,0.0));
#4737=ORIENTED_EDGE('',*,*,#8866,.T.);
#4738=ORIENTED_EDGE('',*,*,#9048,.F.);
#4739=ORIENTED_EDGE('',*,*,#9049,.T.);
#4740=ORIENTED_EDGE('',*,*,#9034,.T.);
#4741=CARTESIAN_POINT('',(5.04001049999993,9.53999658961739,8.14272450102428));
#4742=DIRECTION('',(1.0,0.0,0.0));
#4743=DIRECTION('',(0.0,-0.00634377123151268,-0.999979878080835));
#4744=ORIENTED_EDGE('',*,*,#9050,.F.);
#4745=ORIENTED_EDGE('',*,*,#9051,.F.);
#4746=ORIENTED_EDGE('',*,*,#8851,.F.);
#4747=ORIENTED_EDGE('',*,*,#9052,.F.);
#4748=ORIENTED_EDGE('',*,*,#9048,.T.);
#4749=ORIENTED_EDGE('',*,*,#8869,.T.);
#4750=ORIENTED_EDGE('',*,*,#9053,.F.);
#4751=CARTESIAN_POINT('',(4.99999999999993,8.57980141641971,10.9654520296328));
#4752=DIRECTION('',(-1.0,0.0,0.0));
#4753=DIRECTION('',(0.0,0.0,1.0));
#4754=ORIENTED_EDGE('',*,*,#8862,.T.);
#4755=ORIENTED_EDGE('',*,*,#9054,.F.);
#4756=ORIENTED_EDGE('',*,*,#9055,.T.);
#4757=ORIENTED_EDGE('',*,*,#9038,.T.);
#4758=CARTESIAN_POINT('',(5.04001049999993,9.53999658961739,10.7902559902129));
#4759=DIRECTION('',(1.0,0.0,0.0));
#4760=DIRECTION('',(0.0,-0.236843301687363,-0.971547863178047));
#4761=ORIENTED_EDGE('',*,*,#9056,.F.);
#4762=ORIENTED_EDGE('',*,*,#8871,.F.);
#4763=ORIENTED_EDGE('',*,*,#9031,.F.);
#4764=ORIENTED_EDGE('',*,*,#9057,.F.);
#4765=ORIENTED_EDGE('',*,*,#9058,.T.);
#4766=ORIENTED_EDGE('',*,*,#9059,.T.);
#4767=ORIENTED_EDGE('',*,*,#8861,.T.);
#4768=ORIENTED_EDGE('',*,*,#9060,.T.);
#4769=ORIENTED_EDGE('',*,*,#9061,.T.);
#4770=ORIENTED_EDGE('',*,*,#9062,.F.);
#4771=ORIENTED_EDGE('',*,*,#8855,.T.);
#4772=ORIENTED_EDGE('',*,*,#9063,.T.);
#4773=ORIENTED_EDGE('',*,*,#9064,.F.);
#4774=ORIENTED_EDGE('',*,*,#9065,.T.);
#4775=ORIENTED_EDGE('',*,*,#9054,.T.);
#4776=ORIENTED_EDGE('',*,*,#8865,.T.);
#4777=CARTESIAN_POINT('',(4.99999999999993,8.57980141641971,10.9654520296328));
#4778=DIRECTION('',(-1.0,0.0,0.0));
#4779=DIRECTION('',(0.0,0.0,1.0));
#4780=ORIENTED_EDGE('',*,*,#8858,.T.);
#4781=ORIENTED_EDGE('',*,*,#9059,.F.);
#4782=ORIENTED_EDGE('',*,*,#9066,.F.);
#4783=ORIENTED_EDGE('',*,*,#9045,.T.);
#4784=CARTESIAN_POINT('',(3.3599895,13.2542606583284,8.24213000000042));
#4785=DIRECTION('',(-1.0,0.0,-0.0));
#4786=DIRECTION('',(0.0,-0.693272852124661,-0.720675205974882));
#4787=ORIENTED_EDGE('',*,*,#8856,.F.);
#4788=ORIENTED_EDGE('',*,*,#9062,.T.);
#4789=ORIENTED_EDGE('',*,*,#9067,.F.);
#4790=ORIENTED_EDGE('',*,*,#9042,.F.);
#4791=CARTESIAN_POINT('',(5.04000315000002,14.1608212327016,8.67907230988165));
#4792=DIRECTION('',(-0.0,-0.707106781186547,-0.707106781186548));
#4793=DIRECTION('',(0.0,-0.707106781186548,0.707106781186547));
#4794=ORIENTED_EDGE('',*,*,#9040,.T.);
#4795=ORIENTED_EDGE('',*,*,#9068,.T.);
#4796=ORIENTED_EDGE('',*,*,#9064,.T.);
#4797=ORIENTED_EDGE('',*,*,#9069,.F.);
#4798=CARTESIAN_POINT('',(5.04000315000001,13.0305744361664,9.6712319889598));
#4799=DIRECTION('',(-0.0,-0.258819045102519,-0.965925826289069));
#4800=DIRECTION('',(0.0,-0.965925826289069,0.258819045102519));
#4801=ORIENTED_EDGE('',*,*,#8854,.T.);
#4802=ORIENTED_EDGE('',*,*,#9041,.F.);
#4803=ORIENTED_EDGE('',*,*,#9069,.T.);
#4804=ORIENTED_EDGE('',*,*,#9063,.F.);
#4805=CARTESIAN_POINT('',(5.04000420000001,12.8309763788948,8.94825699190903));
#4806=DIRECTION('',(1.0,-0.0,0.0));
#4807=DIRECTION('',(0.0,0.299226853646357,0.954182000488849));
#4808=ORIENTED_EDGE('',*,*,#9055,.F.);
#4809=ORIENTED_EDGE('',*,*,#9065,.F.);
#4810=ORIENTED_EDGE('',*,*,#9068,.F.);
#4811=ORIENTED_EDGE('',*,*,#9039,.F.);
#4812=CARTESIAN_POINT('',(5.04000315000002,9.38943594250371,10.5170479592818));
#4813=DIRECTION('',(-0.0,0.224100670508509,0.974566000575455));
#4814=DIRECTION('',(1.0,0.0,0.0));
#4815=ORIENTED_EDGE('',*,*,#9067,.T.);
#4816=ORIENTED_EDGE('',*,*,#9061,.F.);
#4817=ORIENTED_EDGE('',*,*,#9070,.F.);
#4818=ORIENTED_EDGE('',*,*,#9043,.T.);
#4819=CARTESIAN_POINT('',(3.35998425,13.9998973432114,8.55715348689731));
#4820=DIRECTION('',(-1.0,0.0,-0.0));
#4821=DIRECTION('',(0.0,0.499495447798066,-0.866316511229591));
#4822=ORIENTED_EDGE('',*,*,#9044,.T.);
#4823=ORIENTED_EDGE('',*,*,#9070,.T.);
#4824=ORIENTED_EDGE('',*,*,#9060,.F.);
#4825=ORIENTED_EDGE('',*,*,#8860,.F.);
#4826=CARTESIAN_POINT('',(3.35999685,13.3868670132263,7.97228015318321));
#4827=DIRECTION('',(0.0,0.500000000000006,-0.866025403784435));
#4828=DIRECTION('',(-1.0,0.0,0.0));
#4829=ORIENTED_EDGE('',*,*,#9066,.T.);
#4830=ORIENTED_EDGE('',*,*,#9058,.F.);
#4831=ORIENTED_EDGE('',*,*,#9071,.F.);
#4832=ORIENTED_EDGE('',*,*,#9046,.T.);
#4833=CARTESIAN_POINT('',(3.35999685,12.7631910613712,8.30893552824569));
#4834=DIRECTION('',(-0.0,-0.70710678118652,-0.707106781186575));
#4835=DIRECTION('',(0.0,-0.707106781186575,0.70710678118652));
#4836=ORIENTED_EDGE('',*,*,#9030,.F.);
#4837=ORIENTED_EDGE('',*,*,#9047,.T.);
#4838=ORIENTED_EDGE('',*,*,#9071,.T.);
#4839=ORIENTED_EDGE('',*,*,#9057,.T.);
#4840=CARTESIAN_POINT('',(5.04000315000002,9.47265640423035,8.44609498158449));
#4841=DIRECTION('',(-0.0,0.0436193873653297,0.999048221581858));
#4842=DIRECTION('',(1.0,0.0,0.0));
#4843=ORIENTED_EDGE('',*,*,#8850,.T.);
#4844=ORIENTED_EDGE('',*,*,#9035,.F.);
#4845=ORIENTED_EDGE('',*,*,#9049,.F.);
#4846=ORIENTED_EDGE('',*,*,#9052,.T.);
#4847=CARTESIAN_POINT('',(5.04001574999993,9.53999658961737,7.64272450102428));
#4848=DIRECTION('',(1.0,-0.0,0.0));
#4849=DIRECTION('',(0.0,0.00634377123143878,0.999979878080836));
#4850=ORIENTED_EDGE('',*,*,#9072,.F.);
#4851=ORIENTED_EDGE('',*,*,#9036,.F.);
#4852=ORIENTED_EDGE('',*,*,#8852,.F.);
#4853=ORIENTED_EDGE('',*,*,#9051,.T.);
#4854=CARTESIAN_POINT('',(5.04000315000001,9.73999658961737,7.66774251354988));
#4855=DIRECTION('',(0.0,-1.0,0.0));
#4856=DIRECTION('',(0.0,0.0,-1.0));
#4857=ORIENTED_EDGE('',*,*,#9032,.T.);
#4858=ORIENTED_EDGE('',*,*,#9072,.T.);
#4859=ORIENTED_EDGE('',*,*,#9050,.T.);
#4860=ORIENTED_EDGE('',*,*,#9073,.T.);
#4861=ORIENTED_EDGE('',*,*,#8936,.F.);
#4862=ORIENTED_EDGE('',*,*,#8998,.T.);
#4863=ORIENTED_EDGE('',*,*,#9074,.T.);
#4864=ORIENTED_EDGE('',*,*,#9075,.F.);
#4865=ORIENTED_EDGE('',*,*,#9076,.F.);
#4866=ORIENTED_EDGE('',*,*,#9077,.F.);
#4867=ORIENTED_EDGE('',*,*,#9078,.F.);
#4868=ORIENTED_EDGE('',*,*,#9079,.T.);
#4869=CARTESIAN_POINT('',(2.56250315,9.75250157500019,6.62334663692535));
#4870=DIRECTION('',(0.0,-0.866025403784437,-0.500000000000003));
#4871=DIRECTION('',(0.0,0.500000000000003,-0.866025403784437));
#4872=ORIENTED_EDGE('',*,*,#9033,.T.);
#4873=ORIENTED_EDGE('',*,*,#9079,.F.);
#4874=ORIENTED_EDGE('',*,*,#9080,.F.);
#4875=ORIENTED_EDGE('',*,*,#9081,.F.);
#4876=ORIENTED_EDGE('',*,*,#8937,.F.);
#4877=ORIENTED_EDGE('',*,*,#9073,.F.);
#4878=ORIENTED_EDGE('',*,*,#9053,.T.);
#4879=ORIENTED_EDGE('',*,*,#8868,.T.);
#4880=ORIENTED_EDGE('',*,*,#9037,.T.);
#4881=ORIENTED_EDGE('',*,*,#8872,.T.);
#4882=ORIENTED_EDGE('',*,*,#9056,.T.);
#4883=ORIENTED_EDGE('',*,*,#8864,.T.);
#4884=CARTESIAN_POINT('',(2.56250315,9.2400000000002,7.42722608693673));
#4885=DIRECTION('',(0.0,-1.0,0.0));
#4886=DIRECTION('',(0.0,0.0,-1.0));
#4887=ORIENTED_EDGE('',*,*,#9082,.F.);
#4888=ORIENTED_EDGE('',*,*,#9083,.F.);
#4889=ORIENTED_EDGE('',*,*,#8976,.T.);
#4890=ORIENTED_EDGE('',*,*,#9084,.T.);
#4891=ORIENTED_EDGE('',*,*,#9085,.T.);
#4892=CARTESIAN_POINT('',(5.84966418870968,2.80675315000018,6.30000000000027));
#4893=DIRECTION('',(-0.0,1.43857271541432E-14,1.0));
#4894=DIRECTION('',(0.0,-1.0,1.43857271541432E-14));
#4895=ORIENTED_EDGE('',*,*,#9086,.T.);
#4896=ORIENTED_EDGE('',*,*,#8651,.F.);
#4897=ORIENTED_EDGE('',*,*,#9016,.T.);
#4898=ORIENTED_EDGE('',*,*,#8655,.F.);
#4899=ORIENTED_EDGE('',*,*,#9087,.T.);
#4900=ORIENTED_EDGE('',*,*,#8671,.F.);
#4901=ORIENTED_EDGE('',*,*,#9088,.T.);
#4902=ORIENTED_EDGE('',*,*,#8659,.F.);
#4903=CARTESIAN_POINT('',(6.47499685000001,1.54249685000017,14.8));
#4904=DIRECTION('',(0.0,0.0,1.0));
#4905=DIRECTION('',(1.0,0.0,0.0));
#4906=ORIENTED_EDGE('',*,*,#9089,.F.);
#4907=ORIENTED_EDGE('',*,*,#9090,.T.);
#4908=ORIENTED_EDGE('',*,*,#9091,.T.);
#4909=ORIENTED_EDGE('',*,*,#9092,.F.);
#4910=CARTESIAN_POINT('',(3.50000000000001,2.29596757256616,0.194996849999988));
#4911=DIRECTION('',(-1.0,0.0,0.0));
#4912=DIRECTION('',(0.0,0.0,1.0));
#4913=ORIENTED_EDGE('',*,*,#9093,.F.);
#4914=ORIENTED_EDGE('',*,*,#9094,.T.);
#4915=ORIENTED_EDGE('',*,*,#9095,.T.);
#4916=ORIENTED_EDGE('',*,*,#9096,.F.);
#4917=CARTESIAN_POINT('',(3.99587602889447,18.2782531500002,5.94799702277387));
#4918=DIRECTION('',(0.945151201921702,0.0,0.326633135958313));
#4919=DIRECTION('',(0.0,-1.0,0.0));
#4920=ORIENTED_EDGE('',*,*,#9097,.T.);
#4921=ORIENTED_EDGE('',*,*,#9095,.F.);
#4922=ORIENTED_EDGE('',*,*,#9075,.T.);
#4923=ORIENTED_EDGE('',*,*,#9098,.T.);
#4924=CARTESIAN_POINT('',(6.30725314999992,18.2782531500002,6.64499999999998));
#4925=DIRECTION('',(-0.0,-0.0,-1.0));
#4926=DIRECTION('',(0.0,-1.0,0.0));
#4927=ORIENTED_EDGE('',*,*,#9099,.T.);
#4928=ORIENTED_EDGE('',*,*,#8966,.F.);
#4929=ORIENTED_EDGE('',*,*,#9100,.F.);
#4930=ORIENTED_EDGE('',*,*,#9101,.T.);
#4931=CARTESIAN_POINT('',(7.52500315000001,1.2650531762621,0.194996850000233));
#4932=DIRECTION('',(0.0,1.0,-2.33668502746977E-13));
#4933=DIRECTION('',(0.0,-2.33668502746977E-13,-1.0));
#4934=ORIENTED_EDGE('',*,*,#8846,.T.);
#4935=ORIENTED_EDGE('',*,*,#9102,.F.);
#4936=ORIENTED_EDGE('',*,*,#8957,.F.);
#4937=ORIENTED_EDGE('',*,*,#9103,.T.);
#4938=CARTESIAN_POINT('',(7.50000000000001,5.27000000000018,12.054996849999));
#4939=DIRECTION('',(0.0,0.0,-1.0));
#4940=DIRECTION('',(-0.0185610637676345,0.999827728617192,0.0));
#4941=ORIENTED_EDGE('',*,*,#9104,.T.);
#4942=ORIENTED_EDGE('',*,*,#8817,.T.);
#4943=ORIENTED_EDGE('',*,*,#9105,.T.);
#4944=ORIENTED_EDGE('',*,*,#9106,.F.);
#4945=CARTESIAN_POINT('',(6.07327508103882,9.74000000000018,1.74287815000002));
#4946=DIRECTION('',(0.0,-1.0,0.0));
#4947=DIRECTION('',(0.0,0.0,-1.0));
#4948=ORIENTED_EDGE('',*,*,#9107,.T.);
#4949=ORIENTED_EDGE('',*,*,#9108,.F.);
#4950=ORIENTED_EDGE('',*,*,#9109,.T.);
#4951=ORIENTED_EDGE('',*,*,#8979,.T.);
#4952=CARTESIAN_POINT('',(5.39874685000001,7.77000000000017,0.946746845566793));
#4953=DIRECTION('',(0.0,-1.0,0.0));
#4954=DIRECTION('',(0.0,0.0,-1.0));
#4955=ORIENTED_EDGE('',*,*,#9110,.T.);
#4956=ORIENTED_EDGE('',*,*,#8848,.F.);
#4957=ORIENTED_EDGE('',*,*,#9111,.F.);
#4958=ORIENTED_EDGE('',*,*,#9112,.T.);
#4959=CARTESIAN_POINT('',(5.10500315000001,6.27000000000018,13.9450031500001));
#4960=DIRECTION('',(0.0,-1.0,0.0));
#4961=DIRECTION('',(0.0,0.0,-1.0));
#4962=ORIENTED_EDGE('',*,*,#9113,.F.);
#4963=ORIENTED_EDGE('',*,*,#8977,.F.);
#4964=ORIENTED_EDGE('',*,*,#9114,.F.);
#4965=ORIENTED_EDGE('',*,*,#9115,.T.);
#4966=ORIENTED_EDGE('',*,*,#9083,.T.);
#4967=ORIENTED_EDGE('',*,*,#9116,.T.);
#4968=ORIENTED_EDGE('',*,*,#9117,.F.);
#4969=ORIENTED_EDGE('',*,*,#8974,.T.);
#4970=CARTESIAN_POINT('',(5.39874685000001,2.77000000000017,0.946746845566793));
#4971=DIRECTION('',(-1.37821503848249E-31,-1.0,-4.17514162594989E-17));
#4972=DIRECTION('',(0.0,4.17514162594989E-17,-1.0));
#4973=ORIENTED_EDGE('',*,*,#8842,.T.);
#4974=ORIENTED_EDGE('',*,*,#9118,.T.);
#4975=ORIENTED_EDGE('',*,*,#8831,.T.);
#4976=ORIENTED_EDGE('',*,*,#8844,.T.);
#4977=ORIENTED_EDGE('',*,*,#9119,.F.);
#4978=CARTESIAN_POINT('',(7.50000000000001,16.6862468500002,3.73));
#4979=DIRECTION('',(0.0,-1.0,0.0));
#4980=DIRECTION('',(0.0462173340929395,0.0,-0.998931408070315));
#4981=ORIENTED_EDGE('',*,*,#9120,.F.);
#4982=ORIENTED_EDGE('',*,*,#8660,.T.);
#4983=ORIENTED_EDGE('',*,*,#9088,.F.);
#4984=ORIENTED_EDGE('',*,*,#8670,.F.);
#4985=CARTESIAN_POINT('',(6.50000000000001,2.54000315000017,15.00500315));
#4986=DIRECTION('',(1.0,0.0,0.0));
#4987=DIRECTION('',(0.0,1.0,0.0));
#4988=ORIENTED_EDGE('',*,*,#9121,.F.);
#4989=ORIENTED_EDGE('',*,*,#9122,.T.);
#4990=ORIENTED_EDGE('',*,*,#9123,.F.);
#4991=ORIENTED_EDGE('',*,*,#9124,.T.);
#4992=CARTESIAN_POINT('',(3.925,1.78599685000001,6.38000315000029));
#4993=DIRECTION('',(-1.0,0.0,0.0));
#4994=DIRECTION('',(0.0,0.0,1.0));
#4995=ORIENTED_EDGE('',*,*,#9125,.T.);
#4996=ORIENTED_EDGE('',*,*,#9126,.T.);
#4997=ORIENTED_EDGE('',*,*,#9127,.F.);
#4998=ORIENTED_EDGE('',*,*,#9123,.T.);
#4999=ORIENTED_EDGE('',*,*,#9128,.T.);
#5000=ORIENTED_EDGE('',*,*,#9129,.T.);
#5001=CARTESIAN_POINT('',(4.3862510745731,0.538997038954167,7.99516709568411));
#5002=DIRECTION('',(-0.940014562513215,-0.341134317041086,4.85387645775977E-15));
#5003=DIRECTION('',(-0.341134317041086,0.940014562513215,0.0));
#5004=ORIENTED_EDGE('',*,*,#9130,.T.);
#5005=ORIENTED_EDGE('',*,*,#9131,.T.);
#5006=ORIENTED_EDGE('',*,*,#9132,.F.);
#5007=ORIENTED_EDGE('',*,*,#9133,.F.);
#5008=CARTESIAN_POINT('',(4.55,7.89500315000017,11.5832533317157));
#5009=DIRECTION('',(1.0,0.0,0.0));
#5010=DIRECTION('',(0.0,1.0,0.0));
#5011=ORIENTED_EDGE('',*,*,#8838,.T.);
#5012=ORIENTED_EDGE('',*,*,#9134,.F.);
#5013=ORIENTED_EDGE('',*,*,#9135,.F.);
#5014=ORIENTED_EDGE('',*,*,#9136,.F.);
#5015=CARTESIAN_POINT('',(5.25178131089323,0.0700000000000121,2.04830994034377));
#5016=DIRECTION('',(2.19845079792795E-15,1.26410920880858E-15,-1.0));
#5017=DIRECTION('',(0.0104343224590162,-0.999945560975607,-1.24110104740066E-15));
#5018=ORIENTED_EDGE('',*,*,#8834,.T.);
#5019=ORIENTED_EDGE('',*,*,#9137,.F.);
#5020=ORIENTED_EDGE('',*,*,#9138,.F.);
#5021=ORIENTED_EDGE('',*,*,#9139,.F.);
#5022=CARTESIAN_POINT('',(4.74821868910678,0.0700000000000073,2.04830994034377));
#5023=DIRECTION('',(-2.07282503804636E-15,1.27196081880117E-15,-1.0));
#5024=DIRECTION('',(-0.988761982501073,-0.149498300861743,1.85937461282309E-15));
#5025=ORIENTED_EDGE('',*,*,#9138,.T.);
#5026=ORIENTED_EDGE('',*,*,#9140,.T.);
#5027=ORIENTED_EDGE('',*,*,#9141,.F.);
#5028=ORIENTED_EDGE('',*,*,#9125,.F.);
#5029=ORIENTED_EDGE('',*,*,#9142,.F.);
#5030=CARTESIAN_POINT('',(4.37309610489263,0.58354691760167,9.11460930798226));
#5031=DIRECTION('',(0.99026806874157,0.139173100960065,-1.97793966627507E-15));
#5032=DIRECTION('',(0.0,-1.42120830291956E-14,-1.0));
#5033=ORIENTED_EDGE('',*,*,#8840,.F.);
#5034=ORIENTED_EDGE('',*,*,#9143,.F.);
#5035=ORIENTED_EDGE('',*,*,#9144,.F.);
#5036=ORIENTED_EDGE('',*,*,#9145,.F.);
#5037=ORIENTED_EDGE('',*,*,#9146,.T.);
#5038=CARTESIAN_POINT('',(5.54695783640831,0.0147011521103673,9.11460930798227));
#5039=DIRECTION('',(-0.99026806874157,0.139173100960066,-1.97793966627508E-15));
#5040=DIRECTION('',(-1.99737801178285E-15,0.0,1.0));
#5041=ORIENTED_EDGE('',*,*,#9082,.T.);
#5042=ORIENTED_EDGE('',*,*,#9147,.F.);
#5043=ORIENTED_EDGE('',*,*,#9148,.T.);
#5044=ORIENTED_EDGE('',*,*,#9116,.F.);
#5045=CARTESIAN_POINT('',(6.075,2.79400315000022,6.38000315000028));
#5046=DIRECTION('',(1.0,0.0,0.0));
#5047=DIRECTION('',(0.0,1.0,0.0));
#5048=ORIENTED_EDGE('',*,*,#9144,.T.);
#5049=ORIENTED_EDGE('',*,*,#9149,.T.);
#5050=ORIENTED_EDGE('',*,*,#9150,.T.);
#5051=ORIENTED_EDGE('',*,*,#9147,.T.);
#5052=ORIENTED_EDGE('',*,*,#9085,.F.);
#5053=ORIENTED_EDGE('',*,*,#9151,.T.);
#5054=CARTESIAN_POINT('',(6.0862510745731,1.84100296104591,7.9951670956841));
#5055=DIRECTION('',(0.940014562513215,-0.341134317041086,4.86778441322612E-15));
#5056=DIRECTION('',(0.0,-1.42694070049829E-14,-1.0));
#5057=ORIENTED_EDGE('',*,*,#9087,.F.);
#5058=ORIENTED_EDGE('',*,*,#8654,.F.);
#5059=ORIENTED_EDGE('',*,*,#9152,.F.);
#5060=ORIENTED_EDGE('',*,*,#8672,.T.);
#5061=CARTESIAN_POINT('',(7.52125315000001,2.67000000000017,15.00500315));
#5062=DIRECTION('',(0.0,-1.0,0.0));
#5063=DIRECTION('',(0.0,0.0,-1.0));
#5064=ORIENTED_EDGE('',*,*,#9113,.T.);
#5065=ORIENTED_EDGE('',*,*,#9153,.T.);
#5066=ORIENTED_EDGE('',*,*,#9107,.F.);
#5067=ORIENTED_EDGE('',*,*,#8978,.F.);
#5068=ORIENTED_EDGE('',*,*,#8814,.T.);
#5069=ORIENTED_EDGE('',*,*,#9154,.T.);
#5070=CARTESIAN_POINT('',(7.55125315000001,2.64499685000017,11.3300001772836));
#5071=DIRECTION('',(0.0,0.0,1.0));
#5072=DIRECTION('',(1.0,0.0,0.0));
#5073=ORIENTED_EDGE('',*,*,#8829,.T.);
#5074=ORIENTED_EDGE('',*,*,#8825,.T.);
#5075=ORIENTED_EDGE('',*,*,#9155,.T.);
#5076=ORIENTED_EDGE('',*,*,#8832,.T.);
#5077=ORIENTED_EDGE('',*,*,#9118,.F.);
#5078=ORIENTED_EDGE('',*,*,#8845,.F.);
#5079=CARTESIAN_POINT('',(7.50000000000001,16.7383811764708,3.73));
#5080=DIRECTION('',(-3.41947641462527E-15,1.0,3.13705402101589E-15));
#5081=DIRECTION('',(-0.0575640269595673,-3.32869104267644E-15,0.998341816614028));
#5082=ORIENTED_EDGE('',*,*,#9156,.T.);
#5083=ORIENTED_EDGE('',*,*,#9145,.T.);
#5084=ORIENTED_EDGE('',*,*,#9151,.F.);
#5085=ORIENTED_EDGE('',*,*,#9084,.F.);
#5086=ORIENTED_EDGE('',*,*,#8973,.T.);
#5087=CARTESIAN_POINT('',(5.50527135920501,1.33089421360033,6.23374714513077));
#5088=DIRECTION('',(0.0,0.906307787036634,0.422618261740735));
#5089=DIRECTION('',(1.0,0.0,-0.0));
#5090=ORIENTED_EDGE('',*,*,#8824,.T.);
#5091=ORIENTED_EDGE('',*,*,#9157,.T.);
#5092=ORIENTED_EDGE('',*,*,#8827,.T.);
#5093=ORIENTED_EDGE('',*,*,#8833,.F.);
#5094=ORIENTED_EDGE('',*,*,#9155,.F.);
#5095=CARTESIAN_POINT('',(7.50000000000001,10.4499958823538,3.73));
#5096=DIRECTION('',(0.0,-1.0,0.0));
#5097=DIRECTION('',(0.0462173340929398,0.0,-0.998931408070315));
#5098=ORIENTED_EDGE('',*,*,#9158,.T.);
#5099=ORIENTED_EDGE('',*,*,#8975,.T.);
#5100=ORIENTED_EDGE('',*,*,#9117,.T.);
#5101=ORIENTED_EDGE('',*,*,#9148,.F.);
#5102=ORIENTED_EDGE('',*,*,#9150,.F.);
#5103=CARTESIAN_POINT('',(5.84966418870967,1.26324684999995,3.09999999999999));
#5104=DIRECTION('',(-0.0,-1.40980126110595E-14,-1.0));
#5105=DIRECTION('',(0.0,-1.0,1.40980126110595E-14));
#5106=ORIENTED_EDGE('',*,*,#9159,.F.);
#5107=ORIENTED_EDGE('',*,*,#8968,.T.);
#5108=ORIENTED_EDGE('',*,*,#9160,.T.);
#5109=ORIENTED_EDGE('',*,*,#9161,.F.);
#5110=CARTESIAN_POINT('',(6.47499685,2.27082024582704,0.194996849999997));
#5111=DIRECTION('',(0.0,-1.0,2.34725826288818E-13));
#5112=DIRECTION('',(-1.0,0.0,0.0));
#5113=ORIENTED_EDGE('',*,*,#9162,.F.);
#5114=ORIENTED_EDGE('',*,*,#8662,.T.);
#5115=ORIENTED_EDGE('',*,*,#9163,.T.);
#5116=ORIENTED_EDGE('',*,*,#8668,.F.);
#5117=CARTESIAN_POINT('',(3.5,1.69999685000017,15.00500315));
#5118=DIRECTION('',(-1.0,0.0,0.0));
#5119=DIRECTION('',(0.0,0.0,1.0));
#5120=ORIENTED_EDGE('',*,*,#9164,.F.);
#5121=ORIENTED_EDGE('',*,*,#8962,.T.);
#5122=ORIENTED_EDGE('',*,*,#9165,.T.);
#5123=ORIENTED_EDGE('',*,*,#9166,.F.);
#5124=CARTESIAN_POINT('',(7.53725315000001,18.2782531500002,5.96500000000015));
#5125=DIRECTION('',(0.0,0.0,1.0));
#5126=DIRECTION('',(1.0,0.0,0.0));
#5127=ORIENTED_EDGE('',*,*,#9167,.T.);
#5128=ORIENTED_EDGE('',*,*,#9098,.F.);
#5129=ORIENTED_EDGE('',*,*,#9168,.F.);
#5130=ORIENTED_EDGE('',*,*,#9166,.T.);
#5131=CARTESIAN_POINT('',(6.00412397110554,18.2782531500002,5.94799702277387));
#5132=DIRECTION('',(0.945151201921702,0.0,-0.326633135958313));
#5133=DIRECTION('',(0.0,-1.0,0.0));
#5134=ORIENTED_EDGE('',*,*,#9114,.T.);
#5135=ORIENTED_EDGE('',*,*,#8980,.F.);
#5136=ORIENTED_EDGE('',*,*,#9109,.F.);
#5137=ORIENTED_EDGE('',*,*,#9169,.T.);
#5138=CARTESIAN_POINT('',(7.55125315000001,2.64499685000017,1.19999999999891));
#5139=DIRECTION('',(0.0,0.0,1.0));
#5140=DIRECTION('',(1.0,0.0,0.0));
#5141=ORIENTED_EDGE('',*,*,#9115,.F.);
#5142=ORIENTED_EDGE('',*,*,#9169,.F.);
#5143=ORIENTED_EDGE('',*,*,#9108,.T.);
#5144=ORIENTED_EDGE('',*,*,#9153,.F.);
#5145=CARTESIAN_POINT('',(5.45000000000001,2.64499685000017,11.5832533317157));
#5146=DIRECTION('',(-1.0,0.0,0.0));
#5147=DIRECTION('',(0.0,0.0,1.0));
#5148=ORIENTED_EDGE('',*,*,#9156,.F.);
#5149=ORIENTED_EDGE('',*,*,#8972,.T.);
#5150=ORIENTED_EDGE('',*,*,#9170,.F.);
#5151=ORIENTED_EDGE('',*,*,#9134,.T.);
#5152=ORIENTED_EDGE('',*,*,#8841,.T.);
#5153=ORIENTED_EDGE('',*,*,#9146,.F.);
#5154=CARTESIAN_POINT('',(7.55620861722768,-0.237360267647232,8.94999999999992));
#5155=DIRECTION('',(-0.0,1.14972602574313E-14,1.0));
#5156=DIRECTION('',(0.0,-1.0,1.14972602574313E-14));
#5157=ORIENTED_EDGE('',*,*,#8820,.T.);
#5158=ORIENTED_EDGE('',*,*,#9171,.F.);
#5159=ORIENTED_EDGE('',*,*,#8822,.T.);
#5160=ORIENTED_EDGE('',*,*,#9172,.T.);
#5161=CARTESIAN_POINT('',(7.50000000000001,5.27000000000018,15.0745362716351));
#5162=DIRECTION('',(-0.0,0.0,1.0));
#5163=DIRECTION('',(0.0462173340929398,-0.998931408070315,0.0));
#5164=ORIENTED_EDGE('',*,*,#8821,.F.);
#5165=ORIENTED_EDGE('',*,*,#9172,.F.);
#5166=ORIENTED_EDGE('',*,*,#9173,.F.);
#5167=ORIENTED_EDGE('',*,*,#8812,.F.);
#5168=CARTESIAN_POINT('',(5.44999685000001,3.16999685000018,12.0186751345947));
#5169=DIRECTION('',(0.0,0.0,-1.0));
#5170=DIRECTION('',(0.0,-1.0,0.0));
#5171=ORIENTED_EDGE('',*,*,#9174,.T.);
#5172=ORIENTED_EDGE('',*,*,#8970,.F.);
#5173=ORIENTED_EDGE('',*,*,#9158,.F.);
#5174=ORIENTED_EDGE('',*,*,#9149,.F.);
#5175=ORIENTED_EDGE('',*,*,#9143,.T.);
#5176=ORIENTED_EDGE('',*,*,#8839,.T.);
#5177=ORIENTED_EDGE('',*,*,#9136,.T.);
#5178=CARTESIAN_POINT('',(5.19557269366557,-0.268252727980015,2.19456886534377));
#5179=DIRECTION('',(0.0,0.499999999999843,-0.866025403784529));
#5180=DIRECTION('',(-1.0,0.0,0.0));
#5181=ORIENTED_EDGE('',*,*,#9175,.F.);
#5182=ORIENTED_EDGE('',*,*,#9161,.T.);
#5183=ORIENTED_EDGE('',*,*,#9176,.F.);
#5184=ORIENTED_EDGE('',*,*,#9101,.F.);
#5185=CARTESIAN_POINT('',(6.5,1.23990584952298,0.194996850000238));
#5186=DIRECTION('',(1.0,0.0,0.0));
#5187=DIRECTION('',(0.0,1.0,0.0));
#5188=ORIENTED_EDGE('',*,*,#8828,.F.);
#5189=ORIENTED_EDGE('',*,*,#9157,.F.);
#5190=CARTESIAN_POINT('',(6.71587185000001,10.5850000000009,4.53325315));
#5191=DIRECTION('',(-0.0,1.0,0.0));
#5192=DIRECTION('',(1.0,0.0,0.0));
#5193=ORIENTED_EDGE('',*,*,#9176,.T.);
#5194=ORIENTED_EDGE('',*,*,#9160,.F.);
#5195=ORIENTED_EDGE('',*,*,#8967,.F.);
#5196=ORIENTED_EDGE('',*,*,#9099,.F.);
#5197=CARTESIAN_POINT('',(6.47499685,2.29596757256622,0.399999999999989));
#5198=DIRECTION('',(-0.0,-2.34173981822404E-13,-1.0));
#5199=DIRECTION('',(0.0,-1.0,2.34173981822404E-13));
#5200=ORIENTED_EDGE('',*,*,#9177,.F.);
#5201=ORIENTED_EDGE('',*,*,#8652,.T.);
#5202=ORIENTED_EDGE('',*,*,#9086,.F.);
#5203=ORIENTED_EDGE('',*,*,#8658,.F.);
#5204=CARTESIAN_POINT('',(6.62874685000001,1.57000000000017,15.00500315));
#5205=DIRECTION('',(-0.0,1.0,0.0));
#5206=DIRECTION('',(1.0,0.0,0.0));
#5207=ORIENTED_EDGE('',*,*,#9074,.F.);
#5208=ORIENTED_EDGE('',*,*,#8963,.T.);
#5209=ORIENTED_EDGE('',*,*,#9164,.T.);
#5210=ORIENTED_EDGE('',*,*,#9168,.T.);
#5211=CARTESIAN_POINT('',(5.97274684999992,9.74000000000018,5.94799685000015));
#5212=DIRECTION('',(-0.0,1.0,0.0));
#5213=DIRECTION('',(1.0,0.0,0.0));
#5214=ORIENTED_EDGE('',*,*,#9104,.F.);
#5215=ORIENTED_EDGE('',*,*,#9178,.T.);
#5216=ORIENTED_EDGE('',*,*,#9179,.T.);
#5217=ORIENTED_EDGE('',*,*,#8818,.F.);
#5218=CARTESIAN_POINT('',(4.60848161321198,18.2782531500002,1.73000000000002));
#5219=DIRECTION('',(0.0,0.0,-1.0));
#5220=DIRECTION('',(0.0,-1.0,0.0));
#5221=ORIENTED_EDGE('',*,*,#8815,.T.);
#5222=ORIENTED_EDGE('',*,*,#9180,.T.);
#5223=ORIENTED_EDGE('',*,*,#8996,.F.);
#5224=ORIENTED_EDGE('',*,*,#8994,.F.);
#5225=ORIENTED_EDGE('',*,*,#9181,.F.);
#5226=CARTESIAN_POINT('',(7.50000000000001,9.53174685000018,3.74499999999898));
#5227=DIRECTION('',(-0.0,-1.0,0.0));
#5228=DIRECTION('',(-0.0301569105976874,0.0,-0.999545176939593));
#5229=ORIENTED_EDGE('',*,*,#8816,.T.);
#5230=ORIENTED_EDGE('',*,*,#9181,.T.);
#5231=ORIENTED_EDGE('',*,*,#9182,.T.);
#5232=CARTESIAN_POINT('',(5.98521468744266,9.74000000000018,1.22500315000016));
#5233=DIRECTION('',(-0.0,1.0,0.0));
#5234=DIRECTION('',(1.0,0.0,0.0));
#5235=ORIENTED_EDGE('',*,*,#8811,.T.);
#5236=ORIENTED_EDGE('',*,*,#9154,.F.);
#5237=ORIENTED_EDGE('',*,*,#8813,.T.);
#5238=ORIENTED_EDGE('',*,*,#9173,.T.);
#5239=CARTESIAN_POINT('',(7.50000000000001,5.27000000000018,11.3127801533508));
#5240=DIRECTION('',(0.0,0.0,-1.0));
#5241=DIRECTION('',(0.0462173340929395,0.998931408070315,0.0));
#5242=ORIENTED_EDGE('',*,*,#8786,.F.);
#5243=ORIENTED_EDGE('',*,*,#9183,.T.);
#5244=ORIENTED_EDGE('',*,*,#9184,.F.);
#5245=ORIENTED_EDGE('',*,*,#9185,.T.);
#5246=ORIENTED_EDGE('',*,*,#9186,.F.);
#5247=CARTESIAN_POINT('',(0.461253150000004,2.13579154362264E-13,-0.23000315));
#5248=DIRECTION('',(0.0,-1.0,0.0));
#5249=DIRECTION('',(0.0,0.0,-1.0));
#5250=ORIENTED_EDGE('',*,*,#9187,.T.);
#5251=ORIENTED_EDGE('',*,*,#9188,.T.);
#5252=ORIENTED_EDGE('',*,*,#9189,.F.);
#5253=ORIENTED_EDGE('',*,*,#9190,.F.);
#5254=CARTESIAN_POINT('',(-0.03075315,4.39446943991247,10.6875621653709));
#5255=DIRECTION('',(0.0,0.21207566308309,-0.977253249228606));
#5256=DIRECTION('',(-1.0,0.0,0.0));
#5257=ORIENTED_EDGE('',*,*,#9191,.T.);
#5258=ORIENTED_EDGE('',*,*,#9192,.T.);
#5259=ORIENTED_EDGE('',*,*,#9193,.F.);
#5260=ORIENTED_EDGE('',*,*,#9194,.F.);
#5261=CARTESIAN_POINT('',(-0.03075315,4.28120365072241,10.5980397137489));
#5262=DIRECTION('',(0.0,0.74329081987569,-0.668968427572277));
#5263=DIRECTION('',(-1.0,0.0,0.0));
#5264=ORIENTED_EDGE('',*,*,#9195,.T.);
#5265=ORIENTED_EDGE('',*,*,#9194,.T.);
#5266=ORIENTED_EDGE('',*,*,#9196,.F.);
#5267=ORIENTED_EDGE('',*,*,#9188,.F.);
#5268=CARTESIAN_POINT('',(-0.03075315,4.32653235188794,10.6493454558964));
#5269=DIRECTION('',(0.0,0.485639220120371,-0.874159337810263));
#5270=DIRECTION('',(-1.0,0.0,0.0));
#5271=ORIENTED_EDGE('',*,*,#9197,.F.);
#5272=ORIENTED_EDGE('',*,*,#8766,.F.);
#5273=ORIENTED_EDGE('',*,*,#9198,.F.);
#5274=ORIENTED_EDGE('',*,*,#9199,.F.);
#5275=CARTESIAN_POINT('',(1.04772098744272,9.74000000000018,1.74287815000001));
#5276=DIRECTION('',(0.0,-1.0,0.0));
#5277=DIRECTION('',(0.0,0.0,-1.0));
#5278=ORIENTED_EDGE('',*,*,#9200,.T.);
#5279=ORIENTED_EDGE('',*,*,#9201,.T.);
#5280=ORIENTED_EDGE('',*,*,#9202,.F.);
#5281=ORIENTED_EDGE('',*,*,#9203,.F.);
#5282=CARTESIAN_POINT('',(-0.03075315,4.30609108988122,10.2494121369602));
#5283=DIRECTION('',(-0.0,0.748501955726128,0.663132582726985));
#5284=DIRECTION('',(1.0,0.0,0.0));
#5285=ORIENTED_EDGE('',*,*,#9204,.T.);
#5286=ORIENTED_EDGE('',*,*,#9205,.T.);
#5287=ORIENTED_EDGE('',*,*,#9206,.F.);
#5288=ORIENTED_EDGE('',*,*,#9207,.F.);
#5289=CARTESIAN_POINT('',(-0.03075315,5.34194604168276,9.6781095043207));
#5290=DIRECTION('',(-0.0,1.0,0.0));
#5291=DIRECTION('',(1.0,0.0,0.0));
#5292=ORIENTED_EDGE('',*,*,#9208,.T.);
#5293=ORIENTED_EDGE('',*,*,#9209,.T.);
#5294=ORIENTED_EDGE('',*,*,#9210,.F.);
#5295=ORIENTED_EDGE('',*,*,#9211,.F.);
#5296=CARTESIAN_POINT('',(-0.03075315,5.74691305431584,10.7031158043207));
#5297=DIRECTION('',(0.0,-1.0,0.0));
#5298=DIRECTION('',(0.0,0.0,-1.0));
#5299=ORIENTED_EDGE('',*,*,#9212,.T.);
#5300=ORIENTED_EDGE('',*,*,#9213,.T.);
#5301=ORIENTED_EDGE('',*,*,#9214,.T.);
#5302=ORIENTED_EDGE('',*,*,#9215,.F.);
#5303=CARTESIAN_POINT('',(-0.03075315,3.07747182705799,9.85378436100461));
#5304=DIRECTION('',(0.0,-1.0,0.0));
#5305=DIRECTION('',(0.0,0.0,-1.0));
#5306=ORIENTED_EDGE('',*,*,#9216,.T.);
#5307=ORIENTED_EDGE('',*,*,#9217,.T.);
#5308=ORIENTED_EDGE('',*,*,#9218,.F.);
#5309=ORIENTED_EDGE('',*,*,#9219,.F.);
#5310=CARTESIAN_POINT('',(-0.03075315,5.46600283780628,10.5973843228392));
#5311=DIRECTION('',(0.0,-1.0,0.0));
#5312=DIRECTION('',(0.0,0.0,-1.0));
#5313=ORIENTED_EDGE('',*,*,#9220,.T.);
#5314=ORIENTED_EDGE('',*,*,#9219,.T.);
#5315=ORIENTED_EDGE('',*,*,#9221,.F.);
#5316=ORIENTED_EDGE('',*,*,#9205,.F.);
#5317=CARTESIAN_POINT('',(-0.03075315,5.46910740770936,9.69999999999972));
#5318=DIRECTION('',(0.0,0.0,1.0));
#5319=DIRECTION('',(1.0,0.0,0.0));
#5320=ORIENTED_EDGE('',*,*,#9222,.T.);
#5321=ORIENTED_EDGE('',*,*,#9223,.T.);
#5322=ORIENTED_EDGE('',*,*,#9224,.T.);
#5323=ORIENTED_EDGE('',*,*,#9225,.F.);
#5324=CARTESIAN_POINT('',(-0.0307531500000002,6.47104085214362,9.92344083199114));
#5325=DIRECTION('',(0.0,0.940852953659674,-0.338815170247538));
#5326=DIRECTION('',(-1.0,0.0,0.0));
#5327=ORIENTED_EDGE('',*,*,#9226,.T.);
#5328=ORIENTED_EDGE('',*,*,#9227,.T.);
#5329=ORIENTED_EDGE('',*,*,#9228,.T.);
#5330=ORIENTED_EDGE('',*,*,#9229,.F.);
#5331=CARTESIAN_POINT('',(-0.03075315,6.61843491219735,10.0771087492207));
#5332=DIRECTION('',(0.0,-0.991346746607122,0.131269295692001));
#5333=DIRECTION('',(-1.0,0.0,0.0));
#5334=ORIENTED_EDGE('',*,*,#9230,.T.);
#5335=ORIENTED_EDGE('',*,*,#9229,.T.);
#5336=ORIENTED_EDGE('',*,*,#9231,.T.);
#5337=ORIENTED_EDGE('',*,*,#9232,.F.);
#5338=CARTESIAN_POINT('',(-0.0307531500000073,6.60747670323816,9.99014816901818));
#5339=DIRECTION('',(0.0,-0.93408359142622,0.357054399536394));
#5340=DIRECTION('',(-1.0,0.0,0.0));
#5341=ORIENTED_EDGE('',*,*,#9233,.T.);
#5342=ORIENTED_EDGE('',*,*,#9234,.T.);
#5343=ORIENTED_EDGE('',*,*,#9235,.T.);
#5344=ORIENTED_EDGE('',*,*,#9236,.F.);
#5345=CARTESIAN_POINT('',(-0.0307531500000002,2.54454719248598,9.9226774335192));
#5346=DIRECTION('',(0.0,0.940396404597237,-0.340080287903592));
#5347=DIRECTION('',(-1.0,0.0,0.0));
#5348=ORIENTED_EDGE('',*,*,#9237,.T.);
#5349=ORIENTED_EDGE('',*,*,#8682,.T.);
#5350=ORIENTED_EDGE('',*,*,#9238,.T.);
#5351=ORIENTED_EDGE('',*,*,#8696,.F.);
#5352=CARTESIAN_POINT('',(-0.03075315,5.74483528779672,11.6888888888899));
#5353=DIRECTION('',(-0.0,-1.72672010302955E-14,-1.0));
#5354=DIRECTION('',(0.0,-1.0,1.72672010302955E-14));
#5355=ORIENTED_EDGE('',*,*,#9239,.T.);
#5356=ORIENTED_EDGE('',*,*,#9240,.T.);
#5357=ORIENTED_EDGE('',*,*,#9241,.F.);
#5358=ORIENTED_EDGE('',*,*,#9242,.F.);
#5359=CARTESIAN_POINT('',(-0.03075315,3.85134408403178,9.95256688166546));
#5360=DIRECTION('',(0.0,-0.891323404207717,-0.453368050386842));
#5361=DIRECTION('',(0.0,0.453368050386842,-0.891323404207717));
#5362=ORIENTED_EDGE('',*,*,#8809,.F.);
#5363=ORIENTED_EDGE('',*,*,#8942,.T.);
#5364=ORIENTED_EDGE('',*,*,#8801,.F.);
#5365=ORIENTED_EDGE('',*,*,#9243,.T.);
#5366=ORIENTED_EDGE('',*,*,#9171,.T.);
#5367=ORIENTED_EDGE('',*,*,#8823,.T.);
#5368=ORIENTED_EDGE('',*,*,#9177,.T.);
#5369=ORIENTED_EDGE('',*,*,#8661,.T.);
#5370=ORIENTED_EDGE('',*,*,#9120,.T.);
#5371=ORIENTED_EDGE('',*,*,#8673,.T.);
#5372=ORIENTED_EDGE('',*,*,#9152,.T.);
#5373=ORIENTED_EDGE('',*,*,#8657,.T.);
#5374=ORIENTED_EDGE('',*,*,#9015,.T.);
#5375=ORIENTED_EDGE('',*,*,#8653,.T.);
#5376=ORIENTED_EDGE('',*,*,#8806,.F.);
#5377=ORIENTED_EDGE('',*,*,#9244,.F.);
#5378=ORIENTED_EDGE('',*,*,#9245,.T.);
#5379=ORIENTED_EDGE('',*,*,#8687,.F.);
#5380=ORIENTED_EDGE('',*,*,#9246,.T.);
#5381=ORIENTED_EDGE('',*,*,#8691,.F.);
#5382=ORIENTED_EDGE('',*,*,#9247,.T.);
#5383=ORIENTED_EDGE('',*,*,#8663,.F.);
#5384=ORIENTED_EDGE('',*,*,#9162,.T.);
#5385=ORIENTED_EDGE('',*,*,#8667,.F.);
#5386=CARTESIAN_POINT('',(-0.0625031499999984,8.43068591399334,15.0));
#5387=DIRECTION('',(0.0,0.0,1.0));
#5388=DIRECTION('',(1.0,0.0,0.0));
#5389=ORIENTED_EDGE('',*,*,#9248,.T.);
#5390=ORIENTED_EDGE('',*,*,#9249,.T.);
#5391=ORIENTED_EDGE('',*,*,#9250,.T.);
#5392=ORIENTED_EDGE('',*,*,#9251,.F.);
#5393=CARTESIAN_POINT('',(-0.03075315,6.46112849665296,9.76270929410955));
#5394=DIRECTION('',(0.0,-0.402307711614934,0.915504508549879));
#5395=DIRECTION('',(-1.0,0.0,0.0));
#5396=ORIENTED_EDGE('',*,*,#9252,.T.);
#5397=ORIENTED_EDGE('',*,*,#9253,.T.);
#5398=ORIENTED_EDGE('',*,*,#9254,.T.);
#5399=ORIENTED_EDGE('',*,*,#9213,.F.);
#5400=CARTESIAN_POINT('',(-0.03075315,2.93907066310186,9.85003044976058));
#5401=DIRECTION('',(0.0,0.0,-1.0));
#5402=DIRECTION('',(0.0,-1.0,0.0));
#5403=ORIENTED_EDGE('',*,*,#9255,.T.);
#5404=ORIENTED_EDGE('',*,*,#9256,.T.);
#5405=ORIENTED_EDGE('',*,*,#9257,.F.);
#5406=ORIENTED_EDGE('',*,*,#9258,.F.);
#5407=CARTESIAN_POINT('',(-0.03075315,3.87816403199761,10.4127413673387));
#5408=DIRECTION('',(0.0,0.0,1.0));
#5409=DIRECTION('',(1.0,0.0,0.0));
#5410=ORIENTED_EDGE('',*,*,#9259,.T.);
#5411=ORIENTED_EDGE('',*,*,#8697,.T.);
#5412=ORIENTED_EDGE('',*,*,#9238,.F.);
#5413=ORIENTED_EDGE('',*,*,#8685,.T.);
#5414=ORIENTED_EDGE('',*,*,#9260,.T.);
#5415=ORIENTED_EDGE('',*,*,#9261,.T.);
#5416=ORIENTED_EDGE('',*,*,#8780,.T.);
#5417=ORIENTED_EDGE('',*,*,#9262,.F.);
#5418=ORIENTED_EDGE('',*,*,#9263,.T.);
#5419=ORIENTED_EDGE('',*,*,#8772,.T.);
#5420=ORIENTED_EDGE('',*,*,#9264,.T.);
#5421=ORIENTED_EDGE('',*,*,#8701,.T.);
#5422=ORIENTED_EDGE('',*,*,#9265,.F.);
#5423=ORIENTED_EDGE('',*,*,#8677,.T.);
#5424=CARTESIAN_POINT('',(-0.03,6.49858304078818,11.6383301833344));
#5425=DIRECTION('',(-1.0,0.0,0.0));
#5426=DIRECTION('',(0.0,0.0,1.0));
#5427=ORIENTED_EDGE('',*,*,#9266,.T.);
#5428=ORIENTED_EDGE('',*,*,#9267,.T.);
#5429=ORIENTED_EDGE('',*,*,#9268,.T.);
#5430=ORIENTED_EDGE('',*,*,#9269,.F.);
#5431=CARTESIAN_POINT('',(-0.03075315,3.02117221581956,9.70094391493871));
#5432=DIRECTION('',(0.0,-1.0,0.0));
#5433=DIRECTION('',(0.0,0.0,-1.0));
#5434=ORIENTED_EDGE('',*,*,#9270,.F.);
#5435=ORIENTED_EDGE('',*,*,#9271,.T.);
#5436=ORIENTED_EDGE('',*,*,#8745,.T.);
#5437=ORIENTED_EDGE('',*,*,#9272,.F.);
#5438=ORIENTED_EDGE('',*,*,#9273,.T.);
#5439=ORIENTED_EDGE('',*,*,#8717,.T.);
#5440=ORIENTED_EDGE('',*,*,#9274,.F.);
#5441=ORIENTED_EDGE('',*,*,#9275,.T.);
#5442=ORIENTED_EDGE('',*,*,#8721,.T.);
#5443=ORIENTED_EDGE('',*,*,#9276,.F.);
#5444=ORIENTED_EDGE('',*,*,#9277,.T.);
#5445=ORIENTED_EDGE('',*,*,#8725,.T.);
#5446=ORIENTED_EDGE('',*,*,#9278,.F.);
#5447=ORIENTED_EDGE('',*,*,#9279,.F.);
#5448=ORIENTED_EDGE('',*,*,#9280,.F.);
#5449=ORIENTED_EDGE('',*,*,#9189,.T.);
#5450=ORIENTED_EDGE('',*,*,#9196,.T.);
#5451=ORIENTED_EDGE('',*,*,#9193,.T.);
#5452=ORIENTED_EDGE('',*,*,#9281,.T.);
#5453=ORIENTED_EDGE('',*,*,#9282,.T.);
#5454=ORIENTED_EDGE('',*,*,#9283,.T.);
#5455=ORIENTED_EDGE('',*,*,#9284,.T.);
#5456=ORIENTED_EDGE('',*,*,#9285,.T.);
#5457=ORIENTED_EDGE('',*,*,#9202,.T.);
#5458=ORIENTED_EDGE('',*,*,#9286,.T.);
#5459=ORIENTED_EDGE('',*,*,#9287,.T.);
#5460=ORIENTED_EDGE('',*,*,#9288,.T.);
#5461=ORIENTED_EDGE('',*,*,#9289,.T.);
#5462=ORIENTED_EDGE('',*,*,#9290,.T.);
#5463=ORIENTED_EDGE('',*,*,#9291,.T.);
#5464=ORIENTED_EDGE('',*,*,#9292,.T.);
#5465=ORIENTED_EDGE('',*,*,#9293,.T.);
#5466=ORIENTED_EDGE('',*,*,#9294,.T.);
#5467=ORIENTED_EDGE('',*,*,#9295,.T.);
#5468=ORIENTED_EDGE('',*,*,#9296,.T.);
#5469=ORIENTED_EDGE('',*,*,#9241,.T.);
#5470=ORIENTED_EDGE('',*,*,#9297,.T.);
#5471=ORIENTED_EDGE('',*,*,#9298,.T.);
#5472=ORIENTED_EDGE('',*,*,#9299,.T.);
#5473=ORIENTED_EDGE('',*,*,#9300,.T.);
#5474=ORIENTED_EDGE('',*,*,#9301,.T.);
#5475=ORIENTED_EDGE('',*,*,#9302,.T.);
#5476=ORIENTED_EDGE('',*,*,#9303,.T.);
#5477=ORIENTED_EDGE('',*,*,#9304,.T.);
#5478=ORIENTED_EDGE('',*,*,#9305,.T.);
#5479=ORIENTED_EDGE('',*,*,#9306,.T.);
#5480=ORIENTED_EDGE('',*,*,#9307,.T.);
#5481=ORIENTED_EDGE('',*,*,#9308,.T.);
#5482=ORIENTED_EDGE('',*,*,#9309,.T.);
#5483=ORIENTED_EDGE('',*,*,#9310,.T.);
#5484=ORIENTED_EDGE('',*,*,#9311,.T.);
#5485=ORIENTED_EDGE('',*,*,#9312,.T.);
#5486=ORIENTED_EDGE('',*,*,#9313,.T.);
#5487=ORIENTED_EDGE('',*,*,#9257,.T.);
#5488=ORIENTED_EDGE('',*,*,#9314,.T.);
#5489=ORIENTED_EDGE('',*,*,#9315,.T.);
#5490=ORIENTED_EDGE('',*,*,#9316,.T.);
#5491=ORIENTED_EDGE('',*,*,#9317,.T.);
#5492=ORIENTED_EDGE('',*,*,#9318,.T.);
#5493=ORIENTED_EDGE('',*,*,#9319,.T.);
#5494=ORIENTED_EDGE('',*,*,#9320,.T.);
#5495=ORIENTED_EDGE('',*,*,#9321,.T.);
#5496=ORIENTED_EDGE('',*,*,#9322,.T.);
#5497=ORIENTED_EDGE('',*,*,#9323,.T.);
#5498=ORIENTED_EDGE('',*,*,#9324,.T.);
#5499=ORIENTED_EDGE('',*,*,#9325,.T.);
#5500=ORIENTED_EDGE('',*,*,#9326,.T.);
#5501=ORIENTED_EDGE('',*,*,#9327,.T.);
#5502=ORIENTED_EDGE('',*,*,#9328,.T.);
#5503=ORIENTED_EDGE('',*,*,#9329,.T.);
#5504=ORIENTED_EDGE('',*,*,#9330,.T.);
#5505=ORIENTED_EDGE('',*,*,#9331,.T.);
#5506=ORIENTED_EDGE('',*,*,#9332,.T.);
#5507=ORIENTED_EDGE('',*,*,#9333,.T.);
#5508=ORIENTED_EDGE('',*,*,#9334,.T.);
#5509=ORIENTED_EDGE('',*,*,#9335,.F.);
#5510=ORIENTED_EDGE('',*,*,#9336,.F.);
#5511=ORIENTED_EDGE('',*,*,#9337,.F.);
#5512=ORIENTED_EDGE('',*,*,#9254,.F.);
#5513=ORIENTED_EDGE('',*,*,#9338,.F.);
#5514=ORIENTED_EDGE('',*,*,#9339,.F.);
#5515=ORIENTED_EDGE('',*,*,#9340,.F.);
#5516=ORIENTED_EDGE('',*,*,#9341,.F.);
#5517=ORIENTED_EDGE('',*,*,#9342,.F.);
#5518=ORIENTED_EDGE('',*,*,#9343,.F.);
#5519=ORIENTED_EDGE('',*,*,#9344,.F.);
#5520=ORIENTED_EDGE('',*,*,#9345,.F.);
#5521=ORIENTED_EDGE('',*,*,#9346,.F.);
#5522=ORIENTED_EDGE('',*,*,#9347,.F.);
#5523=ORIENTED_EDGE('',*,*,#9348,.F.);
#5524=ORIENTED_EDGE('',*,*,#9268,.F.);
#5525=ORIENTED_EDGE('',*,*,#9349,.F.);
#5526=ORIENTED_EDGE('',*,*,#9214,.F.);
#5527=ORIENTED_EDGE('',*,*,#9350,.F.);
#5528=ORIENTED_EDGE('',*,*,#9351,.F.);
#5529=ORIENTED_EDGE('',*,*,#9352,.F.);
#5530=ORIENTED_EDGE('',*,*,#9353,.F.);
#5531=ORIENTED_EDGE('',*,*,#9354,.F.);
#5532=ORIENTED_EDGE('',*,*,#9355,.F.);
#5533=ORIENTED_EDGE('',*,*,#9356,.F.);
#5534=ORIENTED_EDGE('',*,*,#9357,.F.);
#5535=ORIENTED_EDGE('',*,*,#9358,.F.);
#5536=ORIENTED_EDGE('',*,*,#9359,.F.);
#5537=ORIENTED_EDGE('',*,*,#9360,.F.);
#5538=ORIENTED_EDGE('',*,*,#9361,.F.);
#5539=ORIENTED_EDGE('',*,*,#9362,.F.);
#5540=ORIENTED_EDGE('',*,*,#9363,.F.);
#5541=ORIENTED_EDGE('',*,*,#9364,.F.);
#5542=ORIENTED_EDGE('',*,*,#9365,.F.);
#5543=ORIENTED_EDGE('',*,*,#9366,.F.);
#5544=ORIENTED_EDGE('',*,*,#9367,.F.);
#5545=ORIENTED_EDGE('',*,*,#9368,.F.);
#5546=ORIENTED_EDGE('',*,*,#9369,.F.);
#5547=ORIENTED_EDGE('',*,*,#9370,.F.);
#5548=ORIENTED_EDGE('',*,*,#9371,.F.);
#5549=ORIENTED_EDGE('',*,*,#9372,.F.);
#5550=ORIENTED_EDGE('',*,*,#9373,.F.);
#5551=ORIENTED_EDGE('',*,*,#9374,.F.);
#5552=ORIENTED_EDGE('',*,*,#9375,.F.);
#5553=ORIENTED_EDGE('',*,*,#9376,.F.);
#5554=ORIENTED_EDGE('',*,*,#9377,.F.);
#5555=ORIENTED_EDGE('',*,*,#9378,.F.);
#5556=ORIENTED_EDGE('',*,*,#9379,.F.);
#5557=ORIENTED_EDGE('',*,*,#9380,.F.);
#5558=ORIENTED_EDGE('',*,*,#9235,.F.);
#5559=ORIENTED_EDGE('',*,*,#9381,.F.);
#5560=ORIENTED_EDGE('',*,*,#9382,.F.);
#5561=ORIENTED_EDGE('',*,*,#9383,.F.);
#5562=ORIENTED_EDGE('',*,*,#9384,.F.);
#5563=ORIENTED_EDGE('',*,*,#9385,.F.);
#5564=ORIENTED_EDGE('',*,*,#9386,.F.);
#5565=ORIENTED_EDGE('',*,*,#9387,.F.);
#5566=ORIENTED_EDGE('',*,*,#9388,.F.);
#5567=ORIENTED_EDGE('',*,*,#9389,.F.);
#5568=ORIENTED_EDGE('',*,*,#9390,.F.);
#5569=ORIENTED_EDGE('',*,*,#9391,.F.);
#5570=ORIENTED_EDGE('',*,*,#9392,.F.);
#5571=ORIENTED_EDGE('',*,*,#9393,.F.);
#5572=ORIENTED_EDGE('',*,*,#9394,.F.);
#5573=ORIENTED_EDGE('',*,*,#9395,.F.);
#5574=ORIENTED_EDGE('',*,*,#9396,.F.);
#5575=ORIENTED_EDGE('',*,*,#9397,.F.);
#5576=ORIENTED_EDGE('',*,*,#9398,.F.);
#5577=ORIENTED_EDGE('',*,*,#9399,.F.);
#5578=ORIENTED_EDGE('',*,*,#9400,.T.);
#5579=ORIENTED_EDGE('',*,*,#8727,.F.);
#5580=ORIENTED_EDGE('',*,*,#9401,.F.);
#5581=ORIENTED_EDGE('',*,*,#9402,.T.);
#5582=ORIENTED_EDGE('',*,*,#8731,.F.);
#5583=ORIENTED_EDGE('',*,*,#9403,.F.);
#5584=ORIENTED_EDGE('',*,*,#9404,.T.);
#5585=ORIENTED_EDGE('',*,*,#8735,.F.);
#5586=ORIENTED_EDGE('',*,*,#9405,.F.);
#5587=ORIENTED_EDGE('',*,*,#9406,.F.);
#5588=ORIENTED_EDGE('',*,*,#8774,.F.);
#5589=ORIENTED_EDGE('',*,*,#9407,.F.);
#5590=ORIENTED_EDGE('',*,*,#9408,.F.);
#5591=ORIENTED_EDGE('',*,*,#9409,.F.);
#5592=ORIENTED_EDGE('',*,*,#9410,.F.);
#5593=ORIENTED_EDGE('',*,*,#9411,.F.);
#5594=ORIENTED_EDGE('',*,*,#9412,.F.);
#5595=ORIENTED_EDGE('',*,*,#9413,.F.);
#5596=ORIENTED_EDGE('',*,*,#9414,.F.);
#5597=ORIENTED_EDGE('',*,*,#9415,.F.);
#5598=ORIENTED_EDGE('',*,*,#9416,.F.);
#5599=ORIENTED_EDGE('',*,*,#9417,.F.);
#5600=ORIENTED_EDGE('',*,*,#9418,.F.);
#5601=ORIENTED_EDGE('',*,*,#9419,.F.);
#5602=ORIENTED_EDGE('',*,*,#9420,.F.);
#5603=ORIENTED_EDGE('',*,*,#9224,.F.);
#5604=ORIENTED_EDGE('',*,*,#9421,.F.);
#5605=ORIENTED_EDGE('',*,*,#9422,.F.);
#5606=ORIENTED_EDGE('',*,*,#9423,.F.);
#5607=ORIENTED_EDGE('',*,*,#9424,.F.);
#5608=ORIENTED_EDGE('',*,*,#9425,.F.);
#5609=ORIENTED_EDGE('',*,*,#9426,.F.);
#5610=ORIENTED_EDGE('',*,*,#9427,.F.);
#5611=ORIENTED_EDGE('',*,*,#9428,.F.);
#5612=ORIENTED_EDGE('',*,*,#9429,.F.);
#5613=ORIENTED_EDGE('',*,*,#9430,.F.);
#5614=ORIENTED_EDGE('',*,*,#9431,.F.);
#5615=ORIENTED_EDGE('',*,*,#9432,.F.);
#5616=ORIENTED_EDGE('',*,*,#9433,.F.);
#5617=ORIENTED_EDGE('',*,*,#9434,.F.);
#5618=ORIENTED_EDGE('',*,*,#9435,.F.);
#5619=ORIENTED_EDGE('',*,*,#9436,.F.);
#5620=ORIENTED_EDGE('',*,*,#9437,.F.);
#5621=ORIENTED_EDGE('',*,*,#9438,.F.);
#5622=ORIENTED_EDGE('',*,*,#9439,.F.);
#5623=ORIENTED_EDGE('',*,*,#9440,.F.);
#5624=ORIENTED_EDGE('',*,*,#9441,.F.);
#5625=ORIENTED_EDGE('',*,*,#9442,.F.);
#5626=ORIENTED_EDGE('',*,*,#9443,.F.);
#5627=ORIENTED_EDGE('',*,*,#9444,.F.);
#5628=ORIENTED_EDGE('',*,*,#9445,.F.);
#5629=ORIENTED_EDGE('',*,*,#9446,.F.);
#5630=ORIENTED_EDGE('',*,*,#9447,.F.);
#5631=ORIENTED_EDGE('',*,*,#9448,.F.);
#5632=ORIENTED_EDGE('',*,*,#9449,.F.);
#5633=ORIENTED_EDGE('',*,*,#9450,.F.);
#5634=ORIENTED_EDGE('',*,*,#9451,.F.);
#5635=ORIENTED_EDGE('',*,*,#9452,.F.);
#5636=ORIENTED_EDGE('',*,*,#9453,.F.);
#5637=ORIENTED_EDGE('',*,*,#9454,.F.);
#5638=ORIENTED_EDGE('',*,*,#9455,.F.);
#5639=ORIENTED_EDGE('',*,*,#9456,.F.);
#5640=ORIENTED_EDGE('',*,*,#9457,.F.);
#5641=ORIENTED_EDGE('',*,*,#9458,.F.);
#5642=ORIENTED_EDGE('',*,*,#9459,.F.);
#5643=ORIENTED_EDGE('',*,*,#9460,.F.);
#5644=ORIENTED_EDGE('',*,*,#9461,.F.);
#5645=ORIENTED_EDGE('',*,*,#9462,.F.);
#5646=ORIENTED_EDGE('',*,*,#9463,.F.);
#5647=ORIENTED_EDGE('',*,*,#9464,.F.);
#5648=ORIENTED_EDGE('',*,*,#9465,.F.);
#5649=ORIENTED_EDGE('',*,*,#9466,.F.);
#5650=ORIENTED_EDGE('',*,*,#9467,.F.);
#5651=ORIENTED_EDGE('',*,*,#9468,.F.);
#5652=ORIENTED_EDGE('',*,*,#9469,.F.);
#5653=ORIENTED_EDGE('',*,*,#9470,.F.);
#5654=ORIENTED_EDGE('',*,*,#9471,.F.);
#5655=ORIENTED_EDGE('',*,*,#9472,.F.);
#5656=ORIENTED_EDGE('',*,*,#9473,.F.);
#5657=ORIENTED_EDGE('',*,*,#9474,.F.);
#5658=ORIENTED_EDGE('',*,*,#9475,.F.);
#5659=ORIENTED_EDGE('',*,*,#9476,.F.);
#5660=ORIENTED_EDGE('',*,*,#9477,.F.);
#5661=ORIENTED_EDGE('',*,*,#9478,.F.);
#5662=ORIENTED_EDGE('',*,*,#9479,.F.);
#5663=ORIENTED_EDGE('',*,*,#9480,.F.);
#5664=ORIENTED_EDGE('',*,*,#9481,.F.);
#5665=ORIENTED_EDGE('',*,*,#9482,.F.);
#5666=ORIENTED_EDGE('',*,*,#9483,.F.);
#5667=ORIENTED_EDGE('',*,*,#9250,.F.);
#5668=ORIENTED_EDGE('',*,*,#9484,.F.);
#5669=ORIENTED_EDGE('',*,*,#9485,.F.);
#5670=ORIENTED_EDGE('',*,*,#9231,.F.);
#5671=ORIENTED_EDGE('',*,*,#9228,.F.);
#5672=ORIENTED_EDGE('',*,*,#9486,.F.);
#5673=ORIENTED_EDGE('',*,*,#9487,.T.);
#5674=ORIENTED_EDGE('',*,*,#9488,.T.);
#5675=ORIENTED_EDGE('',*,*,#9489,.T.);
#5676=ORIENTED_EDGE('',*,*,#9206,.T.);
#5677=ORIENTED_EDGE('',*,*,#9221,.T.);
#5678=ORIENTED_EDGE('',*,*,#9218,.T.);
#5679=ORIENTED_EDGE('',*,*,#9490,.T.);
#5680=ORIENTED_EDGE('',*,*,#9210,.T.);
#5681=CARTESIAN_POINT('',(-0.03,8.63462964626509,8.55499684999974));
#5682=DIRECTION('',(-1.0,0.0,0.0));
#5683=DIRECTION('',(0.0,0.0,1.0));
#5684=ORIENTED_EDGE('',*,*,#9491,.T.);
#5685=ORIENTED_EDGE('',*,*,#9492,.T.);
#5686=ORIENTED_EDGE('',*,*,#9488,.F.);
#5687=ORIENTED_EDGE('',*,*,#9493,.F.);
#5688=CARTESIAN_POINT('',(-0.03075315,5.0610358251732,10.5723780228392));
#5689=DIRECTION('',(-0.0,1.0,0.0));
#5690=DIRECTION('',(1.0,0.0,0.0));
#5691=ORIENTED_EDGE('',*,*,#9494,.T.);
#5692=ORIENTED_EDGE('',*,*,#9495,.T.);
#5693=ORIENTED_EDGE('',*,*,#9322,.F.);
#5694=ORIENTED_EDGE('',*,*,#9496,.F.);
#5695=CARTESIAN_POINT('',(-0.0307531500000002,3.45761912238978,10.6490622360784));
#5696=DIRECTION('',(0.0,0.489074682174057,-0.87224191326509));
#5697=DIRECTION('',(-1.0,0.0,0.0));
#5698=ORIENTED_EDGE('',*,*,#9497,.T.);
#5699=ORIENTED_EDGE('',*,*,#9498,.T.);
#5700=ORIENTED_EDGE('',*,*,#9499,.T.);
#5701=ORIENTED_EDGE('',*,*,#9500,.F.);
#5702=CARTESIAN_POINT('',(-0.0307531500000002,4.75595709840086,9.82874763695548));
#5703=DIRECTION('',(0.0,0.999999999591275,-2.85910805747042E-05));
#5704=DIRECTION('',(-1.0,0.0,0.0));
#5705=ORIENTED_EDGE('',*,*,#9080,.T.);
#5706=ORIENTED_EDGE('',*,*,#9078,.T.);
#5707=ORIENTED_EDGE('',*,*,#9501,.T.);
#5708=ORIENTED_EDGE('',*,*,#9502,.F.);
#5709=ORIENTED_EDGE('',*,*,#9503,.T.);
#5710=ORIENTED_EDGE('',*,*,#9199,.T.);
#5711=ORIENTED_EDGE('',*,*,#9504,.F.);
#5712=ORIENTED_EDGE('',*,*,#9505,.F.);
#5713=ORIENTED_EDGE('',*,*,#9506,.F.);
#5714=ORIENTED_EDGE('',*,*,#9183,.F.);
#5715=ORIENTED_EDGE('',*,*,#8785,.T.);
#5716=ORIENTED_EDGE('',*,*,#9507,.T.);
#5717=ORIENTED_EDGE('',*,*,#9508,.F.);
#5718=ORIENTED_EDGE('',*,*,#9509,.F.);
#5719=ORIENTED_EDGE('',*,*,#9510,.F.);
#5720=ORIENTED_EDGE('',*,*,#9511,.F.);
#5721=ORIENTED_EDGE('',*,*,#9512,.T.);
#5722=ORIENTED_EDGE('',*,*,#8810,.T.);
#5723=ORIENTED_EDGE('',*,*,#9243,.F.);
#5724=ORIENTED_EDGE('',*,*,#8800,.F.);
#5725=ORIENTED_EDGE('',*,*,#9513,.F.);
#5726=ORIENTED_EDGE('',*,*,#9514,.F.);
#5727=ORIENTED_EDGE('',*,*,#9515,.T.);
#5728=ORIENTED_EDGE('',*,*,#9516,.F.);
#5729=ORIENTED_EDGE('',*,*,#9517,.T.);
#5730=ORIENTED_EDGE('',*,*,#8743,.F.);
#5731=ORIENTED_EDGE('',*,*,#9518,.F.);
#5732=ORIENTED_EDGE('',*,*,#9519,.T.);
#5733=ORIENTED_EDGE('',*,*,#8723,.F.);
#5734=ORIENTED_EDGE('',*,*,#9520,.F.);
#5735=ORIENTED_EDGE('',*,*,#9521,.T.);
#5736=ORIENTED_EDGE('',*,*,#8719,.F.);
#5737=ORIENTED_EDGE('',*,*,#9522,.F.);
#5738=ORIENTED_EDGE('',*,*,#9523,.T.);
#5739=ORIENTED_EDGE('',*,*,#8715,.F.);
#5740=ORIENTED_EDGE('',*,*,#9524,.F.);
#5741=CARTESIAN_POINT('',(1.13797860024079E-15,18.5217531500002,-0.375003150000001));
#5742=DIRECTION('',(-1.0,0.0,0.0));
#5743=DIRECTION('',(0.0,0.0,1.0));
#5744=ORIENTED_EDGE('',*,*,#8807,.T.);
#5745=ORIENTED_EDGE('',*,*,#9512,.F.);
#5746=ORIENTED_EDGE('',*,*,#9525,.F.);
#5747=ORIENTED_EDGE('',*,*,#8943,.T.);
#5748=CARTESIAN_POINT('',(2.56251575,0.924204055632521,14.8));
#5749=DIRECTION('',(1.0,0.0,0.0));
#5750=DIRECTION('',(0.0,-0.998688191401368,0.0512044564023901));
#5751=ORIENTED_EDGE('',*,*,#9526,.T.);
#5752=ORIENTED_EDGE('',*,*,#9269,.T.);
#5753=ORIENTED_EDGE('',*,*,#9348,.T.);
#5754=ORIENTED_EDGE('',*,*,#9527,.F.);
#5755=CARTESIAN_POINT('',(-0.03075315,3.02089681264885,9.66330310645605));
#5756=DIRECTION('',(0.0,-0.959147107279848,-0.282907805824971));
#5757=DIRECTION('',(0.0,0.282907805824971,-0.959147107279848));
#5758=ORIENTED_EDGE('',*,*,#9528,.T.);
#5759=ORIENTED_EDGE('',*,*,#9529,.T.);
#5760=ORIENTED_EDGE('',*,*,#9306,.F.);
#5761=ORIENTED_EDGE('',*,*,#9530,.F.);
#5762=CARTESIAN_POINT('',(-0.0307531500000002,3.54920431619993,10.5630740338805));
#5763=DIRECTION('',(0.0,-0.6057433822674,0.795660074931029));
#5764=DIRECTION('',(-1.0,0.0,0.0));
#5765=ORIENTED_EDGE('',*,*,#9531,.T.);
#5766=ORIENTED_EDGE('',*,*,#9532,.T.);
#5767=ORIENTED_EDGE('',*,*,#9308,.F.);
#5768=ORIENTED_EDGE('',*,*,#9533,.F.);
#5769=CARTESIAN_POINT('',(-0.03075315,3.63994338781859,10.5751793450983));
#5770=DIRECTION('',(0.0,-0.00507345068594283,0.99998712996625));
#5771=DIRECTION('',(-1.0,0.0,0.0));
#5772=ORIENTED_EDGE('',*,*,#9534,.T.);
#5773=ORIENTED_EDGE('',*,*,#9535,.T.);
#5774=ORIENTED_EDGE('',*,*,#9368,.T.);
#5775=ORIENTED_EDGE('',*,*,#9536,.F.);
#5776=CARTESIAN_POINT('',(-0.03075315,2.2200868888764,9.7615852742226));
#5777=DIRECTION('',(-0.0,0.739953550332487,0.672657969067748));
#5778=DIRECTION('',(1.0,0.0,0.0));
#5779=ORIENTED_EDGE('',*,*,#9537,.F.);
#5780=ORIENTED_EDGE('',*,*,#9538,.F.);
#5781=ORIENTED_EDGE('',*,*,#9501,.F.);
#5782=ORIENTED_EDGE('',*,*,#9077,.T.);
#5783=CARTESIAN_POINT('',(1.2761281499999,18.2782531500002,6.64499999999998));
#5784=DIRECTION('',(-0.0,-0.0,-1.0));
#5785=DIRECTION('',(0.0,-1.0,0.0));
#5786=ORIENTED_EDGE('',*,*,#9539,.T.);
#5787=ORIENTED_EDGE('',*,*,#9540,.T.);
#5788=ORIENTED_EDGE('',*,*,#9338,.T.);
#5789=ORIENTED_EDGE('',*,*,#9253,.F.);
#5790=CARTESIAN_POINT('',(-0.03075315,2.94244937441786,9.65781622056801));
#5791=DIRECTION('',(-0.0,1.0,0.0));
#5792=DIRECTION('',(1.0,0.0,0.0));
#5793=ORIENTED_EDGE('',*,*,#9541,.T.);
#5794=ORIENTED_EDGE('',*,*,#9542,.T.);
#5795=ORIENTED_EDGE('',*,*,#9337,.T.);
#5796=ORIENTED_EDGE('',*,*,#9543,.F.);
#5797=CARTESIAN_POINT('',(-0.03075315,3.93496789049949,9.69999999999972));
#5798=DIRECTION('',(0.0,0.0,1.0));
#5799=DIRECTION('',(1.0,0.0,0.0));
#5800=ORIENTED_EDGE('',*,*,#9544,.T.);
#5801=ORIENTED_EDGE('',*,*,#9545,.T.);
#5802=ORIENTED_EDGE('',*,*,#9354,.T.);
#5803=ORIENTED_EDGE('',*,*,#9546,.F.);
#5804=CARTESIAN_POINT('',(-0.03075315,2.5462792416259,10.2927702550237));
#5805=DIRECTION('',(0.0,0.992502397563921,0.122225164470613));
#5806=DIRECTION('',(1.0,0.0,-0.0));
#5807=ORIENTED_EDGE('',*,*,#9547,.T.);
#5808=ORIENTED_EDGE('',*,*,#9548,.T.);
#5809=ORIENTED_EDGE('',*,*,#9278,.T.);
#5810=ORIENTED_EDGE('',*,*,#9549,.F.);
#5811=CARTESIAN_POINT('',(-0.03075315,4.89046503838125,9.69999999999972));
#5812=DIRECTION('',(0.0,0.0,1.0));
#5813=DIRECTION('',(1.0,0.0,0.0));
#5814=ORIENTED_EDGE('',*,*,#9550,.T.);
#5815=ORIENTED_EDGE('',*,*,#9551,.T.);
#5816=ORIENTED_EDGE('',*,*,#9283,.F.);
#5817=ORIENTED_EDGE('',*,*,#9552,.F.);
#5818=CARTESIAN_POINT('',(-0.0307531500000002,4.22676974652626,10.4119329963528));
#5819=DIRECTION('',(0.0,0.999967714565815,0.00803553520437857));
#5820=DIRECTION('',(1.0,0.0,-0.0));
#5821=ORIENTED_EDGE('',*,*,#9553,.T.);
#5822=ORIENTED_EDGE('',*,*,#9554,.T.);
#5823=ORIENTED_EDGE('',*,*,#9555,.T.);
#5824=ORIENTED_EDGE('',*,*,#9556,.F.);
#5825=CARTESIAN_POINT('',(-0.03075315,4.75594666126525,10.2932416864264));
#5826=DIRECTION('',(-0.0,1.0,0.0));
#5827=DIRECTION('',(1.0,0.0,0.0));
#5828=ORIENTED_EDGE('',*,*,#9557,.F.);
#5829=ORIENTED_EDGE('',*,*,#8910,.T.);
#5830=ORIENTED_EDGE('',*,*,#9558,.F.);
#5831=ORIENTED_EDGE('',*,*,#9559,.F.);
#5832=CARTESIAN_POINT('',(0.398746850000003,3.0,0.190361651133248));
#5833=DIRECTION('',(0.0,1.0,-1.16321328138743E-13));
#5834=DIRECTION('',(0.0,-1.16321328138743E-13,-1.0));
#5835=ORIENTED_EDGE('',*,*,#9560,.T.);
#5836=ORIENTED_EDGE('',*,*,#9561,.T.);
#5837=ORIENTED_EDGE('',*,*,#9562,.T.);
#5838=ORIENTED_EDGE('',*,*,#9563,.F.);
#5839=CARTESIAN_POINT('',(-0.03075315,4.31715230933314,10.0390397633097));
#5840=DIRECTION('',(0.0,-0.999999869960723,-0.000509978956702658));
#5841=DIRECTION('',(0.0,0.000509978956702658,-0.999999869960723));
#5842=ORIENTED_EDGE('',*,*,#9564,.T.);
#5843=ORIENTED_EDGE('',*,*,#9565,.T.);
#5844=ORIENTED_EDGE('',*,*,#9316,.F.);
#5845=ORIENTED_EDGE('',*,*,#9566,.F.);
#5846=CARTESIAN_POINT('',(-0.0307531500000071,3.8176762919539,10.6018548863567));
#5847=DIRECTION('',(0.0,-0.857490655853271,-0.514499538507399));
#5848=DIRECTION('',(0.0,0.514499538507399,-0.857490655853271));
#5849=ORIENTED_EDGE('',*,*,#9567,.T.);
#5850=ORIENTED_EDGE('',*,*,#9568,.T.);
#5851=ORIENTED_EDGE('',*,*,#9569,.T.);
#5852=ORIENTED_EDGE('',*,*,#9570,.F.);
#5853=CARTESIAN_POINT('',(-0.0307531500000002,4.3509759851647,10.4638439338502));
#5854=DIRECTION('',(0.0,-0.999995674682041,-0.00294119316082608));
#5855=DIRECTION('',(0.0,0.00294119316082608,-0.999995674682041));
#5856=ORIENTED_EDGE('',*,*,#9571,.T.);
#5857=ORIENTED_EDGE('',*,*,#9572,.T.);
#5858=ORIENTED_EDGE('',*,*,#9573,.T.);
#5859=ORIENTED_EDGE('',*,*,#9574,.F.);
#5860=CARTESIAN_POINT('',(-0.03075315,4.32768389773578,9.93910055591517));
#5861=DIRECTION('',(0.0,-0.830784631292099,-0.556594013989417));
#5862=DIRECTION('',(0.0,0.556594013989417,-0.830784631292099));
#5863=ORIENTED_EDGE('',*,*,#9575,.T.);
#5864=ORIENTED_EDGE('',*,*,#9236,.T.);
#5865=ORIENTED_EDGE('',*,*,#9380,.T.);
#5866=ORIENTED_EDGE('',*,*,#9576,.F.);
#5867=CARTESIAN_POINT('',(-0.0307531499999999,2.56522835653897,9.98792552483649));
#5868=DIRECTION('',(-0.0,-0.110430435226727,-0.99388385587836));
#5869=DIRECTION('',(0.0,-0.99388385587836,0.110430435226727));
#5870=ORIENTED_EDGE('',*,*,#9577,.T.);
#5871=ORIENTED_EDGE('',*,*,#9232,.T.);
#5872=ORIENTED_EDGE('',*,*,#9485,.T.);
#5873=ORIENTED_EDGE('',*,*,#9578,.F.);
#5874=CARTESIAN_POINT('',(-0.0307531500000075,6.57400195325128,9.90107221746598));
#5875=DIRECTION('',(0.0,-0.839239160523177,0.543762477047059));
#5876=DIRECTION('',(-1.0,0.0,0.0));
#5877=ORIENTED_EDGE('',*,*,#9579,.T.);
#5878=ORIENTED_EDGE('',*,*,#9580,.T.);
#5879=ORIENTED_EDGE('',*,*,#9284,.F.);
#5880=ORIENTED_EDGE('',*,*,#9551,.F.);
#5881=CARTESIAN_POINT('',(-0.0307531500000002,4.23911341994361,10.3480583589771));
#5882=DIRECTION('',(0.0,0.982460859141236,0.186468925710062));
#5883=DIRECTION('',(1.0,0.0,-0.0));
#5884=ORIENTED_EDGE('',*,*,#9581,.F.);
#5885=ORIENTED_EDGE('',*,*,#9582,.F.);
#5886=ORIENTED_EDGE('',*,*,#9583,.F.);
#5887=ORIENTED_EDGE('',*,*,#9584,.F.);
#5888=ORIENTED_EDGE('',*,*,#9585,.F.);
#5889=ORIENTED_EDGE('',*,*,#9586,.F.);
#5890=ORIENTED_EDGE('',*,*,#9587,.F.);
#5891=ORIENTED_EDGE('',*,*,#9588,.F.);
#5892=ORIENTED_EDGE('',*,*,#9534,.F.);
#5893=ORIENTED_EDGE('',*,*,#9589,.F.);
#5894=ORIENTED_EDGE('',*,*,#9590,.F.);
#5895=ORIENTED_EDGE('',*,*,#9591,.F.);
#5896=ORIENTED_EDGE('',*,*,#9592,.F.);
#5897=ORIENTED_EDGE('',*,*,#9593,.F.);
#5898=ORIENTED_EDGE('',*,*,#9594,.F.);
#5899=ORIENTED_EDGE('',*,*,#9595,.F.);
#5900=ORIENTED_EDGE('',*,*,#9596,.F.);
#5901=ORIENTED_EDGE('',*,*,#9597,.F.);
#5902=ORIENTED_EDGE('',*,*,#9598,.F.);
#5903=ORIENTED_EDGE('',*,*,#9599,.F.);
#5904=ORIENTED_EDGE('',*,*,#9600,.F.);
#5905=ORIENTED_EDGE('',*,*,#9601,.F.);
#5906=ORIENTED_EDGE('',*,*,#9544,.F.);
#5907=ORIENTED_EDGE('',*,*,#9602,.F.);
#5908=ORIENTED_EDGE('',*,*,#9603,.F.);
#5909=ORIENTED_EDGE('',*,*,#9604,.F.);
#5910=ORIENTED_EDGE('',*,*,#9605,.F.);
#5911=ORIENTED_EDGE('',*,*,#9606,.F.);
#5912=ORIENTED_EDGE('',*,*,#9607,.F.);
#5913=ORIENTED_EDGE('',*,*,#9608,.F.);
#5914=ORIENTED_EDGE('',*,*,#9609,.F.);
#5915=ORIENTED_EDGE('',*,*,#9610,.F.);
#5916=ORIENTED_EDGE('',*,*,#9611,.F.);
#5917=ORIENTED_EDGE('',*,*,#9612,.F.);
#5918=ORIENTED_EDGE('',*,*,#9613,.F.);
#5919=ORIENTED_EDGE('',*,*,#9614,.F.);
#5920=ORIENTED_EDGE('',*,*,#9615,.F.);
#5921=ORIENTED_EDGE('',*,*,#9616,.F.);
#5922=ORIENTED_EDGE('',*,*,#9617,.F.);
#5923=ORIENTED_EDGE('',*,*,#9618,.F.);
#5924=ORIENTED_EDGE('',*,*,#9619,.F.);
#5925=ORIENTED_EDGE('',*,*,#9620,.F.);
#5926=ORIENTED_EDGE('',*,*,#9621,.F.);
#5927=ORIENTED_EDGE('',*,*,#9622,.F.);
#5928=ORIENTED_EDGE('',*,*,#9623,.F.);
#5929=ORIENTED_EDGE('',*,*,#9233,.F.);
#5930=ORIENTED_EDGE('',*,*,#9575,.F.);
#5931=ORIENTED_EDGE('',*,*,#9624,.F.);
#5932=ORIENTED_EDGE('',*,*,#9625,.F.);
#5933=ORIENTED_EDGE('',*,*,#9626,.F.);
#5934=CARTESIAN_POINT('',(1.13797860024079E-15,2.69433791471556,9.67499684999972));
#5935=DIRECTION('',(-1.0,0.0,0.0));
#5936=DIRECTION('',(0.0,0.0,1.0));
#5937=ORIENTED_EDGE('',*,*,#9627,.T.);
#5938=ORIENTED_EDGE('',*,*,#9628,.T.);
#5939=ORIENTED_EDGE('',*,*,#9629,.T.);
#5940=ORIENTED_EDGE('',*,*,#9630,.F.);
#5941=CARTESIAN_POINT('',(-0.03075315,4.40607567338824,9.84972516905719));
#5942=DIRECTION('',(-0.0,-0.208687900484422,-0.977982290326059));
#5943=DIRECTION('',(0.0,-0.977982290326059,0.208687900484422));
#5944=ORIENTED_EDGE('',*,*,#9583,.T.);
#5945=ORIENTED_EDGE('',*,*,#9631,.T.);
#5946=ORIENTED_EDGE('',*,*,#9374,.T.);
#5947=ORIENTED_EDGE('',*,*,#9632,.F.);
#5948=CARTESIAN_POINT('',(-0.0307531500000002,2.53551649517286,9.73829196481537));
#5949=DIRECTION('',(0.0,-0.407165134604182,0.913354560487196));
#5950=DIRECTION('',(-1.0,0.0,0.0));
#5951=ORIENTED_EDGE('',*,*,#9633,.T.);
#5952=ORIENTED_EDGE('',*,*,#9634,.T.);
#5953=ORIENTED_EDGE('',*,*,#9281,.F.);
#5954=ORIENTED_EDGE('',*,*,#9192,.F.);
#5955=CARTESIAN_POINT('',(-0.0307531500000002,4.23692446768257,10.521832456038));
#5956=DIRECTION('',(0.0,0.862666097406729,-0.505773866846681));
#5957=DIRECTION('',(-1.0,0.0,0.0));
#5958=ORIENTED_EDGE('',*,*,#9635,.T.);
#5959=ORIENTED_EDGE('',*,*,#9636,.T.);
#5960=ORIENTED_EDGE('',*,*,#9637,.T.);
#5961=ORIENTED_EDGE('',*,*,#8704,.F.);
#5962=CARTESIAN_POINT('',(-0.03075315,5.44112377334595,13.3360128023985));
#5963=DIRECTION('',(-0.0,1.0,0.0));
#5964=DIRECTION('',(1.0,0.0,0.0));
#5965=ORIENTED_EDGE('',*,*,#9638,.T.);
#5966=ORIENTED_EDGE('',*,*,#9574,.T.);
#5967=ORIENTED_EDGE('',*,*,#9639,.T.);
#5968=ORIENTED_EDGE('',*,*,#9628,.F.);
#5969=CARTESIAN_POINT('',(-0.03075315,4.36172587947979,9.88755148683459));
#5970=DIRECTION('',(-0.0,-0.640180621503606,-0.768224428049028));
#5971=DIRECTION('',(0.0,-0.768224428049028,0.640180621503606));
#5972=ORIENTED_EDGE('',*,*,#9640,.T.);
#5973=ORIENTED_EDGE('',*,*,#8940,.T.);
#5974=ORIENTED_EDGE('',*,*,#9000,.F.);
#5975=ORIENTED_EDGE('',*,*,#9641,.F.);
#5976=ORIENTED_EDGE('',*,*,#9642,.T.);
#5977=ORIENTED_EDGE('',*,*,#9514,.T.);
#5978=CARTESIAN_POINT('',(-0.0625031499999966,8.87057446614135,13.8868425621877));
#5979=DIRECTION('',(0.0,0.999048221581858,0.0436193873653426));
#5980=DIRECTION('',(1.0,0.0,-0.0));
#5981=ORIENTED_EDGE('',*,*,#9643,.T.);
#5982=ORIENTED_EDGE('',*,*,#9128,.F.);
#5983=ORIENTED_EDGE('',*,*,#9122,.F.);
#5984=ORIENTED_EDGE('',*,*,#9644,.T.);
#5985=ORIENTED_EDGE('',*,*,#9645,.T.);
#5986=CARTESIAN_POINT('',(1.03937185000001,1.26324684999929,3.09999999999999));
#5987=DIRECTION('',(-0.0,-1.40980126110534E-14,-1.0));
#5988=DIRECTION('',(0.0,-1.0,1.40980126110534E-14));
#5989=ORIENTED_EDGE('',*,*,#8803,.T.);
#5990=ORIENTED_EDGE('',*,*,#9244,.T.);
#5991=ORIENTED_EDGE('',*,*,#8805,.T.);
#5992=ORIENTED_EDGE('',*,*,#9646,.F.);
#5993=CARTESIAN_POINT('',(2.5,5.27000000000017,15.0745362716351));
#5994=DIRECTION('',(-0.0,0.0,1.0));
#5995=DIRECTION('',(0.0462173340929396,-0.998931408070315,0.0));
#5996=ORIENTED_EDGE('',*,*,#9647,.T.);
#5997=ORIENTED_EDGE('',*,*,#9648,.T.);
#5998=ORIENTED_EDGE('',*,*,#9320,.F.);
#5999=ORIENTED_EDGE('',*,*,#9649,.F.);
#6000=CARTESIAN_POINT('',(-0.0307531500000002,3.58033714119454,10.6999999999997));
#6001=DIRECTION('',(0.0,0.0,-1.0));
#6002=DIRECTION('',(0.0,-1.0,0.0));
#6003=ORIENTED_EDGE('',*,*,#9650,.T.);
#6004=ORIENTED_EDGE('',*,*,#9651,.T.);
#6005=ORIENTED_EDGE('',*,*,#9333,.F.);
#6006=ORIENTED_EDGE('',*,*,#9652,.F.);
#6007=CARTESIAN_POINT('',(-0.0307531499999999,3.74213178990371,9.8973926644228));
#6008=DIRECTION('',(-0.0,0.839004474072804,0.544124519283792));
#6009=DIRECTION('',(1.0,0.0,0.0));
#6010=ORIENTED_EDGE('',*,*,#9653,.T.);
#6011=ORIENTED_EDGE('',*,*,#9654,.T.);
#6012=ORIENTED_EDGE('',*,*,#9655,.T.);
#6013=ORIENTED_EDGE('',*,*,#9656,.F.);
#6014=CARTESIAN_POINT('',(-0.03075315,4.36299738079909,10.1387025896245));
#6015=DIRECTION('',(0.0,-0.830634929725057,0.55681739692708));
#6016=DIRECTION('',(-1.0,0.0,0.0));
#6017=ORIENTED_EDGE('',*,*,#9657,.T.);
#6018=ORIENTED_EDGE('',*,*,#9552,.T.);
#6019=ORIENTED_EDGE('',*,*,#9282,.F.);
#6020=ORIENTED_EDGE('',*,*,#9634,.F.);
#6021=CARTESIAN_POINT('',(-0.0307531500000002,4.22607909274235,10.4599659550804));
#6022=DIRECTION('',(0.0,0.982871853123817,-0.184290315363979));
#6023=DIRECTION('',(-1.0,0.0,0.0));
#6024=ORIENTED_EDGE('',*,*,#9658,.T.);
#6025=ORIENTED_EDGE('',*,*,#9659,.T.);
#6026=ORIENTED_EDGE('',*,*,#9312,.F.);
#6027=ORIENTED_EDGE('',*,*,#9660,.F.);
#6028=CARTESIAN_POINT('',(-0.03075315,3.75163532942906,10.4624304306077));
#6029=DIRECTION('',(0.0,0.958999256622576,0.283408584551256));
#6030=DIRECTION('',(1.0,0.0,-0.0));
#6031=ORIENTED_EDGE('',*,*,#9603,.T.);
#6032=ORIENTED_EDGE('',*,*,#9661,.T.);
#6033=ORIENTED_EDGE('',*,*,#9352,.T.);
#6034=ORIENTED_EDGE('',*,*,#9662,.F.);
#6035=CARTESIAN_POINT('',(-0.03075315,2.1403399515478,10.57182333309));
#6036=DIRECTION('',(-0.0,1.0,0.0));
#6037=DIRECTION('',(1.0,0.0,0.0));
#6038=ORIENTED_EDGE('',*,*,#8799,.T.);
#6039=ORIENTED_EDGE('',*,*,#8941,.F.);
#6040=ORIENTED_EDGE('',*,*,#9640,.F.);
#6041=ORIENTED_EDGE('',*,*,#9513,.T.);
#6042=CARTESIAN_POINT('',(-0.0625052499999998,8.24759791744795,14.4));
#6043=DIRECTION('',(-1.0,0.0,0.0));
#6044=DIRECTION('',(0.0,0.998688191401366,0.0512044564024229));
#6045=ORIENTED_EDGE('',*,*,#9663,.T.);
#6046=ORIENTED_EDGE('',*,*,#9664,.T.);
#6047=ORIENTED_EDGE('',*,*,#9334,.F.);
#6048=ORIENTED_EDGE('',*,*,#9651,.F.);
#6049=CARTESIAN_POINT('',(-0.0307531499999999,3.76282936335156,9.82343499557997));
#6050=DIRECTION('',(0.0,0.960261822507209,0.279100756421645));
#6051=DIRECTION('',(1.0,0.0,-0.0));
#6052=ORIENTED_EDGE('',*,*,#9665,.T.);
#6053=ORIENTED_EDGE('',*,*,#9666,.T.);
#6054=ORIENTED_EDGE('',*,*,#9335,.T.);
#6055=ORIENTED_EDGE('',*,*,#9664,.F.);
#6056=CARTESIAN_POINT('',(-0.03075315,3.31285542920371,9.82529619537766));
#6057=DIRECTION('',(0.0,0.0,-1.0));
#6058=DIRECTION('',(0.0,-1.0,0.0));
#6059=ORIENTED_EDGE('',*,*,#9589,.T.);
#6060=ORIENTED_EDGE('',*,*,#9536,.T.);
#6061=ORIENTED_EDGE('',*,*,#9367,.T.);
#6062=ORIENTED_EDGE('',*,*,#9667,.F.);
#6063=CARTESIAN_POINT('',(-0.03075315,2.18542932322241,9.79939404932974));
#6064=DIRECTION('',(-0.0,0.828509567697921,0.559974906788692));
#6065=DIRECTION('',(1.0,0.0,0.0));
#6066=ORIENTED_EDGE('',*,*,#9668,.F.);
#6067=ORIENTED_EDGE('',*,*,#9092,.T.);
#6068=ORIENTED_EDGE('',*,*,#9669,.F.);
#6069=ORIENTED_EDGE('',*,*,#9670,.F.);
#6070=CARTESIAN_POINT('',(1.47499685000001,2.27082024582704,0.194996849999994));
#6071=DIRECTION('',(0.0,-1.0,2.34725826288815E-13));
#6072=DIRECTION('',(-1.0,0.0,0.0));
#6073=ORIENTED_EDGE('',*,*,#9671,.T.);
#6074=ORIENTED_EDGE('',*,*,#9672,.T.);
#6075=ORIENTED_EDGE('',*,*,#9331,.F.);
#6076=ORIENTED_EDGE('',*,*,#9673,.F.);
#6077=CARTESIAN_POINT('',(-0.03075315,3.6481658422503,10.0328345492535));
#6078=DIRECTION('',(-0.0,0.785328090215458,0.61907979349882));
#6079=DIRECTION('',(1.0,0.0,0.0));
#6080=ORIENTED_EDGE('',*,*,#9674,.T.);
#6081=ORIENTED_EDGE('',*,*,#9090,.F.);
#6082=ORIENTED_EDGE('',*,*,#9675,.F.);
#6083=ORIENTED_EDGE('',*,*,#9676,.T.);
#6084=CARTESIAN_POINT('',(2.52500315,1.26505317626209,0.194996850000229));
#6085=DIRECTION('',(0.0,1.0,-2.33668502746974E-13));
#6086=DIRECTION('',(0.0,-2.33668502746974E-13,-1.0));
#6087=ORIENTED_EDGE('',*,*,#9677,.T.);
#6088=ORIENTED_EDGE('',*,*,#9543,.T.);
#6089=ORIENTED_EDGE('',*,*,#9336,.T.);
#6090=ORIENTED_EDGE('',*,*,#9666,.F.);
#6091=CARTESIAN_POINT('',(-0.03075315,3.32382028225619,9.69686444511527));
#6092=DIRECTION('',(-0.0,1.0,0.0));
#6093=DIRECTION('',(1.0,0.0,0.0));
#6094=ORIENTED_EDGE('',*,*,#9678,.T.);
#6095=ORIENTED_EDGE('',*,*,#9500,.T.);
#6096=ORIENTED_EDGE('',*,*,#9679,.T.);
#6097=ORIENTED_EDGE('',*,*,#9680,.F.);
#6098=CARTESIAN_POINT('',(-0.0307531500000002,4.76329995639571,10.1875057235283));
#6099=DIRECTION('',(0.0,-0.000754280311441611,0.999999715530566));
#6100=DIRECTION('',(-1.0,0.0,0.0));
#6101=ORIENTED_EDGE('',*,*,#9681,.F.);
#6102=ORIENTED_EDGE('',*,*,#9076,.T.);
#6103=ORIENTED_EDGE('',*,*,#9094,.F.);
#6104=ORIENTED_EDGE('',*,*,#9682,.F.);
#6105=CARTESIAN_POINT('',(2.53725315,9.74000000000018,6.66200314999999));
#6106=DIRECTION('',(0.0,-1.0,0.0));
#6107=DIRECTION('',(0.0,0.0,-1.0));
#6108=ORIENTED_EDGE('',*,*,#9683,.T.);
#6109=ORIENTED_EDGE('',*,*,#9660,.T.);
#6110=ORIENTED_EDGE('',*,*,#9311,.F.);
#6111=ORIENTED_EDGE('',*,*,#9684,.F.);
#6112=CARTESIAN_POINT('',(-0.0307531500000002,3.74120099509135,10.4986614457875));
#6113=DIRECTION('',(-0.0,0.862413573950237,0.506204333709598));
#6114=DIRECTION('',(1.0,0.0,0.0));
#6115=ORIENTED_EDGE('',*,*,#9616,.T.);
#6116=ORIENTED_EDGE('',*,*,#9685,.T.);
#6117=ORIENTED_EDGE('',*,*,#9388,.T.);
#6118=ORIENTED_EDGE('',*,*,#9686,.F.);
#6119=CARTESIAN_POINT('',(-0.03075315,2.21812431032108,9.98880374177861));
#6120=DIRECTION('',(0.0,-0.938566532186963,-0.345098340561844));
#6121=DIRECTION('',(0.0,0.345098340561844,-0.938566532186963));
#6122=ORIENTED_EDGE('',*,*,#9621,.T.);
#6123=ORIENTED_EDGE('',*,*,#9687,.T.);
#6124=ORIENTED_EDGE('',*,*,#9383,.T.);
#6125=ORIENTED_EDGE('',*,*,#9688,.F.);
#6126=CARTESIAN_POINT('',(-0.0307531500000002,2.42072596391098,9.82429517098063));
#6127=DIRECTION('',(0.0,0.412863769090473,-0.910792791019126));
#6128=DIRECTION('',(-1.0,0.0,0.0));
#6129=ORIENTED_EDGE('',*,*,#9623,.T.);
#6130=ORIENTED_EDGE('',*,*,#9689,.T.);
#6131=ORIENTED_EDGE('',*,*,#9381,.T.);
#6132=ORIENTED_EDGE('',*,*,#9234,.F.);
#6133=CARTESIAN_POINT('',(-0.0307531500000002,2.52234327536403,9.88679211742731));
#6134=DIRECTION('',(0.0,0.854515742303152,-0.519425496251478));
#6135=DIRECTION('',(-1.0,0.0,0.0));
#6136=ORIENTED_EDGE('',*,*,#9690,.T.);
#6137=ORIENTED_EDGE('',*,*,#9691,.T.);
#6138=ORIENTED_EDGE('',*,*,#9279,.T.);
#6139=ORIENTED_EDGE('',*,*,#9548,.F.);
#6140=CARTESIAN_POINT('',(-0.03075315,4.8797191971921,10.7250031499997));
#6141=DIRECTION('',(0.0,-1.0,0.0));
#6142=DIRECTION('',(0.0,0.0,-1.0));
#6143=ORIENTED_EDGE('',*,*,#9692,.F.);
#6144=ORIENTED_EDGE('',*,*,#8929,.T.);
#6145=ORIENTED_EDGE('',*,*,#8917,.F.);
#6146=ORIENTED_EDGE('',*,*,#8913,.F.);
#6147=ORIENTED_EDGE('',*,*,#9693,.F.);
#6148=ORIENTED_EDGE('',*,*,#9694,.T.);
#6149=ORIENTED_EDGE('',*,*,#9184,.T.);
#6150=ORIENTED_EDGE('',*,*,#9506,.T.);
#6151=CARTESIAN_POINT('',(-0.0625031500000108,-0.221753149999786,0.0));
#6152=DIRECTION('',(0.0,0.0,-1.0));
#6153=DIRECTION('',(0.0,-1.0,0.0));
#6154=ORIENTED_EDGE('',*,*,#9695,.T.);
#6155=ORIENTED_EDGE('',*,*,#9570,.T.);
#6156=ORIENTED_EDGE('',*,*,#9696,.T.);
#6157=ORIENTED_EDGE('',*,*,#9697,.F.);
#6158=CARTESIAN_POINT('',(-0.0307531500000002,4.35082733973926,10.4138828175865));
#6159=DIRECTION('',(0.0,-0.957887834040184,-0.287142642945635));
#6160=DIRECTION('',(0.0,0.287142642945635,-0.957887834040184));
#6161=ORIENTED_EDGE('',*,*,#9698,.T.);
#6162=ORIENTED_EDGE('',*,*,#9207,.T.);
#6163=ORIENTED_EDGE('',*,*,#9489,.F.);
#6164=ORIENTED_EDGE('',*,*,#9492,.F.);
#6165=CARTESIAN_POINT('',(-0.03075315,5.3489719470955,10.5754938271602));
#6166=DIRECTION('',(0.0,0.0,1.0));
#6167=DIRECTION('',(1.0,0.0,0.0));
#6168=ORIENTED_EDGE('',*,*,#9618,.T.);
#6169=ORIENTED_EDGE('',*,*,#9699,.T.);
#6170=ORIENTED_EDGE('',*,*,#9386,.T.);
#6171=ORIENTED_EDGE('',*,*,#9700,.F.);
#6172=CARTESIAN_POINT('',(-0.03075315,2.2628741793424,9.88826094852718));
#6173=DIRECTION('',(-0.0,-0.637282970193864,-0.770629882564183));
#6174=DIRECTION('',(0.0,-0.770629882564183,0.637282970193864));
#6175=ORIENTED_EDGE('',*,*,#9622,.T.);
#6176=ORIENTED_EDGE('',*,*,#9688,.T.);
#6177=ORIENTED_EDGE('',*,*,#9382,.T.);
#6178=ORIENTED_EDGE('',*,*,#9689,.F.);
#6179=CARTESIAN_POINT('',(-0.0307531500000002,2.47716926731034,9.84945263893863));
#6180=DIRECTION('',(0.0,0.641635907466071,-0.767009362557063));
#6181=DIRECTION('',(-1.0,0.0,0.0));
#6182=ORIENTED_EDGE('',*,*,#9620,.T.);
#6183=ORIENTED_EDGE('',*,*,#9701,.T.);
#6184=ORIENTED_EDGE('',*,*,#9384,.T.);
#6185=ORIENTED_EDGE('',*,*,#9687,.F.);
#6186=CARTESIAN_POINT('',(-0.0307531500000002,2.36386512002134,9.82493284257082));
#6187=DIRECTION('',(0.0,0.0,-1.0));
#6188=DIRECTION('',(0.0,-1.0,0.0));
#6189=ORIENTED_EDGE('',*,*,#9619,.T.);
#6190=ORIENTED_EDGE('',*,*,#9700,.T.);
#6191=ORIENTED_EDGE('',*,*,#9385,.T.);
#6192=ORIENTED_EDGE('',*,*,#9701,.F.);
#6193=CARTESIAN_POINT('',(-0.03075315,2.30772829147125,9.85063299156815));
#6194=DIRECTION('',(-0.0,-0.407693780005086,-0.913118711748459));
#6195=DIRECTION('',(0.0,-0.913118711748459,0.407693780005086));
#6196=ORIENTED_EDGE('',*,*,#9702,.T.);
#6197=ORIENTED_EDGE('',*,*,#9703,.T.);
#6198=ORIENTED_EDGE('',*,*,#9704,.T.);
#6199=ORIENTED_EDGE('',*,*,#9705,.F.);
#6200=CARTESIAN_POINT('',(-0.03075315,4.38448030972144,10.3371807806656));
#6201=DIRECTION('',(-0.0,-0.587657348861374,-0.809109906211277));
#6202=DIRECTION('',(0.0,-0.809109906211277,0.587657348861374));
#6203=ORIENTED_EDGE('',*,*,#9706,.T.);
#6204=ORIENTED_EDGE('',*,*,#9556,.T.);
#6205=ORIENTED_EDGE('',*,*,#9707,.T.);
#6206=ORIENTED_EDGE('',*,*,#9708,.F.);
#6207=CARTESIAN_POINT('',(-0.03075315,4.76322972404012,10.5749999999997));
#6208=DIRECTION('',(0.0,0.0,1.0));
#6209=DIRECTION('',(1.0,0.0,0.0));
#6210=ORIENTED_EDGE('',*,*,#9709,.T.);
#6211=ORIENTED_EDGE('',*,*,#9124,.F.);
#6212=ORIENTED_EDGE('',*,*,#9127,.T.);
#6213=ORIENTED_EDGE('',*,*,#9710,.T.);
#6214=ORIENTED_EDGE('',*,*,#9711,.F.);
#6215=CARTESIAN_POINT('',(1.03937185000001,2.80675315000019,6.30000000000027));
#6216=DIRECTION('',(-0.0,1.43857271541366E-14,1.0));
#6217=DIRECTION('',(0.0,-1.0,1.43857271541366E-14));
#6218=ORIENTED_EDGE('',*,*,#9581,.T.);
#6219=ORIENTED_EDGE('',*,*,#9712,.T.);
#6220=ORIENTED_EDGE('',*,*,#9376,.T.);
#6221=ORIENTED_EDGE('',*,*,#9713,.F.);
#6222=CARTESIAN_POINT('',(-0.03075315,2.60228510951722,9.8007961513846));
#6223=DIRECTION('',(0.0,-0.744998139127202,0.667066542930319));
#6224=DIRECTION('',(-1.0,0.0,0.0));
#6225=ORIENTED_EDGE('',*,*,#9714,.T.);
#6226=ORIENTED_EDGE('',*,*,#9715,.T.);
#6227=ORIENTED_EDGE('',*,*,#9423,.T.);
#6228=ORIENTED_EDGE('',*,*,#9716,.F.);
#6229=CARTESIAN_POINT('',(-0.0307531500000002,6.33455111996686,9.8372470618431));
#6230=DIRECTION('',(0.0,0.266097060315908,-0.963946240457025));
#6231=DIRECTION('',(-1.0,0.0,0.0));
#6232=ORIENTED_EDGE('',*,*,#9717,.T.);
#6233=ORIENTED_EDGE('',*,*,#9697,.T.);
#6234=ORIENTED_EDGE('',*,*,#9718,.T.);
#6235=ORIENTED_EDGE('',*,*,#9703,.F.);
#6236=CARTESIAN_POINT('',(-0.03075315,4.36247181914127,10.374091567867));
#6237=DIRECTION('',(0.0,-0.854147730448783,-0.52003043619503));
#6238=DIRECTION('',(0.0,0.52003043619503,-0.854147730448783));
#6239=ORIENTED_EDGE('',*,*,#9617,.T.);
#6240=ORIENTED_EDGE('',*,*,#9686,.T.);
#6241=ORIENTED_EDGE('',*,*,#9387,.T.);
#6242=ORIENTED_EDGE('',*,*,#9699,.F.);
#6243=CARTESIAN_POINT('',(-0.03075315,2.24122715147883,9.92538647956416));
#6244=DIRECTION('',(0.0,-0.85807551566009,-0.513523523730579));
#6245=DIRECTION('',(0.0,0.513523523730579,-0.85807551566009));
#6246=ORIENTED_EDGE('',*,*,#9719,.T.);
#6247=ORIENTED_EDGE('',*,*,#9493,.T.);
#6248=ORIENTED_EDGE('',*,*,#9487,.F.);
#6249=ORIENTED_EDGE('',*,*,#9209,.F.);
#6250=CARTESIAN_POINT('',(-0.03075315,5.04388574444463,10.6999999999997));
#6251=DIRECTION('',(0.0,0.0,-1.0));
#6252=DIRECTION('',(0.0,-1.0,0.0));
#6253=ORIENTED_EDGE('',*,*,#9720,.T.);
#6254=ORIENTED_EDGE('',*,*,#9721,.T.);
#6255=ORIENTED_EDGE('',*,*,#9292,.F.);
#6256=ORIENTED_EDGE('',*,*,#9722,.F.);
#6257=CARTESIAN_POINT('',(-0.03075315,4.29700272753376,9.7608176147079));
#6258=DIRECTION('',(-0.0,0.741147163948258,0.671342596124702));
#6259=DIRECTION('',(1.0,0.0,0.0));
#6260=ORIENTED_EDGE('',*,*,#9723,.F.);
#6261=ORIENTED_EDGE('',*,*,#9682,.T.);
#6262=ORIENTED_EDGE('',*,*,#9093,.T.);
#6263=ORIENTED_EDGE('',*,*,#9724,.F.);
#6264=CARTESIAN_POINT('',(0.972746849999897,18.2782531500002,5.96500000000015));
#6265=DIRECTION('',(0.0,0.0,-1.0));
#6266=DIRECTION('',(0.0,-1.0,0.0));
#6267=ORIENTED_EDGE('',*,*,#9537,.T.);
#6268=ORIENTED_EDGE('',*,*,#9681,.T.);
#6269=ORIENTED_EDGE('',*,*,#9723,.T.);
#6270=ORIENTED_EDGE('',*,*,#9725,.F.);
#6271=CARTESIAN_POINT('',(1.25087602889428,18.2782531500002,6.66200297722627));
#6272=DIRECTION('',(-0.945151201921702,0.0,0.326633135958313));
#6273=DIRECTION('',(0.0,1.0,0.0));
#6274=ORIENTED_EDGE('',*,*,#9726,.T.);
#6275=ORIENTED_EDGE('',*,*,#9727,.T.);
#6276=ORIENTED_EDGE('',*,*,#9309,.F.);
#6277=ORIENTED_EDGE('',*,*,#9532,.F.);
#6278=CARTESIAN_POINT('',(-0.03075315,3.68479087380414,10.5620514114289));
#6279=DIRECTION('',(-0.0,0.274482577577476,0.961592072870001));
#6280=DIRECTION('',(1.0,0.0,0.0));
#6281=ORIENTED_EDGE('',*,*,#9728,.T.);
#6282=ORIENTED_EDGE('',*,*,#9729,.T.);
#6283=ORIENTED_EDGE('',*,*,#9343,.T.);
#6284=ORIENTED_EDGE('',*,*,#9730,.F.);
#6285=CARTESIAN_POINT('',(-0.03075315,3.043234797087,9.51198093294425));
#6286=DIRECTION('',(-0.0,0.612366659301842,0.790573889383846));
#6287=DIRECTION('',(1.0,0.0,0.0));
#6288=ORIENTED_EDGE('',*,*,#8796,.T.);
#6289=ORIENTED_EDGE('',*,*,#9731,.F.);
#6290=ORIENTED_EDGE('',*,*,#8680,.F.);
#6291=ORIENTED_EDGE('',*,*,#9732,.T.);
#6292=CARTESIAN_POINT('',(0.000753849333487627,5.31800199993625,12.8927136819089));
#6293=DIRECTION('',(1.0,0.0,0.0));
#6294=DIRECTION('',(0.0,-0.0675373070539972,-0.997716749461436));
#6295=ORIENTED_EDGE('',*,*,#9197,.T.);
#6296=ORIENTED_EDGE('',*,*,#9503,.F.);
#6297=ORIENTED_EDGE('',*,*,#9733,.F.);
#6298=ORIENTED_EDGE('',*,*,#8767,.F.);
#6299=CARTESIAN_POINT('',(0.382196595436022,18.2782531500002,1.73000000000002));
#6300=DIRECTION('',(0.0,0.0,1.0));
#6301=DIRECTION('',(1.0,0.0,0.0));
#6302=ORIENTED_EDGE('',*,*,#9734,.T.);
#6303=ORIENTED_EDGE('',*,*,#9533,.T.);
#6304=ORIENTED_EDGE('',*,*,#9307,.F.);
#6305=ORIENTED_EDGE('',*,*,#9529,.F.);
#6306=CARTESIAN_POINT('',(-0.03075315,3.59514958608107,10.575259739505));
#6307=DIRECTION('',(0.0,-0.264293919367624,0.964442182914715));
#6308=DIRECTION('',(-1.0,0.0,0.0));
#6309=ORIENTED_EDGE('',*,*,#9592,.T.);
#6310=ORIENTED_EDGE('',*,*,#9735,.T.);
#6311=ORIENTED_EDGE('',*,*,#9364,.T.);
#6312=ORIENTED_EDGE('',*,*,#9736,.F.);
#6313=CARTESIAN_POINT('',(-0.03075315,2.10639378842417,9.97287400432631));
#6314=DIRECTION('',(-0.0,1.0,0.0));
#6315=DIRECTION('',(1.0,0.0,0.0));
#6316=ORIENTED_EDGE('',*,*,#8792,.T.);
#6317=ORIENTED_EDGE('',*,*,#9737,.F.);
#6318=ORIENTED_EDGE('',*,*,#9112,.F.);
#6319=ORIENTED_EDGE('',*,*,#9738,.T.);
#6320=CARTESIAN_POINT('',(2.49999999999999,5.27000000000021,12.054996849999));
#6321=DIRECTION('',(0.0,0.0,-1.0));
#6322=DIRECTION('',(-0.0351803178017457,0.99938098102744,0.0));
#6323=ORIENTED_EDGE('',*,*,#9739,.F.);
#6324=ORIENTED_EDGE('',*,*,#8681,.T.);
#6325=ORIENTED_EDGE('',*,*,#9731,.T.);
#6326=ORIENTED_EDGE('',*,*,#8798,.T.);
#6327=ORIENTED_EDGE('',*,*,#8705,.T.);
#6328=ORIENTED_EDGE('',*,*,#9637,.F.);
#6329=ORIENTED_EDGE('',*,*,#9740,.T.);
#6330=ORIENTED_EDGE('',*,*,#8741,.T.);
#6331=ORIENTED_EDGE('',*,*,#9741,.F.);
#6332=ORIENTED_EDGE('',*,*,#9742,.T.);
#6333=ORIENTED_EDGE('',*,*,#8791,.T.);
#6334=CARTESIAN_POINT('',(-0.03,5.46466305484799,12.0335069562192));
#6335=DIRECTION('',(-1.0,0.0,0.0));
#6336=DIRECTION('',(0.0,0.0,1.0));
#6337=ORIENTED_EDGE('',*,*,#8819,.F.);
#6338=ORIENTED_EDGE('',*,*,#9179,.F.);
#6339=ORIENTED_EDGE('',*,*,#9743,.T.);
#6340=ORIENTED_EDGE('',*,*,#8768,.T.);
#6341=ORIENTED_EDGE('',*,*,#9733,.T.);
#6342=ORIENTED_EDGE('',*,*,#9502,.T.);
#6343=ORIENTED_EDGE('',*,*,#9538,.T.);
#6344=ORIENTED_EDGE('',*,*,#9725,.T.);
#6345=ORIENTED_EDGE('',*,*,#9724,.T.);
#6346=ORIENTED_EDGE('',*,*,#9096,.T.);
#6347=ORIENTED_EDGE('',*,*,#9097,.F.);
#6348=ORIENTED_EDGE('',*,*,#9167,.F.);
#6349=ORIENTED_EDGE('',*,*,#9165,.F.);
#6350=ORIENTED_EDGE('',*,*,#8961,.F.);
#6351=ORIENTED_EDGE('',*,*,#8999,.T.);
#6352=ORIENTED_EDGE('',*,*,#8934,.T.);
#6353=ORIENTED_EDGE('',*,*,#8997,.F.);
#6354=ORIENTED_EDGE('',*,*,#9180,.F.);
#6355=ORIENTED_EDGE('',*,*,#9744,.F.);
#6356=ORIENTED_EDGE('',*,*,#8751,.F.);
#6357=ORIENTED_EDGE('',*,*,#9119,.T.);
#6358=ORIENTED_EDGE('',*,*,#8843,.T.);
#6359=CARTESIAN_POINT('',(2.56250315,18.0700000000002,6.79075314999999));
#6360=DIRECTION('',(-0.0,1.0,0.0));
#6361=DIRECTION('',(1.0,0.0,0.0));
#6362=ORIENTED_EDGE('',*,*,#9745,.T.);
#6363=ORIENTED_EDGE('',*,*,#9242,.T.);
#6364=ORIENTED_EDGE('',*,*,#9296,.F.);
#6365=ORIENTED_EDGE('',*,*,#9746,.F.);
#6366=CARTESIAN_POINT('',(-0.03075315,3.89677609998346,9.86428102504998));
#6367=DIRECTION('',(0.0,-0.966805010058401,-0.25551530781144));
#6368=DIRECTION('',(0.0,0.25551530781144,-0.966805010058401));
#6369=ORIENTED_EDGE('',*,*,#8788,.T.);
#6370=ORIENTED_EDGE('',*,*,#9742,.F.);
#6371=ORIENTED_EDGE('',*,*,#9747,.F.);
#6372=ORIENTED_EDGE('',*,*,#9748,.T.);
#6373=CARTESIAN_POINT('',(0.000774230769231932,5.31112377334596,12.4337362515675));
#6374=DIRECTION('',(1.0,-0.0,0.0));
#6375=DIRECTION('',(0.0,0.461172760559247,0.887310365609556));
#6376=ORIENTED_EDGE('',*,*,#9749,.T.);
#6377=ORIENTED_EDGE('',*,*,#8678,.T.);
#6378=ORIENTED_EDGE('',*,*,#9739,.T.);
#6379=ORIENTED_EDGE('',*,*,#8790,.F.);
#6380=CARTESIAN_POINT('',(-0.03075315,5.44112377334595,12.1986886199703));
#6381=DIRECTION('',(-0.0,1.0,0.0));
#6382=DIRECTION('',(1.0,0.0,0.0));
#6383=ORIENTED_EDGE('',*,*,#9750,.F.);
#6384=ORIENTED_EDGE('',*,*,#9747,.T.);
#6385=ORIENTED_EDGE('',*,*,#9741,.T.);
#6386=ORIENTED_EDGE('',*,*,#8740,.F.);
#6387=CARTESIAN_POINT('',(0.000758367463835844,5.53532921810695,12.8878637464856));
#6388=DIRECTION('',(1.0,0.0,0.0));
#6389=DIRECTION('',(0.0,-0.434620430493933,-0.900613724855039));
#6390=ORIENTED_EDGE('',*,*,#9751,.T.);
#6391=ORIENTED_EDGE('',*,*,#9752,.T.);
#6392=ORIENTED_EDGE('',*,*,#9288,.F.);
#6393=ORIENTED_EDGE('',*,*,#9753,.F.);
#6394=CARTESIAN_POINT('',(-0.0307531500000002,4.18165975175392,10.0357682746506));
#6395=DIRECTION('',(0.0,0.969534528721294,-0.244954684823904));
#6396=DIRECTION('',(-1.0,0.0,0.0));
#6397=ORIENTED_EDGE('',*,*,#9588,.T.);
#6398=ORIENTED_EDGE('',*,*,#9754,.T.);
#6399=ORIENTED_EDGE('',*,*,#9369,.T.);
#6400=ORIENTED_EDGE('',*,*,#9535,.F.);
#6401=CARTESIAN_POINT('',(-0.03075315,2.25418039165281,9.7368390388));
#6402=DIRECTION('',(-0.0,0.592300286526842,0.805717301899507));
#6403=DIRECTION('',(1.0,0.0,0.0));
#6404=ORIENTED_EDGE('',*,*,#9587,.T.);
#6405=ORIENTED_EDGE('',*,*,#9755,.T.);
#6406=ORIENTED_EDGE('',*,*,#9370,.T.);
#6407=ORIENTED_EDGE('',*,*,#9754,.F.);
#6408=CARTESIAN_POINT('',(-0.03075315,2.31053315224897,9.71215991606991));
#6409=DIRECTION('',(-0.0,0.404563161568782,0.914510059158166));
#6410=DIRECTION('',(1.0,0.0,0.0));
#6411=ORIENTED_EDGE('',*,*,#9756,.T.);
#6412=ORIENTED_EDGE('',*,*,#9757,.F.);
#6413=ORIENTED_EDGE('',*,*,#9758,.T.);
#6414=ORIENTED_EDGE('',*,*,#9759,.T.);
#6415=CARTESIAN_POINT('',(0.534999999999998,7.22999685000017,13.9450031500001));
#6416=DIRECTION('',(-1.0,0.0,0.0));
#6417=DIRECTION('',(0.0,0.0,1.0));
#6418=ORIENTED_EDGE('',*,*,#9757,.T.);
#6419=ORIENTED_EDGE('',*,*,#9760,.T.);
#6420=ORIENTED_EDGE('',*,*,#8794,.F.);
#6421=ORIENTED_EDGE('',*,*,#9761,.T.);
#6422=CARTESIAN_POINT('',(0.846270258101799,7.27000000000017,13.9450031500001));
#6423=DIRECTION('',(0.0,-1.0,0.0));
#6424=DIRECTION('',(0.0,0.0,-1.0));
#6425=ORIENTED_EDGE('',*,*,#9759,.F.);
#6426=ORIENTED_EDGE('',*,*,#9762,.T.);
#6427=ORIENTED_EDGE('',*,*,#9515,.F.);
#6428=ORIENTED_EDGE('',*,*,#9642,.F.);
#6429=CARTESIAN_POINT('',(0.548378149999998,8.87000000000018,12.054996849999));
#6430=DIRECTION('',(0.0,-1.0,0.0));
#6431=DIRECTION('',(0.0,0.0,-1.0));
#6432=ORIENTED_EDGE('',*,*,#9602,.T.);
#6433=ORIENTED_EDGE('',*,*,#9546,.T.);
#6434=ORIENTED_EDGE('',*,*,#9353,.T.);
#6435=ORIENTED_EDGE('',*,*,#9661,.F.);
#6436=CARTESIAN_POINT('',(-0.03075315,2.5208117796342,10.5749526664293));
#6437=DIRECTION('',(0.0,0.0,1.0));
#6438=DIRECTION('',(1.0,0.0,0.0));
#6439=ORIENTED_EDGE('',*,*,#9763,.F.);
#6440=ORIENTED_EDGE('',*,*,#9670,.T.);
#6441=ORIENTED_EDGE('',*,*,#9764,.F.);
#6442=ORIENTED_EDGE('',*,*,#9676,.F.);
#6443=CARTESIAN_POINT('',(1.50000000000001,1.23990584952297,0.194996850000235));
#6444=DIRECTION('',(1.0,0.0,0.0));
#6445=DIRECTION('',(0.0,1.0,0.0));
#6446=ORIENTED_EDGE('',*,*,#9765,.T.);
#6447=ORIENTED_EDGE('',*,*,#9251,.T.);
#6448=ORIENTED_EDGE('',*,*,#9483,.T.);
#6449=ORIENTED_EDGE('',*,*,#9766,.F.);
#6450=CARTESIAN_POINT('',(-0.03075315,6.40598300061903,9.73811593191785));
#6451=DIRECTION('',(0.0,-0.268638818446001,0.963240979830041));
#6452=DIRECTION('',(-1.0,0.0,0.0));
#6453=ORIENTED_EDGE('',*,*,#9767,.T.);
#6454=ORIENTED_EDGE('',*,*,#9766,.T.);
#6455=ORIENTED_EDGE('',*,*,#9482,.T.);
#6456=ORIENTED_EDGE('',*,*,#9768,.F.);
#6457=CARTESIAN_POINT('',(-0.03075315,6.31549431477199,9.71279987990997));
#6458=DIRECTION('',(0.0,-0.21701994460791,0.976167169926535));
#6459=DIRECTION('',(-1.0,0.0,0.0));
#6460=ORIENTED_EDGE('',*,*,#9769,.T.);
#6461=ORIENTED_EDGE('',*,*,#9768,.T.);
#6462=ORIENTED_EDGE('',*,*,#9481,.T.);
#6463=ORIENTED_EDGE('',*,*,#9770,.F.);
#6464=CARTESIAN_POINT('',(-0.03075315,6.26046575860575,9.69999999999972));
#6465=DIRECTION('',(0.0,0.0,1.0));
#6466=DIRECTION('',(1.0,0.0,0.0));
#6467=ORIENTED_EDGE('',*,*,#9771,.T.);
#6468=ORIENTED_EDGE('',*,*,#9770,.T.);
#6469=ORIENTED_EDGE('',*,*,#9480,.T.);
#6470=ORIENTED_EDGE('',*,*,#9772,.F.);
#6471=CARTESIAN_POINT('',(-0.03075315,6.1584554210988,9.69936693262548));
#6472=DIRECTION('',(-0.0,0.270977956006871,0.962585553267001));
#6473=DIRECTION('',(1.0,0.0,0.0));
#6474=ORIENTED_EDGE('',*,*,#9773,.T.);
#6475=ORIENTED_EDGE('',*,*,#9772,.T.);
#6476=ORIENTED_EDGE('',*,*,#9479,.T.);
#6477=ORIENTED_EDGE('',*,*,#9774,.F.);
#6478=CARTESIAN_POINT('',(-0.03075315,6.06834005722328,9.7243570913028));
#6479=DIRECTION('',(-0.0,0.428320408166788,0.903626929627397));
#6480=DIRECTION('',(1.0,0.0,0.0));
#6481=ORIENTED_EDGE('',*,*,#9775,.T.);
#6482=ORIENTED_EDGE('',*,*,#9774,.T.);
#6483=ORIENTED_EDGE('',*,*,#9478,.T.);
#6484=ORIENTED_EDGE('',*,*,#9776,.F.);
#6485=CARTESIAN_POINT('',(-0.03075315,5.98931832630605,9.76122075832961));
#6486=DIRECTION('',(-0.0,0.66377598418313,0.747931442594652));
#6487=DIRECTION('',(1.0,0.0,0.0));
#6488=ORIENTED_EDGE('',*,*,#9777,.T.);
#6489=ORIENTED_EDGE('',*,*,#9778,.T.);
#6490=ORIENTED_EDGE('',*,*,#9289,.F.);
#6491=ORIENTED_EDGE('',*,*,#9752,.F.);
#6492=CARTESIAN_POINT('',(-0.03075315,4.18221222212233,9.9729027427752));
#6493=DIRECTION('',(-0.0,1.0,0.0));
#6494=DIRECTION('',(1.0,0.0,0.0));
#6495=ORIENTED_EDGE('',*,*,#9779,.T.);
#6496=ORIENTED_EDGE('',*,*,#9211,.T.);
#6497=ORIENTED_EDGE('',*,*,#9490,.F.);
#6498=ORIENTED_EDGE('',*,*,#9217,.F.);
#6499=CARTESIAN_POINT('',(-0.03075315,5.75393895972858,10.5754938271602));
#6500=DIRECTION('',(0.0,0.0,1.0));
#6501=DIRECTION('',(1.0,0.0,0.0));
#6502=ORIENTED_EDGE('',*,*,#9780,.T.);
#6503=ORIENTED_EDGE('',*,*,#9746,.T.);
#6504=ORIENTED_EDGE('',*,*,#9295,.F.);
#6505=ORIENTED_EDGE('',*,*,#9542,.F.);
#6506=CARTESIAN_POINT('',(-0.03075315,3.92005877810331,9.77809306825586));
#6507=DIRECTION('',(0.0,-1.0,0.0));
#6508=DIRECTION('',(0.0,0.0,-1.0));
#6509=ORIENTED_EDGE('',*,*,#8784,.T.);
#6510=ORIENTED_EDGE('',*,*,#9781,.T.);
#6511=ORIENTED_EDGE('',*,*,#9782,.F.);
#6512=ORIENTED_EDGE('',*,*,#9507,.F.);
#6513=CARTESIAN_POINT('',(-0.0112657499999986,0.200000000000187,9.2));
#6514=DIRECTION('',(-1.0,0.0,0.0));
#6515=DIRECTION('',(0.0,-0.0125210852713415,0.999921608139172));
#6516=ORIENTED_EDGE('',*,*,#9783,.T.);
#6517=ORIENTED_EDGE('',*,*,#9190,.T.);
#6518=ORIENTED_EDGE('',*,*,#9280,.T.);
#6519=ORIENTED_EDGE('',*,*,#9691,.F.);
#6520=CARTESIAN_POINT('',(-0.03075315,4.44108194310604,10.6999999999997));
#6521=DIRECTION('',(0.0,0.0,-1.0));
#6522=DIRECTION('',(0.0,-1.0,0.0));
#6523=ORIENTED_EDGE('',*,*,#9784,.T.);
#6524=ORIENTED_EDGE('',*,*,#9785,.T.);
#6525=ORIENTED_EDGE('',*,*,#9786,.F.);
#6526=ORIENTED_EDGE('',*,*,#9558,.T.);
#6527=ORIENTED_EDGE('',*,*,#8915,.T.);
#6528=ORIENTED_EDGE('',*,*,#8991,.F.);
#6529=ORIENTED_EDGE('',*,*,#9159,.T.);
#6530=ORIENTED_EDGE('',*,*,#9175,.T.);
#6531=ORIENTED_EDGE('',*,*,#9100,.T.);
#6532=ORIENTED_EDGE('',*,*,#8965,.T.);
#6533=ORIENTED_EDGE('',*,*,#9675,.T.);
#6534=ORIENTED_EDGE('',*,*,#9089,.T.);
#6535=ORIENTED_EDGE('',*,*,#9668,.T.);
#6536=ORIENTED_EDGE('',*,*,#9763,.T.);
#6537=CARTESIAN_POINT('',(0.39874685,-0.310753149999991,0.200000000000602));
#6538=DIRECTION('',(-0.0,-2.34189024451124E-13,-1.0));
#6539=DIRECTION('',(0.0,-1.0,2.34189024451124E-13));
#6540=ORIENTED_EDGE('',*,*,#9787,.T.);
#6541=ORIENTED_EDGE('',*,*,#9130,.F.);
#6542=ORIENTED_EDGE('',*,*,#9788,.T.);
#6543=ORIENTED_EDGE('',*,*,#9789,.F.);
#6544=CARTESIAN_POINT('',(0.398746850000003,7.77000000000016,0.946746845566793));
#6545=DIRECTION('',(0.0,-1.0,0.0));
#6546=DIRECTION('',(0.0,0.0,-1.0));
#6547=ORIENTED_EDGE('',*,*,#9790,.T.);
#6548=ORIENTED_EDGE('',*,*,#9791,.T.);
#6549=ORIENTED_EDGE('',*,*,#9293,.F.);
#6550=ORIENTED_EDGE('',*,*,#9721,.F.);
#6551=CARTESIAN_POINT('',(-0.03075315,4.36402891193805,9.7229156902238));
#6552=DIRECTION('',(-0.0,0.499493470590666,0.866317651232671));
#6553=DIRECTION('',(1.0,0.0,0.0));
#6554=ORIENTED_EDGE('',*,*,#9792,.T.);
#6555=ORIENTED_EDGE('',*,*,#9793,.T.);
#6556=ORIENTED_EDGE('',*,*,#9344,.T.);
#6557=ORIENTED_EDGE('',*,*,#9729,.F.);
#6558=CARTESIAN_POINT('',(-0.0307531500000002,3.0785418728995,9.49932209727375));
#6559=DIRECTION('',(-0.0,0.345286252130123,0.938497418264927));
#6560=DIRECTION('',(1.0,0.0,0.0));
#6561=ORIENTED_EDGE('',*,*,#8781,.T.);
#6562=ORIENTED_EDGE('',*,*,#9794,.T.);
#6563=ORIENTED_EDGE('',*,*,#9795,.T.);
#6564=ORIENTED_EDGE('',*,*,#9796,.F.);
#6565=CARTESIAN_POINT('',(0.000766571026939285,5.53532921810695,12.8878637464856));
#6566=DIRECTION('',(1.0,-0.0,0.0));
#6567=DIRECTION('',(0.0,0.998931408070315,0.0462173340929309));
#6568=ORIENTED_EDGE('',*,*,#9797,.T.);
#6569=ORIENTED_EDGE('',*,*,#9798,.T.);
#6570=ORIENTED_EDGE('',*,*,#9799,.T.);
#6571=ORIENTED_EDGE('',*,*,#9554,.F.);
#6572=CARTESIAN_POINT('',(-0.03075315,4.456137146534,10.2998619645628));
#6573=DIRECTION('',(0.0,0.000850369715503844,-0.999999638435608));
#6574=DIRECTION('',(-1.0,0.0,0.0));
#6575=ORIENTED_EDGE('',*,*,#9499,.F.);
#6576=ORIENTED_EDGE('',*,*,#9800,.F.);
#6577=ORIENTED_EDGE('',*,*,#9629,.F.);
#6578=ORIENTED_EDGE('',*,*,#9639,.F.);
#6579=ORIENTED_EDGE('',*,*,#9573,.F.);
#6580=ORIENTED_EDGE('',*,*,#9801,.F.);
#6581=ORIENTED_EDGE('',*,*,#9562,.F.);
#6582=ORIENTED_EDGE('',*,*,#9802,.F.);
#6583=ORIENTED_EDGE('',*,*,#9655,.F.);
#6584=ORIENTED_EDGE('',*,*,#9803,.F.);
#6585=ORIENTED_EDGE('',*,*,#9804,.F.);
#6586=ORIENTED_EDGE('',*,*,#9679,.F.);
#6587=CARTESIAN_POINT('',(-0.03,4.76694086572729,9.82874117564003));
#6588=DIRECTION('',(-1.0,0.0,0.0));
#6589=DIRECTION('',(0.0,0.0,1.0));
#6590=ORIENTED_EDGE('',*,*,#9805,.T.);
#6591=ORIENTED_EDGE('',*,*,#9806,.T.);
#6592=ORIENTED_EDGE('',*,*,#9345,.T.);
#6593=ORIENTED_EDGE('',*,*,#9793,.F.);
#6594=CARTESIAN_POINT('',(-0.0307531500000002,3.07765798099238,9.57725497628685));
#6595=DIRECTION('',(0.0,-1.0,0.0));
#6596=DIRECTION('',(0.0,0.0,-1.0));
#6597=ORIENTED_EDGE('',*,*,#9081,.T.);
#6598=ORIENTED_EDGE('',*,*,#9516,.T.);
#6599=ORIENTED_EDGE('',*,*,#9762,.F.);
#6600=ORIENTED_EDGE('',*,*,#9807,.T.);
#6601=ORIENTED_EDGE('',*,*,#9001,.F.);
#6602=ORIENTED_EDGE('',*,*,#8938,.T.);
#6603=CARTESIAN_POINT('',(-0.0625031500000001,9.249250902598,10.8319408617168));
#6604=DIRECTION('',(0.0,0.95806858393311,0.28653898247953));
#6605=DIRECTION('',(1.0,0.0,-0.0));
#6606=ORIENTED_EDGE('',*,*,#9593,.T.);
#6607=ORIENTED_EDGE('',*,*,#9736,.T.);
#6608=ORIENTED_EDGE('',*,*,#9363,.T.);
#6609=ORIENTED_EDGE('',*,*,#9808,.F.);
#6610=CARTESIAN_POINT('',(-0.03075315,2.1058201287843,10.0730092825477));
#6611=DIRECTION('',(0.0,0.956403771381412,-0.292047643523127));
#6612=DIRECTION('',(-1.0,0.0,0.0));
#6613=ORIENTED_EDGE('',*,*,#9809,.F.);
#6614=ORIENTED_EDGE('',*,*,#9140,.F.);
#6615=ORIENTED_EDGE('',*,*,#9137,.T.);
#6616=ORIENTED_EDGE('',*,*,#8837,.T.);
#6617=ORIENTED_EDGE('',*,*,#9810,.F.);
#6618=ORIENTED_EDGE('',*,*,#9811,.F.);
#6619=CARTESIAN_POINT('',(2.53897459137987,-0.237360267647239,8.94999999999992));
#6620=DIRECTION('',(-0.0,1.14972602574313E-14,1.0));
#6621=DIRECTION('',(0.0,-1.0,1.14972602574313E-14));
#6622=ORIENTED_EDGE('',*,*,#9585,.T.);
#6623=ORIENTED_EDGE('',*,*,#9812,.T.);
#6624=ORIENTED_EDGE('',*,*,#9372,.T.);
#6625=ORIENTED_EDGE('',*,*,#9813,.F.);
#6626=CARTESIAN_POINT('',(-0.03075315,2.42321241945953,9.69999999999972));
#6627=DIRECTION('',(0.0,0.0,1.0));
#6628=DIRECTION('',(1.0,0.0,0.0));
#6629=ORIENTED_EDGE('',*,*,#9814,.T.);
#6630=ORIENTED_EDGE('',*,*,#9815,.T.);
#6631=ORIENTED_EDGE('',*,*,#9317,.F.);
#6632=ORIENTED_EDGE('',*,*,#9565,.F.);
#6633=CARTESIAN_POINT('',(-0.0307531500000073,3.77324721757336,10.6510907909178));
#6634=DIRECTION('',(0.0,-0.746557384894104,-0.66532102857198));
#6635=DIRECTION('',(0.0,0.66532102857198,-0.746557384894104));
#6636=ORIENTED_EDGE('',*,*,#9816,.T.);
#6637=ORIENTED_EDGE('',*,*,#9566,.T.);
#6638=ORIENTED_EDGE('',*,*,#9315,.F.);
#6639=ORIENTED_EDGE('',*,*,#9817,.F.);
#6640=CARTESIAN_POINT('',(-0.0307531500000073,3.86386828846323,10.5259547232591));
#6641=DIRECTION('',(0.0,-0.984607307686877,-0.174781147866697));
#6642=DIRECTION('',(0.0,0.174781147866697,-0.984607307686877));
#6643=ORIENTED_EDGE('',*,*,#9611,.T.);
#6644=ORIENTED_EDGE('',*,*,#9818,.T.);
#6645=ORIENTED_EDGE('',*,*,#9393,.T.);
#6646=ORIENTED_EDGE('',*,*,#9819,.F.);
#6647=CARTESIAN_POINT('',(-0.03075315,2.36583050643517,10.2508434354546));
#6648=DIRECTION('',(0.0,-0.416490725006067,0.909139965013045));
#6649=DIRECTION('',(-1.0,0.0,0.0));
#6650=ORIENTED_EDGE('',*,*,#9789,.T.);
#6651=ORIENTED_EDGE('',*,*,#9820,.F.);
#6652=ORIENTED_EDGE('',*,*,#9821,.F.);
#6653=ORIENTED_EDGE('',*,*,#9822,.F.);
#6654=CARTESIAN_POINT('',(0.450000000000004,7.89500315000017,0.946746845566792));
#6655=DIRECTION('',(-1.0,0.0,0.0));
#6656=DIRECTION('',(0.0,0.0,1.0));
#6657=ORIENTED_EDGE('',*,*,#8777,.T.);
#6658=ORIENTED_EDGE('',*,*,#9261,.F.);
#6659=ORIENTED_EDGE('',*,*,#9823,.F.);
#6660=ORIENTED_EDGE('',*,*,#9824,.T.);
#6661=CARTESIAN_POINT('',(0.000774230769231936,5.75953466286794,12.4337362515674));
#6662=DIRECTION('',(1.0,0.0,0.0));
#6663=DIRECTION('',(0.0,-0.999785415857817,0.0207152658204529));
#6664=ORIENTED_EDGE('',*,*,#9825,.T.);
#6665=ORIENTED_EDGE('',*,*,#9630,.T.);
#6666=ORIENTED_EDGE('',*,*,#9800,.T.);
#6667=ORIENTED_EDGE('',*,*,#9498,.F.);
#6668=CARTESIAN_POINT('',(-0.03075315,4.4560756222138,9.83749431107788));
#6669=DIRECTION('',(0.0,2.15464389814694E-05,-0.999999999767876));
#6670=DIRECTION('',(-1.0,0.0,0.0));
#6671=ORIENTED_EDGE('',*,*,#8773,.T.);
#6672=ORIENTED_EDGE('',*,*,#9826,.F.);
#6673=ORIENTED_EDGE('',*,*,#9827,.T.);
#6674=ORIENTED_EDGE('',*,*,#9399,.T.);
#6675=CARTESIAN_POINT('',(0.000768000000001167,6.58500000000014,13.8249999999924));
#6676=DIRECTION('',(1.0,-0.0,0.0));
#6677=DIRECTION('',(0.0,0.00634377123147286,0.999979878080836));
#6678=ORIENTED_EDGE('',*,*,#8769,.T.);
#6679=ORIENTED_EDGE('',*,*,#9263,.F.);
#6680=ORIENTED_EDGE('',*,*,#9828,.F.);
#6681=ORIENTED_EDGE('',*,*,#9829,.T.);
#6682=CARTESIAN_POINT('',(0.000774230769231943,5.75953466286794,13.3419912414038));
#6683=DIRECTION('',(1.0,0.0,0.0));
#6684=DIRECTION('',(0.0,-0.461172760558598,-0.887310365609893));
#6685=ORIENTED_EDGE('',*,*,#9594,.T.);
#6686=ORIENTED_EDGE('',*,*,#9808,.T.);
#6687=ORIENTED_EDGE('',*,*,#9362,.T.);
#6688=ORIENTED_EDGE('',*,*,#9830,.F.);
#6689=CARTESIAN_POINT('',(-0.0307531500000073,2.1287508987882,10.1486576498075));
#6690=DIRECTION('',(0.0,0.915248201685709,-0.402890468131321));
#6691=DIRECTION('',(-1.0,0.0,0.0));
#6692=ORIENTED_EDGE('',*,*,#9646,.T.);
#6693=ORIENTED_EDGE('',*,*,#8804,.T.);
#6694=ORIENTED_EDGE('',*,*,#9831,.F.);
#6695=ORIENTED_EDGE('',*,*,#8707,.F.);
#6696=CARTESIAN_POINT('',(0.449996850000003,3.16999685000018,12.0186751345947));
#6697=DIRECTION('',(0.0,0.0,-1.0));
#6698=DIRECTION('',(0.0,-1.0,0.0));
#6699=ORIENTED_EDGE('',*,*,#9832,.T.);
#6700=ORIENTED_EDGE('',*,*,#9833,.T.);
#6701=ORIENTED_EDGE('',*,*,#9298,.F.);
#6702=ORIENTED_EDGE('',*,*,#9834,.F.);
#6703=CARTESIAN_POINT('',(-0.0307531500000002,3.72724220584313,10.1145952294101));
#6704=DIRECTION('',(0.0,-0.792227179350713,-0.610226266476635));
#6705=DIRECTION('',(0.0,0.610226266476635,-0.792227179350713));
#6706=ORIENTED_EDGE('',*,*,#9835,.T.);
#6707=ORIENTED_EDGE('',*,*,#9836,.T.);
#6708=ORIENTED_EDGE('',*,*,#9299,.F.);
#6709=ORIENTED_EDGE('',*,*,#9833,.F.);
#6710=CARTESIAN_POINT('',(-0.03075315,3.66032177292434,10.1760671493294));
#6711=DIRECTION('',(-0.0,-0.680129355785177,-0.733092122041452));
#6712=DIRECTION('',(0.0,-0.733092122041452,0.680129355785177));
#6713=ORIENTED_EDGE('',*,*,#9837,.T.);
#6714=ORIENTED_EDGE('',*,*,#9838,.T.);
#6715=ORIENTED_EDGE('',*,*,#9300,.F.);
#6716=ORIENTED_EDGE('',*,*,#9836,.F.);
#6717=CARTESIAN_POINT('',(-0.03075315,3.51142853406071,10.3415637890001));
#6718=DIRECTION('',(0.0,-0.74280166242928,-0.669511531112272));
#6719=DIRECTION('',(0.0,0.669511531112272,-0.74280166242928));
#6720=ORIENTED_EDGE('',*,*,#9839,.T.);
#6721=ORIENTED_EDGE('',*,*,#9840,.T.);
#6722=ORIENTED_EDGE('',*,*,#9303,.F.);
#6723=ORIENTED_EDGE('',*,*,#9841,.F.);
#6724=CARTESIAN_POINT('',(-0.03075315,3.48111348540719,10.4618749026966));
#6725=DIRECTION('',(0.0,-1.0,0.0));
#6726=DIRECTION('',(0.0,0.0,-1.0));
#6727=ORIENTED_EDGE('',*,*,#9842,.T.);
#6728=ORIENTED_EDGE('',*,*,#9843,.T.);
#6729=ORIENTED_EDGE('',*,*,#9424,.T.);
#6730=ORIENTED_EDGE('',*,*,#9715,.F.);
#6731=CARTESIAN_POINT('',(-0.0307531500000002,6.26736912518371,9.82470362142792));
#6732=DIRECTION('',(0.0,0.185027415717963,-0.98273335927541));
#6733=DIRECTION('',(-1.0,0.0,0.0));
#6734=ORIENTED_EDGE('',*,*,#9844,.T.);
#6735=ORIENTED_EDGE('',*,*,#9845,.T.);
#6736=ORIENTED_EDGE('',*,*,#9414,.T.);
#6737=ORIENTED_EDGE('',*,*,#9846,.F.);
#6738=CARTESIAN_POINT('',(-0.03075315,7.27894607023523,9.68060504747807));
#6739=DIRECTION('',(0.0,0.945146983595464,0.326645341923616));
#6740=DIRECTION('',(1.0,0.0,-0.0));
#6741=ORIENTED_EDGE('',*,*,#9847,.T.);
#6742=ORIENTED_EDGE('',*,*,#9848,.T.);
#6743=ORIENTED_EDGE('',*,*,#9433,.T.);
#6744=ORIENTED_EDGE('',*,*,#9849,.F.);
#6745=CARTESIAN_POINT('',(-0.03075315,6.05921910672009,10.075450425105));
#6746=DIRECTION('',(0.0,-0.386057052576906,0.92247490597611));
#6747=DIRECTION('',(-1.0,0.0,0.0));
#6748=ORIENTED_EDGE('',*,*,#9850,.T.);
#6749=ORIENTED_EDGE('',*,*,#9849,.T.);
#6750=ORIENTED_EDGE('',*,*,#9432,.T.);
#6751=ORIENTED_EDGE('',*,*,#9851,.F.);
#6752=CARTESIAN_POINT('',(-0.03075315,5.99964948084024,10.0509199864086));
#6753=DIRECTION('',(0.0,-0.746433923314275,0.665459539059784));
#6754=DIRECTION('',(-1.0,0.0,0.0));
#6755=ORIENTED_EDGE('',*,*,#9852,.T.);
#6756=ORIENTED_EDGE('',*,*,#9851,.T.);
#6757=ORIENTED_EDGE('',*,*,#9431,.T.);
#6758=ORIENTED_EDGE('',*,*,#9853,.F.);
#6759=CARTESIAN_POINT('',(-0.03075315,5.97671353509281,10.0261270322062));
#6760=DIRECTION('',(0.0,-0.976286375078361,0.216483056695791));
#6761=DIRECTION('',(-1.0,0.0,0.0));
#6762=ORIENTED_EDGE('',*,*,#9854,.T.);
#6763=ORIENTED_EDGE('',*,*,#9853,.T.);
#6764=ORIENTED_EDGE('',*,*,#9430,.T.);
#6765=ORIENTED_EDGE('',*,*,#9855,.F.);
#6766=CARTESIAN_POINT('',(-0.03075315,5.96515303041597,9.97624010467479));
#6767=DIRECTION('',(0.0,-0.957825494344492,-0.287350521808697));
#6768=DIRECTION('',(0.0,0.287350521808697,-0.957825494344492));
#6769=ORIENTED_EDGE('',*,*,#9856,.T.);
#6770=ORIENTED_EDGE('',*,*,#9855,.T.);
#6771=ORIENTED_EDGE('',*,*,#9429,.T.);
#6772=ORIENTED_EDGE('',*,*,#9857,.F.);
#6773=CARTESIAN_POINT('',(-0.0307531499999999,5.97603718396938,9.93842320170732));
#6774=DIRECTION('',(0.0,-0.829685608380148,-0.558230947947948));
#6775=DIRECTION('',(0.0,0.558230947947948,-0.829685608380148));
#6776=ORIENTED_EDGE('',*,*,#9858,.T.);
#6777=ORIENTED_EDGE('',*,*,#9857,.T.);
#6778=ORIENTED_EDGE('',*,*,#9428,.T.);
#6779=ORIENTED_EDGE('',*,*,#9859,.F.);
#6780=CARTESIAN_POINT('',(-0.0307531500000002,6.00896023906919,9.88845229679184));
#6781=DIRECTION('',(-0.0,-0.487789258894087,-0.872961418911258));
#6782=DIRECTION('',(0.0,-0.872961418911258,0.487789258894087));
#6783=ORIENTED_EDGE('',*,*,#9860,.T.);
#6784=ORIENTED_EDGE('',*,*,#9859,.T.);
#6785=ORIENTED_EDGE('',*,*,#9427,.T.);
#6786=ORIENTED_EDGE('',*,*,#9861,.F.);
#6787=CARTESIAN_POINT('',(-0.0307531500000002,6.05303809377423,9.86350816371358));
#6788=DIRECTION('',(-0.0,-0.350359936509177,-0.936615137016953));
#6789=DIRECTION('',(0.0,-0.936615137016953,0.350359936509177));
#6790=ORIENTED_EDGE('',*,*,#9862,.T.);
#6791=ORIENTED_EDGE('',*,*,#9846,.T.);
#6792=ORIENTED_EDGE('',*,*,#9413,.T.);
#6793=ORIENTED_EDGE('',*,*,#9863,.F.);
#6794=CARTESIAN_POINT('',(-0.03075315,7.00416636758974,10.495074137654));
#6795=DIRECTION('',(0.0,-1.0,0.0));
#6796=DIRECTION('',(0.0,0.0,-1.0));
#6797=ORIENTED_EDGE('',*,*,#9864,.T.);
#6798=ORIENTED_EDGE('',*,*,#9225,.T.);
#6799=ORIENTED_EDGE('',*,*,#9420,.T.);
#6800=ORIENTED_EDGE('',*,*,#9865,.F.);
#6801=CARTESIAN_POINT('',(-0.0307531500000002,6.4938283789734,9.98530645860035));
#6802=DIRECTION('',(0.0,0.991946852986914,-0.126654809815328));
#6803=DIRECTION('',(-1.0,0.0,0.0));
#6804=ORIENTED_EDGE('',*,*,#9866,.T.);
#6805=ORIENTED_EDGE('',*,*,#9867,.T.);
#6806=ORIENTED_EDGE('',*,*,#9416,.T.);
#6807=ORIENTED_EDGE('',*,*,#9868,.F.);
#6808=CARTESIAN_POINT('',(-0.03075315,7.66252398008839,10.495073964867));
#6809=DIRECTION('',(0.0,-0.945146983595464,0.326645341923616));
#6810=DIRECTION('',(-1.0,0.0,0.0));
#6811=ORIENTED_EDGE('',*,*,#9869,.T.);
#6812=ORIENTED_EDGE('',*,*,#9870,.T.);
#6813=ORIENTED_EDGE('',*,*,#9407,.T.);
#6814=ORIENTED_EDGE('',*,*,#9871,.F.);
#6815=CARTESIAN_POINT('',(-0.03075315,7.60773970163457,10.6999999999997));
#6816=DIRECTION('',(0.0,0.0,-1.0));
#6817=DIRECTION('',(0.0,-1.0,0.0));
#6818=ORIENTED_EDGE('',*,*,#9872,.T.);
#6819=ORIENTED_EDGE('',*,*,#9871,.T.);
#6820=ORIENTED_EDGE('',*,*,#9419,.T.);
#6821=ORIENTED_EDGE('',*,*,#9873,.F.);
#6822=CARTESIAN_POINT('',(-0.03075315,7.76847030692543,10.7250031499997));
#6823=DIRECTION('',(0.0,-1.0,0.0));
#6824=DIRECTION('',(0.0,0.0,-1.0));
#6825=ORIENTED_EDGE('',*,*,#9874,.T.);
#6826=ORIENTED_EDGE('',*,*,#9873,.T.);
#6827=ORIENTED_EDGE('',*,*,#9418,.T.);
#6828=ORIENTED_EDGE('',*,*,#9875,.F.);
#6829=CARTESIAN_POINT('',(-0.03075315,7.77128968879145,9.69999999999972));
#6830=DIRECTION('',(0.0,0.0,1.0));
#6831=DIRECTION('',(1.0,0.0,0.0));
#6832=ORIENTED_EDGE('',*,*,#9876,.T.);
#6833=ORIENTED_EDGE('',*,*,#9875,.T.);
#6834=ORIENTED_EDGE('',*,*,#9417,.T.);
#6835=ORIENTED_EDGE('',*,*,#9867,.F.);
#6836=CARTESIAN_POINT('',(-0.03075315,7.65582103228452,9.68060487469107));
#6837=DIRECTION('',(-0.0,1.0,0.0));
#6838=DIRECTION('',(1.0,0.0,0.0));
#6839=ORIENTED_EDGE('',*,*,#9877,.T.);
#6840=ORIENTED_EDGE('',*,*,#9878,.T.);
#6841=ORIENTED_EDGE('',*,*,#9425,.T.);
#6842=ORIENTED_EDGE('',*,*,#9843,.F.);
#6843=CARTESIAN_POINT('',(-0.03075315,6.2113915915218,9.82499901220836));
#6844=DIRECTION('',(0.0,0.0003331633997672,-0.999999944501073));
#6845=DIRECTION('',(-1.0,0.0,0.0));
#6846=ORIENTED_EDGE('',*,*,#9879,.T.);
#6847=ORIENTED_EDGE('',*,*,#9880,.T.);
#6848=ORIENTED_EDGE('',*,*,#9434,.T.);
#6849=ORIENTED_EDGE('',*,*,#9848,.F.);
#6850=CARTESIAN_POINT('',(-0.0307531499999999,6.35508823684672,10.1646866357868));
#6851=DIRECTION('',(0.0,-0.289266012822272,0.957248752324027));
#6852=DIRECTION('',(-1.0,0.0,0.0));
#6853=ORIENTED_EDGE('',*,*,#9881,.T.);
#6854=ORIENTED_EDGE('',*,*,#9882,.T.);
#6855=ORIENTED_EDGE('',*,*,#9435,.T.);
#6856=ORIENTED_EDGE('',*,*,#9880,.F.);
#6857=CARTESIAN_POINT('',(-0.0307531500000002,6.46319137492888,10.213756892909));
#6858=DIRECTION('',(0.0,-0.406087589671365,0.913834158649643));
#6859=DIRECTION('',(-1.0,0.0,0.0));
#6860=ORIENTED_EDGE('',*,*,#9883,.T.);
#6861=ORIENTED_EDGE('',*,*,#9884,.T.);
#6862=ORIENTED_EDGE('',*,*,#9436,.T.);
#6863=ORIENTED_EDGE('',*,*,#9882,.F.);
#6864=CARTESIAN_POINT('',(-0.0307531500000002,6.50990261628082,10.2491914001727));
#6865=DIRECTION('',(0.0,-0.595216068021426,0.803565698850513));
#6866=DIRECTION('',(-1.0,0.0,0.0));
#6867=ORIENTED_EDGE('',*,*,#9885,.T.);
#6868=ORIENTED_EDGE('',*,*,#9886,.T.);
#6869=ORIENTED_EDGE('',*,*,#9437,.T.);
#6870=ORIENTED_EDGE('',*,*,#9884,.F.);
#6871=CARTESIAN_POINT('',(-0.0307531500000073,6.56270195811157,10.2884938581851));
#6872=DIRECTION('',(0.0,-0.597065515109582,0.802192477318835));
#6873=DIRECTION('',(-1.0,0.0,0.0));
#6874=ORIENTED_EDGE('',*,*,#9887,.T.);
#6875=ORIENTED_EDGE('',*,*,#9888,.T.);
#6876=ORIENTED_EDGE('',*,*,#9438,.T.);
#6877=ORIENTED_EDGE('',*,*,#9886,.F.);
#6878=CARTESIAN_POINT('',(-0.0307531500000073,6.59589643000236,10.3507489545877));
#6879=DIRECTION('',(0.0,-0.877772281301107,0.479078096117377));
#6880=DIRECTION('',(-1.0,0.0,0.0));
#6881=ORIENTED_EDGE('',*,*,#9889,.T.);
#6882=ORIENTED_EDGE('',*,*,#9890,.T.);
#6883=ORIENTED_EDGE('',*,*,#9439,.T.);
#6884=ORIENTED_EDGE('',*,*,#9888,.F.);
#6885=CARTESIAN_POINT('',(-0.03075315,6.60709603493894,10.4146269548325));
#6886=DIRECTION('',(0.0,-0.983476563278363,0.181035492327278));
#6887=DIRECTION('',(-1.0,0.0,0.0));
#6888=ORIENTED_EDGE('',*,*,#9891,.T.);
#6889=ORIENTED_EDGE('',*,*,#9820,.T.);
#6890=ORIENTED_EDGE('',*,*,#9788,.F.);
#6891=ORIENTED_EDGE('',*,*,#9133,.T.);
#6892=ORIENTED_EDGE('',*,*,#9892,.F.);
#6893=ORIENTED_EDGE('',*,*,#8709,.F.);
#6894=CARTESIAN_POINT('',(2.55125315,2.64499685000017,11.3300001772836));
#6895=DIRECTION('',(0.0,0.0,1.0));
#6896=DIRECTION('',(1.0,0.0,0.0));
#6897=ORIENTED_EDGE('',*,*,#9246,.F.);
#6898=ORIENTED_EDGE('',*,*,#8686,.T.);
#6899=ORIENTED_EDGE('',*,*,#9893,.T.);
#6900=ORIENTED_EDGE('',*,*,#8692,.F.);
#6901=CARTESIAN_POINT('',(1.5,2.54000315000017,15.00500315));
#6902=DIRECTION('',(1.0,0.0,0.0));
#6903=DIRECTION('',(0.0,1.0,0.0));
#6904=ORIENTED_EDGE('',*,*,#9599,.T.);
#6905=ORIENTED_EDGE('',*,*,#9894,.T.);
#6906=ORIENTED_EDGE('',*,*,#9357,.T.);
#6907=ORIENTED_EDGE('',*,*,#9895,.F.);
#6908=CARTESIAN_POINT('',(-0.03075315,2.36367559092855,10.3625467775271));
#6909=DIRECTION('',(0.0,0.0,-1.0));
#6910=DIRECTION('',(0.0,-1.0,0.0));
#6911=ORIENTED_EDGE('',*,*,#9896,.F.);
#6912=ORIENTED_EDGE('',*,*,#8835,.T.);
#6913=ORIENTED_EDGE('',*,*,#9139,.T.);
#6914=ORIENTED_EDGE('',*,*,#9142,.T.);
#6915=ORIENTED_EDGE('',*,*,#9129,.F.);
#6916=ORIENTED_EDGE('',*,*,#9643,.F.);
#6917=ORIENTED_EDGE('',*,*,#9897,.F.);
#6918=CARTESIAN_POINT('',(0.902167753425539,-0.268252727980019,2.19456886534377));
#6919=DIRECTION('',(0.0,0.499999999999843,-0.866025403784529));
#6920=DIRECTION('',(-1.0,0.0,0.0));
#6921=ORIENTED_EDGE('',*,*,#9597,.T.);
#6922=ORIENTED_EDGE('',*,*,#9898,.T.);
#6923=ORIENTED_EDGE('',*,*,#9359,.T.);
#6924=ORIENTED_EDGE('',*,*,#9899,.F.);
#6925=CARTESIAN_POINT('',(-0.0307531500000002,2.25139740005292,10.3246024778302));
#6926=DIRECTION('',(0.0,0.404057656411334,-0.914733518733943));
#6927=DIRECTION('',(-1.0,0.0,0.0));
#6928=ORIENTED_EDGE('',*,*,#8763,.T.);
#6929=ORIENTED_EDGE('',*,*,#9900,.T.);
#6930=CARTESIAN_POINT('',(1.71587185,10.5850000000009,4.53325315));
#6931=DIRECTION('',(-0.0,1.0,0.0));
#6932=DIRECTION('',(1.0,0.0,0.0));
#6933=ORIENTED_EDGE('',*,*,#9711,.T.);
#6934=ORIENTED_EDGE('',*,*,#9901,.F.);
#6935=ORIENTED_EDGE('',*,*,#9645,.F.);
#6936=ORIENTED_EDGE('',*,*,#9902,.F.);
#6937=CARTESIAN_POINT('',(1.075,2.80675315000024,6.38000315000176));
#6938=DIRECTION('',(1.0,0.0,0.0));
#6939=DIRECTION('',(0.0,1.0,0.0));
#6940=ORIENTED_EDGE('',*,*,#9598,.T.);
#6941=ORIENTED_EDGE('',*,*,#9899,.T.);
#6942=ORIENTED_EDGE('',*,*,#9358,.T.);
#6943=ORIENTED_EDGE('',*,*,#9894,.F.);
#6944=CARTESIAN_POINT('',(-0.0307531500000002,2.30773239911797,10.3497947490918));
#6945=DIRECTION('',(0.0,0.21692839059773,-0.976187519564084));
#6946=DIRECTION('',(-1.0,0.0,0.0));
#6947=ORIENTED_EDGE('',*,*,#9595,.T.);
#6948=ORIENTED_EDGE('',*,*,#9830,.T.);
#6949=ORIENTED_EDGE('',*,*,#9361,.T.);
#6950=ORIENTED_EDGE('',*,*,#9903,.F.);
#6951=CARTESIAN_POINT('',(-0.0307531500000073,2.15051020416174,10.1987567213927));
#6952=DIRECTION('',(0.0,0.828142625910887,-0.560517431619589));
#6953=DIRECTION('',(-1.0,0.0,0.0));
#6954=ORIENTED_EDGE('',*,*,#9605,.T.);
#6955=ORIENTED_EDGE('',*,*,#9904,.T.);
#6956=ORIENTED_EDGE('',*,*,#9350,.T.);
#6957=ORIENTED_EDGE('',*,*,#9905,.F.);
#6958=CARTESIAN_POINT('',(-0.03075315,2.59983968172974,10.7137553085977));
#6959=DIRECTION('',(0.0,-0.99253081643755,-0.12199417372076));
#6960=DIRECTION('',(0.0,0.12199417372076,-0.99253081643755));
#6961=ORIENTED_EDGE('',*,*,#9906,.T.);
#6962=ORIENTED_EDGE('',*,*,#9722,.T.);
#6963=ORIENTED_EDGE('',*,*,#9291,.F.);
#6964=ORIENTED_EDGE('',*,*,#9907,.F.);
#6965=CARTESIAN_POINT('',(-0.0307531500000002,4.2401715982037,9.82293910260537));
#6966=DIRECTION('',(0.0,0.875276515230988,0.48362280951698));
#6967=DIRECTION('',(1.0,0.0,-0.0));
#6968=ORIENTED_EDGE('',*,*,#9908,.T.);
#6969=ORIENTED_EDGE('',*,*,#9909,.T.);
#6970=ORIENTED_EDGE('',*,*,#9328,.F.);
#6971=ORIENTED_EDGE('',*,*,#9910,.F.);
#6972=CARTESIAN_POINT('',(-0.03075315,3.41571940899121,10.2724806549686));
#6973=DIRECTION('',(-0.0,0.854104993609789,0.520100624774497));
#6974=DIRECTION('',(1.0,0.0,0.0));
#6975=ORIENTED_EDGE('',*,*,#9911,.T.);
#6976=ORIENTED_EDGE('',*,*,#9912,.T.);
#6977=ORIENTED_EDGE('',*,*,#9329,.F.);
#6978=ORIENTED_EDGE('',*,*,#9909,.F.);
#6979=CARTESIAN_POINT('',(-0.03075315,3.43753191612015,10.2487261620236));
#6980=DIRECTION('',(-0.0,0.744854356051304,0.667227088982003));
#6981=DIRECTION('',(1.0,0.0,0.0));
#6982=ORIENTED_EDGE('',*,*,#9913,.T.);
#6983=ORIENTED_EDGE('',*,*,#9649,.T.);
#6984=ORIENTED_EDGE('',*,*,#9319,.F.);
#6985=ORIENTED_EDGE('',*,*,#9914,.F.);
#6986=CARTESIAN_POINT('',(-0.0307531500000002,3.6483994508039,10.7003071939437));
#6987=DIRECTION('',(-0.0,-0.212670812293172,-0.977123904936607));
#6988=DIRECTION('',(0.0,-0.977123904936607,0.212670812293172));
#6989=ORIENTED_EDGE('',*,*,#9915,.T.);
#6990=ORIENTED_EDGE('',*,*,#9817,.T.);
#6991=ORIENTED_EDGE('',*,*,#9314,.F.);
#6992=ORIENTED_EDGE('',*,*,#9256,.F.);
#6993=CARTESIAN_POINT('',(-0.03075315,3.87506833754527,10.4641168077247));
#6994=DIRECTION('',(0.0,-1.0,0.0));
#6995=DIRECTION('',(0.0,0.0,-1.0));
#6996=ORIENTED_EDGE('',*,*,#8764,.T.);
#6997=ORIENTED_EDGE('',*,*,#9743,.F.);
#6998=ORIENTED_EDGE('',*,*,#9178,.F.);
#6999=ORIENTED_EDGE('',*,*,#9106,.T.);
#7000=ORIENTED_EDGE('',*,*,#9916,.T.);
#7001=CARTESIAN_POINT('',(2.5,9.53174685000018,3.74499999999898));
#7002=DIRECTION('',(-0.0,-1.0,0.0));
#7003=DIRECTION('',(-0.034519478135008,0.0,-0.999404025221675));
#7004=ORIENTED_EDGE('',*,*,#9917,.F.);
#7005=ORIENTED_EDGE('',*,*,#8986,.T.);
#7006=ORIENTED_EDGE('',*,*,#8982,.F.);
#7007=ORIENTED_EDGE('',*,*,#8945,.T.);
#7008=ORIENTED_EDGE('',*,*,#9918,.T.);
#7009=ORIENTED_EDGE('',*,*,#9510,.T.);
#7010=ORIENTED_EDGE('',*,*,#9919,.T.);
#7011=ORIENTED_EDGE('',*,*,#9920,.F.);
#7012=CARTESIAN_POINT('',(-0.0625031499999966,0.690349765240698,14.2555715656362));
#7013=DIRECTION('',(-0.0,-0.500000000000007,-0.866025403784435));
#7014=DIRECTION('',(0.0,-0.866025403784435,0.500000000000007));
#7015=ORIENTED_EDGE('',*,*,#9601,.T.);
#7016=ORIENTED_EDGE('',*,*,#9921,.T.);
#7017=ORIENTED_EDGE('',*,*,#9355,.T.);
#7018=ORIENTED_EDGE('',*,*,#9545,.F.);
#7019=CARTESIAN_POINT('',(-0.0307531500000002,2.48802848412526,10.338882163284));
#7020=DIRECTION('',(-0.0,-0.564201338752901,-0.825637238349527));
#7021=DIRECTION('',(0.0,-0.825637238349527,0.564201338752901));
#7022=ORIENTED_EDGE('',*,*,#9922,.T.);
#7023=ORIENTED_EDGE('',*,*,#9923,.T.);
#7024=ORIENTED_EDGE('',*,*,#9924,.T.);
#7025=ORIENTED_EDGE('',*,*,#9925,.F.);
#7026=CARTESIAN_POINT('',(-0.03075315,4.38341161882983,10.536045077331));
#7027=DIRECTION('',(0.0,-0.858916181582315,0.512116190933324));
#7028=DIRECTION('',(-1.0,0.0,0.0));
#7029=ORIENTED_EDGE('',*,*,#9764,.T.);
#7030=ORIENTED_EDGE('',*,*,#9669,.T.);
#7031=ORIENTED_EDGE('',*,*,#9091,.F.);
#7032=ORIENTED_EDGE('',*,*,#9674,.F.);
#7033=CARTESIAN_POINT('',(1.47499685000001,2.29596757256621,0.399999999999989));
#7034=DIRECTION('',(-0.0,-2.34173981822405E-13,-1.0));
#7035=DIRECTION('',(0.0,-1.0,2.34173981822405E-13));
#7036=ORIENTED_EDGE('',*,*,#9926,.T.);
#7037=ORIENTED_EDGE('',*,*,#9684,.T.);
#7038=ORIENTED_EDGE('',*,*,#9310,.F.);
#7039=ORIENTED_EDGE('',*,*,#9727,.F.);
#7040=CARTESIAN_POINT('',(-0.0307531500000002,3.71961348011248,10.5363000417741));
#7041=DIRECTION('',(-0.0,0.587127476533258,0.80949448812187));
#7042=DIRECTION('',(1.0,0.0,0.0));
#7043=ORIENTED_EDGE('',*,*,#9559,.T.);
#7044=ORIENTED_EDGE('',*,*,#9786,.T.);
#7045=ORIENTED_EDGE('',*,*,#9185,.F.);
#7046=ORIENTED_EDGE('',*,*,#9694,.F.);
#7047=ORIENTED_EDGE('',*,*,#9927,.T.);
#7048=ORIENTED_EDGE('',*,*,#9928,.T.);
#7049=CARTESIAN_POINT('',(0.450000000000004,3.33125315000016,-0.0146383488665749));
#7050=DIRECTION('',(-1.0,0.0,0.0));
#7051=DIRECTION('',(0.0,0.0,1.0));
#7052=ORIENTED_EDGE('',*,*,#8760,.T.);
#7053=ORIENTED_EDGE('',*,*,#9900,.F.);
#7054=ORIENTED_EDGE('',*,*,#8762,.T.);
#7055=ORIENTED_EDGE('',*,*,#8758,.T.);
#7056=ORIENTED_EDGE('',*,*,#9929,.T.);
#7057=CARTESIAN_POINT('',(2.5,10.4499958823538,3.73));
#7058=DIRECTION('',(0.0,-1.0,0.0));
#7059=DIRECTION('',(0.0462173340929392,0.0,-0.998931408070315));
#7060=ORIENTED_EDGE('',*,*,#8755,.T.);
#7061=ORIENTED_EDGE('',*,*,#8761,.F.);
#7062=ORIENTED_EDGE('',*,*,#9929,.F.);
#7063=ORIENTED_EDGE('',*,*,#8757,.T.);
#7064=ORIENTED_EDGE('',*,*,#9930,.T.);
#7065=ORIENTED_EDGE('',*,*,#8754,.T.);
#7066=CARTESIAN_POINT('',(2.5,16.7383811764708,3.73));
#7067=DIRECTION('',(-0.0,1.0,-0.0));
#7068=DIRECTION('',(-0.0575640269595676,0.0,0.998341816614028));
#7069=ORIENTED_EDGE('',*,*,#8750,.T.);
#7070=ORIENTED_EDGE('',*,*,#9930,.F.);
#7071=ORIENTED_EDGE('',*,*,#8756,.F.);
#7072=ORIENTED_EDGE('',*,*,#8752,.T.);
#7073=ORIENTED_EDGE('',*,*,#9744,.T.);
#7074=CARTESIAN_POINT('',(2.5,16.6862468500002,3.73));
#7075=DIRECTION('',(0.0,-1.0,0.0));
#7076=DIRECTION('',(0.0462173340929389,0.0,-0.998931408070315));
#7077=ORIENTED_EDGE('',*,*,#9809,.T.);
#7078=ORIENTED_EDGE('',*,*,#9931,.F.);
#7079=ORIENTED_EDGE('',*,*,#9710,.F.);
#7080=ORIENTED_EDGE('',*,*,#9126,.F.);
#7081=ORIENTED_EDGE('',*,*,#9141,.T.);
#7082=CARTESIAN_POINT('',(0.928557993430265,1.33089421360032,6.23374714513077));
#7083=DIRECTION('',(0.0,0.906307787036633,0.422618261740735));
#7084=DIRECTION('',(1.0,0.0,-0.0));
#7085=ORIENTED_EDGE('',*,*,#9932,.T.);
#7086=ORIENTED_EDGE('',*,*,#9131,.F.);
#7087=ORIENTED_EDGE('',*,*,#9787,.F.);
#7088=ORIENTED_EDGE('',*,*,#9822,.T.);
#7089=CARTESIAN_POINT('',(2.55125315000001,2.64499685000017,1.19999999999891));
#7090=DIRECTION('',(0.0,0.0,1.0));
#7091=DIRECTION('',(1.0,0.0,0.0));
#7092=ORIENTED_EDGE('',*,*,#9933,.T.);
#7093=ORIENTED_EDGE('',*,*,#9934,.T.);
#7094=ORIENTED_EDGE('',*,*,#9935,.T.);
#7095=ORIENTED_EDGE('',*,*,#9923,.F.);
#7096=CARTESIAN_POINT('',(-0.03075315,4.41814321237865,10.563306348738));
#7097=DIRECTION('',(0.0,-0.623795848606978,0.781587320304456));
#7098=DIRECTION('',(-1.0,0.0,0.0));
#7099=ORIENTED_EDGE('',*,*,#9596,.T.);
#7100=ORIENTED_EDGE('',*,*,#9903,.T.);
#7101=ORIENTED_EDGE('',*,*,#9360,.T.);
#7102=ORIENTED_EDGE('',*,*,#9898,.F.);
#7103=CARTESIAN_POINT('',(-0.03075315,2.18324215408058,10.2477344800605));
#7104=DIRECTION('',(0.0,0.744133302041432,-0.668031158549446));
#7105=DIRECTION('',(-1.0,0.0,0.0));
#7106=ORIENTED_EDGE('',*,*,#9936,.T.);
#7107=ORIENTED_EDGE('',*,*,#9937,.T.);
#7108=ORIENTED_EDGE('',*,*,#9339,.T.);
#7109=ORIENTED_EDGE('',*,*,#9540,.F.);
#7110=CARTESIAN_POINT('',(-0.03075315,2.95378764533027,9.62420494010132));
#7111=DIRECTION('',(0.0,0.958870495566877,0.283843923189016));
#7112=DIRECTION('',(1.0,0.0,-0.0));
#7113=ORIENTED_EDGE('',*,*,#9938,.T.);
#7114=ORIENTED_EDGE('',*,*,#9834,.T.);
#7115=ORIENTED_EDGE('',*,*,#9297,.F.);
#7116=ORIENTED_EDGE('',*,*,#9240,.F.);
#7117=CARTESIAN_POINT('',(-0.0307531500000002,3.79365318016175,10.028418711411));
#7118=DIRECTION('',(0.0,-0.798676997784776,-0.601759963116106));
#7119=DIRECTION('',(0.0,0.601759963116106,-0.798676997784776));
#7120=ORIENTED_EDGE('',*,*,#9557,.T.);
#7121=ORIENTED_EDGE('',*,*,#9928,.F.);
#7122=ORIENTED_EDGE('',*,*,#9939,.T.);
#7123=ORIENTED_EDGE('',*,*,#8911,.T.);
#7124=CARTESIAN_POINT('',(0.398746850000005,3.25625314568319,0.571978296363446));
#7125=DIRECTION('',(-0.0,0.0523359562429602,0.998629534754573));
#7126=DIRECTION('',(1.0,0.0,0.0));
#7127=ORIENTED_EDGE('',*,*,#9707,.F.);
#7128=ORIENTED_EDGE('',*,*,#9555,.F.);
#7129=ORIENTED_EDGE('',*,*,#9799,.F.);
#7130=ORIENTED_EDGE('',*,*,#9940,.F.);
#7131=ORIENTED_EDGE('',*,*,#9704,.F.);
#7132=ORIENTED_EDGE('',*,*,#9718,.F.);
#7133=ORIENTED_EDGE('',*,*,#9696,.F.);
#7134=ORIENTED_EDGE('',*,*,#9569,.F.);
#7135=ORIENTED_EDGE('',*,*,#9941,.F.);
#7136=ORIENTED_EDGE('',*,*,#9924,.F.);
#7137=ORIENTED_EDGE('',*,*,#9935,.F.);
#7138=ORIENTED_EDGE('',*,*,#9942,.F.);
#7139=CARTESIAN_POINT('',(-0.03,4.76607398655465,10.2929867400812));
#7140=DIRECTION('',(-1.0,0.0,0.0));
#7141=DIRECTION('',(0.0,0.0,1.0));
#7142=ORIENTED_EDGE('',*,*,#9901,.T.);
#7143=ORIENTED_EDGE('',*,*,#9931,.T.);
#7144=ORIENTED_EDGE('',*,*,#9811,.T.);
#7145=ORIENTED_EDGE('',*,*,#9943,.T.);
#7146=ORIENTED_EDGE('',*,*,#9897,.T.);
#7147=CARTESIAN_POINT('',(1.07834671592047,1.33825313801268,9.11833679779639));
#7148=DIRECTION('',(0.996194698091746,-0.0871557427476582,1.23724029687869E-15));
#7149=DIRECTION('',(0.0,-1.41957403823735E-14,-1.0));
#7150=ORIENTED_EDGE('',*,*,#9944,.T.);
#7151=ORIENTED_EDGE('',*,*,#9708,.T.);
#7152=ORIENTED_EDGE('',*,*,#9942,.T.);
#7153=ORIENTED_EDGE('',*,*,#9934,.F.);
#7154=CARTESIAN_POINT('',(-0.03075315,4.46593992761683,10.5753103403763));
#7155=DIRECTION('',(0.0,-0.252394238823615,0.967624487189451));
#7156=DIRECTION('',(-1.0,0.0,0.0));
#7157=ORIENTED_EDGE('',*,*,#9945,.T.);
#7158=ORIENTED_EDGE('',*,*,#9907,.T.);
#7159=ORIENTED_EDGE('',*,*,#9290,.F.);
#7160=ORIENTED_EDGE('',*,*,#9778,.F.);
#7161=CARTESIAN_POINT('',(-0.0307531500000002,4.2048416715186,9.88571231110914));
#7162=DIRECTION('',(0.0,0.969016582066965,0.246995675426226));
#7163=DIRECTION('',(1.0,0.0,-0.0));
#7164=ORIENTED_EDGE('',*,*,#9946,.F.);
#7165=ORIENTED_EDGE('',*,*,#8987,.F.);
#7166=ORIENTED_EDGE('',*,*,#9917,.T.);
#7167=ORIENTED_EDGE('',*,*,#9947,.T.);
#7168=CARTESIAN_POINT('',(0.398746850000005,0.892432378998091,14.2642457988749));
#7169=DIRECTION('',(0.0,-0.984807753012208,0.173648177666932));
#7170=DIRECTION('',(-1.0,0.0,0.0));
#7171=ORIENTED_EDGE('',*,*,#9948,.T.);
#7172=ORIENTED_EDGE('',*,*,#9925,.T.);
#7173=ORIENTED_EDGE('',*,*,#9941,.T.);
#7174=ORIENTED_EDGE('',*,*,#9568,.F.);
#7175=CARTESIAN_POINT('',(-0.03075315,4.36237032941193,10.5012326757077));
#7176=DIRECTION('',(0.0,-0.959180193426578,0.282795609121062));
#7177=DIRECTION('',(-1.0,0.0,0.0));
#7178=ORIENTED_EDGE('',*,*,#8746,.T.);
#7179=ORIENTED_EDGE('',*,*,#9949,.F.);
#7180=ORIENTED_EDGE('',*,*,#9950,.F.);
#7181=ORIENTED_EDGE('',*,*,#8989,.T.);
#7182=CARTESIAN_POINT('',(2.55126575,-0.0300000000001399,9.40000000000009));
#7183=DIRECTION('',(1.0,0.0,0.0));
#7184=DIRECTION('',(0.0,-0.999979878080836,0.00634377123144014));
#7185=ORIENTED_EDGE('',*,*,#9951,.T.);
#7186=ORIENTED_EDGE('',*,*,#9730,.T.);
#7187=ORIENTED_EDGE('',*,*,#9342,.T.);
#7188=ORIENTED_EDGE('',*,*,#9952,.F.);
#7189=CARTESIAN_POINT('',(-0.03075315,3.01054688495126,9.53711840383876));
#7190=DIRECTION('',(-0.0,0.73373425269422,0.679436565415237));
#7191=DIRECTION('',(1.0,0.0,0.0));
#7192=ORIENTED_EDGE('',*,*,#9600,.T.);
#7193=ORIENTED_EDGE('',*,*,#9895,.T.);
#7194=ORIENTED_EDGE('',*,*,#9356,.T.);
#7195=ORIENTED_EDGE('',*,*,#9921,.F.);
#7196=CARTESIAN_POINT('',(-0.0307531500000002,2.42097905551195,10.3631634444971));
#7197=DIRECTION('',(-0.0,-0.34595377818762,-0.938251556544252));
#7198=DIRECTION('',(0.0,-0.938251556544252,0.34595377818762));
#7199=ORIENTED_EDGE('',*,*,#9916,.F.);
#7200=ORIENTED_EDGE('',*,*,#9953,.F.);
#7201=ORIENTED_EDGE('',*,*,#8765,.F.);
#7202=CARTESIAN_POINT('',(2.53694905640384,9.74000000000018,1.22500315000016));
#7203=DIRECTION('',(0.0,-1.0,0.0));
#7204=DIRECTION('',(0.0,0.0,-1.0));
#7205=ORIENTED_EDGE('',*,*,#9946,.T.);
#7206=ORIENTED_EDGE('',*,*,#9954,.T.);
#7207=ORIENTED_EDGE('',*,*,#8748,.F.);
#7208=ORIENTED_EDGE('',*,*,#8988,.F.);
#7209=CARTESIAN_POINT('',(0.398746850000003,0.0725031500003026,9.59999999999976));
#7210=DIRECTION('',(-0.0,1.15033350454882E-12,1.0));
#7211=DIRECTION('',(0.0,-1.0,1.15033350454882E-12));
#7212=ORIENTED_EDGE('',*,*,#9590,.T.);
#7213=ORIENTED_EDGE('',*,*,#9667,.T.);
#7214=ORIENTED_EDGE('',*,*,#9366,.T.);
#7215=ORIENTED_EDGE('',*,*,#9955,.F.);
#7216=CARTESIAN_POINT('',(-0.03075315,2.15190849153618,9.8485570328937));
#7217=DIRECTION('',(0.0,0.914255581146268,0.405137917681003));
#7218=DIRECTION('',(1.0,0.0,-0.0));
#7219=ORIENTED_EDGE('',*,*,#9738,.F.);
#7220=ORIENTED_EDGE('',*,*,#9111,.T.);
#7221=ORIENTED_EDGE('',*,*,#8847,.F.);
#7222=ORIENTED_EDGE('',*,*,#9103,.F.);
#7223=ORIENTED_EDGE('',*,*,#8960,.F.);
#7224=ORIENTED_EDGE('',*,*,#9004,.T.);
#7225=ORIENTED_EDGE('',*,*,#9807,.F.);
#7226=ORIENTED_EDGE('',*,*,#9758,.F.);
#7227=ORIENTED_EDGE('',*,*,#9761,.F.);
#7228=ORIENTED_EDGE('',*,*,#8793,.F.);
#7229=CARTESIAN_POINT('',(0.485871849999996,8.91000315000018,12.099999999999));
#7230=DIRECTION('',(0.0,0.0,-1.0));
#7231=DIRECTION('',(0.0,-1.0,0.0));
#7232=ORIENTED_EDGE('',*,*,#9641,.T.);
#7233=ORIENTED_EDGE('',*,*,#9003,.F.);
#7234=ORIENTED_EDGE('',*,*,#8958,.F.);
#7235=ORIENTED_EDGE('',*,*,#9102,.T.);
#7236=ORIENTED_EDGE('',*,*,#8849,.T.);
#7237=ORIENTED_EDGE('',*,*,#9110,.F.);
#7238=ORIENTED_EDGE('',*,*,#9737,.T.);
#7239=ORIENTED_EDGE('',*,*,#8795,.T.);
#7240=ORIENTED_EDGE('',*,*,#9760,.F.);
#7241=ORIENTED_EDGE('',*,*,#9756,.F.);
#7242=CARTESIAN_POINT('',(2.54912815,8.9100031500002,13.9000000000001));
#7243=DIRECTION('',(-0.0,-0.0,-1.0));
#7244=DIRECTION('',(0.0,-1.0,0.0));
#7245=ORIENTED_EDGE('',*,*,#9956,.T.);
#7246=ORIENTED_EDGE('',*,*,#9716,.T.);
#7247=ORIENTED_EDGE('',*,*,#9422,.T.);
#7248=ORIENTED_EDGE('',*,*,#9957,.F.);
#7249=CARTESIAN_POINT('',(-0.0307531500000002,6.38262448391824,9.85020898738719));
#7250=DIRECTION('',(0.0,0.490768130967853,-0.871290216647886));
#7251=DIRECTION('',(-1.0,0.0,0.0));
#7252=ORIENTED_EDGE('',*,*,#9958,.T.);
#7253=ORIENTED_EDGE('',*,*,#9861,.T.);
#7254=ORIENTED_EDGE('',*,*,#9426,.T.);
#7255=ORIENTED_EDGE('',*,*,#9878,.F.);
#7256=CARTESIAN_POINT('',(-0.03075315,6.12048057238511,9.83774785244246));
#7257=DIRECTION('',(-0.0,-0.136790673415692,-0.990599975603917));
#7258=DIRECTION('',(0.0,-0.990599975603917,0.136790673415692));
#7259=ORIENTED_EDGE('',*,*,#9959,.T.);
#7260=ORIENTED_EDGE('',*,*,#9868,.T.);
#7261=ORIENTED_EDGE('',*,*,#9415,.T.);
#7262=ORIENTED_EDGE('',*,*,#9845,.F.);
#7263=CARTESIAN_POINT('',(-0.03075315,7.39063495631818,9.69999999999972));
#7264=DIRECTION('',(0.0,0.0,1.0));
#7265=DIRECTION('',(1.0,0.0,0.0));
#7266=ORIENTED_EDGE('',*,*,#9960,.T.);
#7267=ORIENTED_EDGE('',*,*,#9863,.T.);
#7268=ORIENTED_EDGE('',*,*,#9412,.T.);
#7269=ORIENTED_EDGE('',*,*,#9961,.F.);
#7270=CARTESIAN_POINT('',(-0.03075315,7.00698574945576,9.69999999999972));
#7271=DIRECTION('',(0.0,0.0,1.0));
#7272=DIRECTION('',(1.0,0.0,0.0));
#7273=ORIENTED_EDGE('',*,*,#9962,.T.);
#7274=ORIENTED_EDGE('',*,*,#9961,.T.);
#7275=ORIENTED_EDGE('',*,*,#9411,.T.);
#7276=ORIENTED_EDGE('',*,*,#9963,.F.);
#7277=CARTESIAN_POINT('',(-0.03075315,6.89151709294883,9.67499684999972));
#7278=DIRECTION('',(-0.0,1.0,0.0));
#7279=DIRECTION('',(1.0,0.0,0.0));
#7280=ORIENTED_EDGE('',*,*,#9964,.T.);
#7281=ORIENTED_EDGE('',*,*,#9963,.T.);
#7282=ORIENTED_EDGE('',*,*,#9410,.T.);
#7283=ORIENTED_EDGE('',*,*,#9965,.F.);
#7284=CARTESIAN_POINT('',(-0.03075315,6.88759376111247,10.6999999999997));
#7285=DIRECTION('',(0.0,0.0,-1.0));
#7286=DIRECTION('',(0.0,-1.0,0.0));
#7287=ORIENTED_EDGE('',*,*,#9966,.T.);
#7288=ORIENTED_EDGE('',*,*,#9965,.T.);
#7289=ORIENTED_EDGE('',*,*,#9409,.T.);
#7290=ORIENTED_EDGE('',*,*,#9967,.F.);
#7291=CARTESIAN_POINT('',(-0.0307531500000002,7.04128158697027,10.7200036301068));
#7292=DIRECTION('',(0.0,-0.943246451505205,-0.332093558689172));
#7293=DIRECTION('',(0.0,0.332093558689172,-0.943246451505205));
#7294=ORIENTED_EDGE('',*,*,#9968,.T.);
#7295=ORIENTED_EDGE('',*,*,#9967,.T.);
#7296=ORIENTED_EDGE('',*,*,#9408,.T.);
#7297=ORIENTED_EDGE('',*,*,#9870,.F.);
#7298=CARTESIAN_POINT('',(-0.0307531500000002,7.32295092050407,9.87997001466224));
#7299=DIRECTION('',(0.0,0.9432464515052,-0.332093558689188));
#7300=DIRECTION('',(-1.0,0.0,0.0));
#7301=ORIENTED_EDGE('',*,*,#9969,.T.);
#7302=ORIENTED_EDGE('',*,*,#9957,.T.);
#7303=ORIENTED_EDGE('',*,*,#9421,.T.);
#7304=ORIENTED_EDGE('',*,*,#9223,.F.);
#7305=CARTESIAN_POINT('',(-0.03075315,6.42545551435321,9.87371615384322));
#7306=DIRECTION('',(0.0,0.74337990349243,-0.668869433509699));
#7307=DIRECTION('',(-1.0,0.0,0.0));
#7308=ORIENTED_EDGE('',*,*,#9970,.T.);
#7309=ORIENTED_EDGE('',*,*,#9865,.T.);
#7310=ORIENTED_EDGE('',*,*,#9486,.T.);
#7311=ORIENTED_EDGE('',*,*,#9227,.F.);
#7312=CARTESIAN_POINT('',(-0.03075315,6.50244681809654,10.0749303663334));
#7313=DIRECTION('',(0.0,0.0,-1.0));
#7314=DIRECTION('',(0.0,-1.0,0.0));
#7315=ORIENTED_EDGE('',*,*,#9971,.T.);
#7316=ORIENTED_EDGE('',*,*,#9496,.T.);
#7317=ORIENTED_EDGE('',*,*,#9321,.F.);
#7318=ORIENTED_EDGE('',*,*,#9648,.F.);
#7319=CARTESIAN_POINT('',(-0.0307531500000002,3.52482934348455,10.6872192918236));
#7320=DIRECTION('',(0.0,0.218042452023507,-0.975939285568307));
#7321=DIRECTION('',(-1.0,0.0,0.0));
#7322=ORIENTED_EDGE('',*,*,#9972,.T.);
#7323=ORIENTED_EDGE('',*,*,#9680,.T.);
#7324=ORIENTED_EDGE('',*,*,#9804,.T.);
#7325=ORIENTED_EDGE('',*,*,#9973,.F.);
#7326=CARTESIAN_POINT('',(-0.03075315,4.46417382181513,10.1875733413732));
#7327=DIRECTION('',(0.0,-0.207913281038206,0.978147262720664));
#7328=DIRECTION('',(-1.0,0.0,0.0));
#7329=ORIENTED_EDGE('',*,*,#9612,.T.);
#7330=ORIENTED_EDGE('',*,*,#9819,.T.);
#7331=ORIENTED_EDGE('',*,*,#9392,.T.);
#7332=ORIENTED_EDGE('',*,*,#9974,.F.);
#7333=CARTESIAN_POINT('',(-0.0307531500000002,2.3095551518677,10.2254849998898));
#7334=DIRECTION('',(0.0,-0.642621035256651,0.76618418480524));
#7335=DIRECTION('',(-1.0,0.0,0.0));
#7336=ORIENTED_EDGE('',*,*,#9614,.T.);
#7337=ORIENTED_EDGE('',*,*,#9975,.T.);
#7338=ORIENTED_EDGE('',*,*,#9390,.T.);
#7339=ORIENTED_EDGE('',*,*,#9976,.F.);
#7340=CARTESIAN_POINT('',(-0.03075315,2.24200929918315,10.1512697541375));
#7341=DIRECTION('',(0.0,-0.938530373166681,0.345196666617178));
#7342=DIRECTION('',(-1.0,0.0,0.0));
#7343=ORIENTED_EDGE('',*,*,#9615,.T.);
#7344=ORIENTED_EDGE('',*,*,#9976,.T.);
#7345=ORIENTED_EDGE('',*,*,#9389,.T.);
#7346=ORIENTED_EDGE('',*,*,#9685,.F.);
#7347=CARTESIAN_POINT('',(-0.03075315,2.2187024433841,10.0904223471007));
#7348=DIRECTION('',(0.0,-1.0,0.0));
#7349=DIRECTION('',(0.0,0.0,-1.0));
#7350=ORIENTED_EDGE('',*,*,#9977,.F.);
#7351=ORIENTED_EDGE('',*,*,#9200,.F.);
#7352=ORIENTED_EDGE('',*,*,#9978,.F.);
#7353=ORIENTED_EDGE('',*,*,#9579,.F.);
#7354=ORIENTED_EDGE('',*,*,#9550,.F.);
#7355=ORIENTED_EDGE('',*,*,#9657,.F.);
#7356=ORIENTED_EDGE('',*,*,#9633,.F.);
#7357=ORIENTED_EDGE('',*,*,#9191,.F.);
#7358=ORIENTED_EDGE('',*,*,#9195,.F.);
#7359=ORIENTED_EDGE('',*,*,#9187,.F.);
#7360=ORIENTED_EDGE('',*,*,#9783,.F.);
#7361=ORIENTED_EDGE('',*,*,#9690,.F.);
#7362=ORIENTED_EDGE('',*,*,#9547,.F.);
#7363=ORIENTED_EDGE('',*,*,#9979,.F.);
#7364=ORIENTED_EDGE('',*,*,#9790,.F.);
#7365=ORIENTED_EDGE('',*,*,#9720,.F.);
#7366=ORIENTED_EDGE('',*,*,#9906,.F.);
#7367=ORIENTED_EDGE('',*,*,#9945,.F.);
#7368=ORIENTED_EDGE('',*,*,#9777,.F.);
#7369=ORIENTED_EDGE('',*,*,#9751,.F.);
#7370=ORIENTED_EDGE('',*,*,#9980,.F.);
#7371=ORIENTED_EDGE('',*,*,#9706,.F.);
#7372=ORIENTED_EDGE('',*,*,#9944,.F.);
#7373=ORIENTED_EDGE('',*,*,#9933,.F.);
#7374=ORIENTED_EDGE('',*,*,#9922,.F.);
#7375=ORIENTED_EDGE('',*,*,#9948,.F.);
#7376=ORIENTED_EDGE('',*,*,#9567,.F.);
#7377=ORIENTED_EDGE('',*,*,#9695,.F.);
#7378=ORIENTED_EDGE('',*,*,#9717,.F.);
#7379=ORIENTED_EDGE('',*,*,#9702,.F.);
#7380=ORIENTED_EDGE('',*,*,#9981,.F.);
#7381=ORIENTED_EDGE('',*,*,#9797,.F.);
#7382=ORIENTED_EDGE('',*,*,#9553,.F.);
#7383=ORIENTED_EDGE('',*,*,#9560,.F.);
#7384=ORIENTED_EDGE('',*,*,#9982,.F.);
#7385=ORIENTED_EDGE('',*,*,#9571,.F.);
#7386=ORIENTED_EDGE('',*,*,#9638,.F.);
#7387=ORIENTED_EDGE('',*,*,#9627,.F.);
#7388=ORIENTED_EDGE('',*,*,#9825,.F.);
#7389=ORIENTED_EDGE('',*,*,#9497,.F.);
#7390=ORIENTED_EDGE('',*,*,#9678,.F.);
#7391=ORIENTED_EDGE('',*,*,#9972,.F.);
#7392=ORIENTED_EDGE('',*,*,#9983,.F.);
#7393=ORIENTED_EDGE('',*,*,#9653,.F.);
#7394=ORIENTED_EDGE('',*,*,#9984,.F.);
#7395=CARTESIAN_POINT('',(1.13797860024079E-15,4.89716002156884,9.67499684999972));
#7396=DIRECTION('',(-1.0,0.0,0.0));
#7397=DIRECTION('',(0.0,0.0,1.0));
#7398=ORIENTED_EDGE('',*,*,#9985,.T.);
#7399=ORIENTED_EDGE('',*,*,#9986,.T.);
#7400=ORIENTED_EDGE('',*,*,#9474,.T.);
#7401=ORIENTED_EDGE('',*,*,#9987,.F.);
#7402=CARTESIAN_POINT('',(-0.0307531500000002,5.86374914343634,9.99855813234893));
#7403=DIRECTION('',(0.0,0.984380436011325,-0.176054415446343));
#7404=DIRECTION('',(-1.0,0.0,0.0));
#7405=ORIENTED_EDGE('',*,*,#9988,.T.);
#7406=ORIENTED_EDGE('',*,*,#9989,.T.);
#7407=ORIENTED_EDGE('',*,*,#9468,.T.);
#7408=ORIENTED_EDGE('',*,*,#9990,.F.);
#7409=CARTESIAN_POINT('',(-0.0307531500000002,6.38626186793186,10.284255956202));
#7410=DIRECTION('',(0.0,0.529000728381922,-0.848621369853126));
#7411=DIRECTION('',(-1.0,0.0,0.0));
#7412=ORIENTED_EDGE('',*,*,#9991,.T.);
#7413=ORIENTED_EDGE('',*,*,#9992,.T.);
#7414=ORIENTED_EDGE('',*,*,#9463,.T.);
#7415=ORIENTED_EDGE('',*,*,#9993,.F.);
#7416=CARTESIAN_POINT('',(-0.0307531500000073,6.43831176609065,10.5122817366934));
#7417=DIRECTION('',(-0.0,0.593371186295864,0.804928962874264));
#7418=DIRECTION('',(1.0,0.0,0.0));
#7419=ORIENTED_EDGE('',*,*,#9994,.T.);
#7420=ORIENTED_EDGE('',*,*,#9993,.T.);
#7421=ORIENTED_EDGE('',*,*,#9462,.T.);
#7422=ORIENTED_EDGE('',*,*,#9995,.F.);
#7423=CARTESIAN_POINT('',(-0.03075315,6.40604571740277,10.5366818910743));
#7424=DIRECTION('',(-0.0,0.351601964500223,0.93614959197747));
#7425=DIRECTION('',(1.0,0.0,0.0));
#7426=ORIENTED_EDGE('',*,*,#9996,.T.);
#7427=ORIENTED_EDGE('',*,*,#9995,.T.);
#7428=ORIENTED_EDGE('',*,*,#9461,.T.);
#7429=ORIENTED_EDGE('',*,*,#9997,.F.);
#7430=CARTESIAN_POINT('',(-0.03075315,6.33816761812342,10.5625022500461));
#7431=DIRECTION('',(-0.0,0.17874692451679,0.983895084333583));
#7432=DIRECTION('',(1.0,0.0,0.0));
#7433=ORIENTED_EDGE('',*,*,#9998,.T.);
#7434=ORIENTED_EDGE('',*,*,#9997,.T.);
#7435=ORIENTED_EDGE('',*,*,#9460,.T.);
#7436=ORIENTED_EDGE('',*,*,#9999,.F.);
#7437=CARTESIAN_POINT('',(-0.03075315,6.2706836896948,10.5750211087561));
#7438=DIRECTION('',(0.0,0.0,1.0));
#7439=DIRECTION('',(1.0,0.0,0.0));
#7440=ORIENTED_EDGE('',*,*,#10000,.T.);
#7441=ORIENTED_EDGE('',*,*,#9999,.T.);
#7442=ORIENTED_EDGE('',*,*,#9459,.T.);
#7443=ORIENTED_EDGE('',*,*,#10001,.F.);
#7444=CARTESIAN_POINT('',(-0.03075315,6.21406400105276,10.5753314316056));
#7445=DIRECTION('',(0.0,-0.182087499663226,0.983282331004882));
#7446=DIRECTION('',(-1.0,0.0,0.0));
#7447=ORIENTED_EDGE('',*,*,#10002,.T.);
#7448=ORIENTED_EDGE('',*,*,#10001,.T.);
#7449=ORIENTED_EDGE('',*,*,#9458,.T.);
#7450=ORIENTED_EDGE('',*,*,#10003,.F.);
#7451=CARTESIAN_POINT('',(-0.0307531500000002,6.14717725467643,10.5632650143848));
#7452=DIRECTION('',(0.0,-0.350180911767712,0.93668208535956));
#7453=DIRECTION('',(-1.0,0.0,0.0));
#7454=ORIENTED_EDGE('',*,*,#10004,.T.);
#7455=ORIENTED_EDGE('',*,*,#10003,.T.);
#7456=ORIENTED_EDGE('',*,*,#9457,.T.);
#7457=ORIENTED_EDGE('',*,*,#10005,.F.);
#7458=CARTESIAN_POINT('',(-0.0307531500000002,6.07918562821155,10.5385674553134));
#7459=DIRECTION('',(0.0,-0.663372247930522,0.74828955670623));
#7460=DIRECTION('',(-1.0,0.0,0.0));
#7461=ORIENTED_EDGE('',*,*,#10006,.T.);
#7462=ORIENTED_EDGE('',*,*,#10005,.T.);
#7463=ORIENTED_EDGE('',*,*,#9456,.T.);
#7464=ORIENTED_EDGE('',*,*,#10007,.F.);
#7465=CARTESIAN_POINT('',(-0.0307531500000002,6.02215965954242,10.489079269043));
#7466=DIRECTION('',(0.0,-0.940947410102012,0.338552760175304));
#7467=DIRECTION('',(-1.0,0.0,0.0));
#7468=ORIENTED_EDGE('',*,*,#10008,.T.);
#7469=ORIENTED_EDGE('',*,*,#10007,.T.);
#7470=ORIENTED_EDGE('',*,*,#9455,.T.);
#7471=ORIENTED_EDGE('',*,*,#10009,.F.);
#7472=CARTESIAN_POINT('',(-0.0307531500000002,6.00192702075226,10.4250057163542));
#7473=DIRECTION('',(0.0,-0.00222484074158819,0.999997525038775));
#7474=DIRECTION('',(-1.0,0.0,0.0));
#7475=ORIENTED_EDGE('',*,*,#10010,.T.);
#7476=ORIENTED_EDGE('',*,*,#10009,.T.);
#7477=ORIENTED_EDGE('',*,*,#9454,.T.);
#7478=ORIENTED_EDGE('',*,*,#10011,.F.);
#7479=CARTESIAN_POINT('',(-0.03075315,5.88572834531827,10.4225683186389));
#7480=DIRECTION('',(0.0,0.967447294008511,-0.253072585073156));
#7481=DIRECTION('',(-1.0,0.0,0.0));
#7482=ORIENTED_EDGE('',*,*,#10012,.T.);
#7483=ORIENTED_EDGE('',*,*,#10011,.T.);
#7484=ORIENTED_EDGE('',*,*,#9453,.T.);
#7485=ORIENTED_EDGE('',*,*,#10013,.F.);
#7486=CARTESIAN_POINT('',(-0.0307531500000073,5.90822895920714,10.5102364802375));
#7487=DIRECTION('',(0.0,0.882656223454783,-0.470019139181099));
#7488=DIRECTION('',(-1.0,0.0,0.0));
#7489=ORIENTED_EDGE('',*,*,#10014,.T.);
#7490=ORIENTED_EDGE('',*,*,#10013,.T.);
#7491=ORIENTED_EDGE('',*,*,#9452,.T.);
#7492=ORIENTED_EDGE('',*,*,#10015,.F.);
#7493=CARTESIAN_POINT('',(-0.0307531500000075,5.94133091626565,10.5740056520507));
#7494=DIRECTION('',(0.0,0.677485908513203,-0.735535752880878));
#7495=DIRECTION('',(-1.0,0.0,0.0));
#7496=ORIENTED_EDGE('',*,*,#10016,.T.);
#7497=ORIENTED_EDGE('',*,*,#10015,.T.);
#7498=ORIENTED_EDGE('',*,*,#9451,.T.);
#7499=ORIENTED_EDGE('',*,*,#10017,.F.);
#7500=CARTESIAN_POINT('',(-0.0307531500000002,6.00865529315039,10.6366916979827));
#7501=DIRECTION('',(0.0,0.407199400126485,-0.913339284459303));
#7502=DIRECTION('',(-1.0,0.0,0.0));
#7503=ORIENTED_EDGE('',*,*,#10018,.T.);
#7504=ORIENTED_EDGE('',*,*,#10017,.T.);
#7505=ORIENTED_EDGE('',*,*,#9450,.T.);
#7506=ORIENTED_EDGE('',*,*,#10019,.F.);
#7507=CARTESIAN_POINT('',(-0.0307531500000002,6.06480010262296,10.6619836228092));
#7508=DIRECTION('',(0.0,0.299584163383935,-0.954069876397713));
#7509=DIRECTION('',(-1.0,0.0,0.0));
#7510=ORIENTED_EDGE('',*,*,#10020,.T.);
#7511=ORIENTED_EDGE('',*,*,#10019,.T.);
#7512=ORIENTED_EDGE('',*,*,#9449,.T.);
#7513=ORIENTED_EDGE('',*,*,#10021,.F.);
#7514=CARTESIAN_POINT('',(-0.03075315,6.14403860838156,10.6870755833047));
#7515=DIRECTION('',(0.0,0.185139622490963,-0.982712226536286));
#7516=DIRECTION('',(-1.0,0.0,0.0));
#7517=ORIENTED_EDGE('',*,*,#10022,.T.);
#7518=ORIENTED_EDGE('',*,*,#10021,.T.);
#7519=ORIENTED_EDGE('',*,*,#9448,.T.);
#7520=ORIENTED_EDGE('',*,*,#10023,.F.);
#7521=CARTESIAN_POINT('',(-0.03075315,6.21093875239523,10.6999999999997));
#7522=DIRECTION('',(0.0,0.0,-1.0));
#7523=DIRECTION('',(0.0,-1.0,0.0));
#7524=ORIENTED_EDGE('',*,*,#10024,.T.);
#7525=ORIENTED_EDGE('',*,*,#10023,.T.);
#7526=ORIENTED_EDGE('',*,*,#9447,.T.);
#7527=ORIENTED_EDGE('',*,*,#10025,.F.);
#7528=CARTESIAN_POINT('',(-0.03075315,6.27895437215092,10.7003071965774));
#7529=DIRECTION('',(-0.0,-0.183897433382632,-0.982945437954356));
#7530=DIRECTION('',(0.0,-0.982945437954356,0.183897433382632));
#7531=ORIENTED_EDGE('',*,*,#10026,.T.);
#7532=ORIENTED_EDGE('',*,*,#10025,.T.);
#7533=ORIENTED_EDGE('',*,*,#9446,.T.);
#7534=ORIENTED_EDGE('',*,*,#10027,.F.);
#7535=CARTESIAN_POINT('',(-0.03075315,6.34441976352327,10.6883621741074));
#7536=DIRECTION('',(-0.0,-0.340277348125492,-0.940325117367755));
#7537=DIRECTION('',(0.0,-0.940325117367755,0.340277348125492));
#7538=ORIENTED_EDGE('',*,*,#10028,.T.);
#7539=ORIENTED_EDGE('',*,*,#10027,.T.);
#7540=ORIENTED_EDGE('',*,*,#9445,.T.);
#7541=ORIENTED_EDGE('',*,*,#10029,.F.);
#7542=CARTESIAN_POINT('',(-0.03075315,6.41418792069768,10.6633396835616));
#7543=DIRECTION('',(-0.0,-0.488227931548165,-0.872716154804184));
#7544=DIRECTION('',(0.0,-0.872716154804184,0.488227931548165));
#7545=ORIENTED_EDGE('',*,*,#10030,.T.);
#7546=ORIENTED_EDGE('',*,*,#10029,.T.);
#7547=ORIENTED_EDGE('',*,*,#9444,.T.);
#7548=ORIENTED_EDGE('',*,*,#10031,.F.);
#7549=CARTESIAN_POINT('',(-0.03075315,6.45902388193808,10.6388726125037));
#7550=DIRECTION('',(-0.0,-0.679750873918609,-0.733443078504997));
#7551=DIRECTION('',(0.0,-0.733443078504997,0.679750873918609));
#7552=ORIENTED_EDGE('',*,*,#10032,.T.);
#7553=ORIENTED_EDGE('',*,*,#10031,.T.);
#7554=ORIENTED_EDGE('',*,*,#9443,.T.);
#7555=ORIENTED_EDGE('',*,*,#10033,.F.);
#7556=CARTESIAN_POINT('',(-0.03075315,6.52653901887034,10.5768144562759));
#7557=DIRECTION('',(0.0,-0.81158177365459,-0.584238842145633));
#7558=DIRECTION('',(0.0,0.584238842145633,-0.81158177365459));
#7559=ORIENTED_EDGE('',*,*,#10034,.T.);
#7560=ORIENTED_EDGE('',*,*,#10033,.T.);
#7561=ORIENTED_EDGE('',*,*,#9442,.T.);
#7562=ORIENTED_EDGE('',*,*,#10035,.F.);
#7563=CARTESIAN_POINT('',(-0.03075315,6.57151927684288,10.5144751026479));
#7564=DIRECTION('',(0.0,-0.853938483815189,-0.520373967315253));
#7565=DIRECTION('',(0.0,0.520373967315253,-0.853938483815189));
#7566=ORIENTED_EDGE('',*,*,#10036,.T.);
#7567=ORIENTED_EDGE('',*,*,#10035,.T.);
#7568=ORIENTED_EDGE('',*,*,#9441,.T.);
#7569=ORIENTED_EDGE('',*,*,#10037,.F.);
#7570=CARTESIAN_POINT('',(-0.03075315,6.5945993648274,10.4770669174835));
#7571=DIRECTION('',(0.0,-0.956989703131243,-0.290121884904905));
#7572=DIRECTION('',(0.0,0.290121884904905,-0.956989703131243));
#7573=ORIENTED_EDGE('',*,*,#10038,.T.);
#7574=ORIENTED_EDGE('',*,*,#10039,.T.);
#7575=ORIENTED_EDGE('',*,*,#9465,.T.);
#7576=ORIENTED_EDGE('',*,*,#10040,.F.);
#7577=CARTESIAN_POINT('',(-0.03075315,6.49429879128662,10.4114545317668));
#7578=DIRECTION('',(0.0,0.976708526050181,0.214570396702067));
#7579=DIRECTION('',(1.0,0.0,-0.0));
#7580=ORIENTED_EDGE('',*,*,#10041,.T.);
#7581=ORIENTED_EDGE('',*,*,#10040,.T.);
#7582=ORIENTED_EDGE('',*,*,#9464,.T.);
#7583=ORIENTED_EDGE('',*,*,#9992,.F.);
#7584=CARTESIAN_POINT('',(-0.0307531500000073,6.48423545086463,10.4611991741507));
#7585=DIRECTION('',(-0.0,0.741658195531081,0.670777996807871));
#7586=DIRECTION('',(1.0,0.0,0.0));
#7587=ORIENTED_EDGE('',*,*,#10042,.T.);
#7588=ORIENTED_EDGE('',*,*,#10043,.T.);
#7589=ORIENTED_EDGE('',*,*,#9469,.T.);
#7590=ORIENTED_EDGE('',*,*,#9989,.F.);
#7591=CARTESIAN_POINT('',(-0.0307531500000002,6.11672448412437,10.1978601432989));
#7592=DIRECTION('',(0.0,0.307241874344539,-0.951631457366377));
#7593=DIRECTION('',(-1.0,0.0,0.0));
#7594=ORIENTED_EDGE('',*,*,#10044,.T.);
#7595=ORIENTED_EDGE('',*,*,#10045,.T.);
#7596=ORIENTED_EDGE('',*,*,#9470,.T.);
#7597=ORIENTED_EDGE('',*,*,#10043,.F.);
#7598=CARTESIAN_POINT('',(-0.0307531499999999,5.98445328940732,10.1487495484043));
#7599=DIRECTION('',(0.0,0.346163942765896,-0.938174037547815));
#7600=DIRECTION('',(-1.0,0.0,0.0));
#7601=ORIENTED_EDGE('',*,*,#10046,.T.);
#7602=ORIENTED_EDGE('',*,*,#10047,.T.);
#7603=ORIENTED_EDGE('',*,*,#9471,.T.);
#7604=ORIENTED_EDGE('',*,*,#10045,.F.);
#7605=CARTESIAN_POINT('',(-0.03075315,5.92994242153142,10.1241034291473));
#7606=DIRECTION('',(0.0,0.408285620979292,-0.912854233545287));
#7607=DIRECTION('',(-1.0,0.0,0.0));
#7608=ORIENTED_EDGE('',*,*,#10048,.T.);
#7609=ORIENTED_EDGE('',*,*,#10049,.T.);
#7610=ORIENTED_EDGE('',*,*,#9476,.T.);
#7611=ORIENTED_EDGE('',*,*,#10050,.F.);
#7612=CARTESIAN_POINT('',(-0.0307531500000002,5.8980677045382,9.861351857744));
#7613=DIRECTION('',(0.0,0.941754591954459,0.336300889877935));
#7614=DIRECTION('',(1.0,0.0,-0.0));
#7615=ORIENTED_EDGE('',*,*,#10051,.T.);
#7616=ORIENTED_EDGE('',*,*,#9776,.T.);
#7617=ORIENTED_EDGE('',*,*,#9477,.T.);
#7618=ORIENTED_EDGE('',*,*,#10049,.F.);
#7619=CARTESIAN_POINT('',(-0.03075315,5.93146722266006,9.81205630919527));
#7620=DIRECTION('',(-0.0,0.831634776153077,0.555322968274159));
#7621=DIRECTION('',(1.0,0.0,0.0));
#7622=ORIENTED_EDGE('',*,*,#10052,.T.);
#7623=ORIENTED_EDGE('',*,*,#10037,.T.);
#7624=ORIENTED_EDGE('',*,*,#9440,.T.);
#7625=ORIENTED_EDGE('',*,*,#9890,.F.);
#7626=CARTESIAN_POINT('',(-0.03075315,6.60608290020016,10.439785152475));
#7627=DIRECTION('',(0.0,-0.999639305870141,-0.0268562499143472));
#7628=DIRECTION('',(0.0,0.0268562499143472,-0.999639305870141));
#7629=ORIENTED_EDGE('',*,*,#10053,.T.);
#7630=ORIENTED_EDGE('',*,*,#10050,.T.);
#7631=ORIENTED_EDGE('',*,*,#9475,.T.);
#7632=ORIENTED_EDGE('',*,*,#9986,.F.);
#7633=CARTESIAN_POINT('',(-0.0307531500000002,5.87565421037717,9.92302908564776));
#7634=DIRECTION('',(0.0,0.988820093264826,0.149113457326091));
#7635=DIRECTION('',(1.0,0.0,-0.0));
#7636=ORIENTED_EDGE('',*,*,#10054,.T.);
#7637=ORIENTED_EDGE('',*,*,#10055,.T.);
#7638=ORIENTED_EDGE('',*,*,#9472,.T.);
#7639=ORIENTED_EDGE('',*,*,#10047,.F.);
#7640=CARTESIAN_POINT('',(-0.03075315,5.89684895889989,10.099106379644));
#7641=DIRECTION('',(0.0,0.596249898088343,-0.802798890775044));
#7642=DIRECTION('',(-1.0,0.0,0.0));
#7643=ORIENTED_EDGE('',*,*,#10056,.T.);
#7644=ORIENTED_EDGE('',*,*,#9987,.T.);
#7645=ORIENTED_EDGE('',*,*,#9473,.T.);
#7646=ORIENTED_EDGE('',*,*,#10055,.F.);
#7647=CARTESIAN_POINT('',(-0.0307531500000002,5.87462597743875,10.0615960766481));
#7648=DIRECTION('',(0.0,0.855658629083148,-0.517540636545139));
#7649=DIRECTION('',(-1.0,0.0,0.0));
#7650=ORIENTED_EDGE('',*,*,#10057,.T.);
#7651=ORIENTED_EDGE('',*,*,#9990,.T.);
#7652=ORIENTED_EDGE('',*,*,#9467,.T.);
#7653=ORIENTED_EDGE('',*,*,#10058,.F.);
#7654=CARTESIAN_POINT('',(-0.03075315,6.47106677946492,10.336211290964));
#7655=DIRECTION('',(0.0,0.91251693783433,-0.409038920110858));
#7656=DIRECTION('',(-1.0,0.0,0.0));
#7657=ORIENTED_EDGE('',*,*,#10059,.T.);
#7658=ORIENTED_EDGE('',*,*,#10058,.T.);
#7659=ORIENTED_EDGE('',*,*,#9466,.T.);
#7660=ORIENTED_EDGE('',*,*,#10039,.F.);
#7661=CARTESIAN_POINT('',(-0.03075315,6.49420557016087,10.3871961252609));
#7662=DIRECTION('',(0.0,0.999974890393337,0.00708650709688582));
#7663=DIRECTION('',(1.0,0.0,-0.0));
#7664=ORIENTED_EDGE('',*,*,#8742,.T.);
#7665=ORIENTED_EDGE('',*,*,#9271,.F.);
#7666=ORIENTED_EDGE('',*,*,#10060,.F.);
#7667=ORIENTED_EDGE('',*,*,#9518,.T.);
#7668=CARTESIAN_POINT('',(0.000756300000001167,7.96000000000013,14.0000000000001));
#7669=DIRECTION('',(1.0,-0.0,0.0));
#7670=DIRECTION('',(0.0,0.00634377123143393,0.999979878080836));
#7671=ORIENTED_EDGE('',*,*,#10061,.F.);
#7672=ORIENTED_EDGE('',*,*,#9828,.T.);
#7673=ORIENTED_EDGE('',*,*,#9262,.T.);
#7674=ORIENTED_EDGE('',*,*,#8779,.F.);
#7675=CARTESIAN_POINT('',(0.000758367463835848,5.53532921810694,12.8878637464856));
#7676=DIRECTION('',(1.0,-0.0,0.0));
#7677=DIRECTION('',(0.0,0.434620430494181,0.90061372485492));
#7678=ORIENTED_EDGE('',*,*,#10062,.T.);
#7679=ORIENTED_EDGE('',*,*,#9823,.T.);
#7680=ORIENTED_EDGE('',*,*,#9260,.F.);
#7681=ORIENTED_EDGE('',*,*,#8684,.F.);
#7682=CARTESIAN_POINT('',(-0.03075315,5.62953466286795,12.4491105856344));
#7683=DIRECTION('',(0.0,-1.0,0.0));
#7684=DIRECTION('',(0.0,0.0,-1.0));
#7685=ORIENTED_EDGE('',*,*,#10063,.T.);
#7686=ORIENTED_EDGE('',*,*,#9652,.T.);
#7687=ORIENTED_EDGE('',*,*,#9332,.F.);
#7688=ORIENTED_EDGE('',*,*,#9672,.F.);
#7689=CARTESIAN_POINT('',(-0.03075315,3.68378701213958,9.98760041438077));
#7690=DIRECTION('',(-0.0,0.78563330742647,0.618692416522254));
#7691=DIRECTION('',(1.0,0.0,0.0));
#7692=ORIENTED_EDGE('',*,*,#10064,.T.);
#7693=ORIENTED_EDGE('',*,*,#8694,.T.);
#7694=ORIENTED_EDGE('',*,*,#9259,.F.);
#7695=ORIENTED_EDGE('',*,*,#8676,.F.);
#7696=CARTESIAN_POINT('',(-0.03075315,6.47738366571695,11.7748301833344));
#7697=DIRECTION('',(-0.0,1.0,0.0));
#7698=DIRECTION('',(1.0,0.0,0.0));
#7699=ORIENTED_EDGE('',*,*,#9979,.T.);
#7700=ORIENTED_EDGE('',*,*,#9549,.T.);
#7701=ORIENTED_EDGE('',*,*,#9294,.F.);
#7702=ORIENTED_EDGE('',*,*,#9791,.F.);
#7703=CARTESIAN_POINT('',(-0.0307531499999999,4.45220595048179,9.69940218160051));
#7704=DIRECTION('',(-0.0,0.26284952178552,0.964836840557575));
#7705=DIRECTION('',(1.0,0.0,0.0));
#7706=ORIENTED_EDGE('',*,*,#10065,.T.);
#7707=ORIENTED_EDGE('',*,*,#8930,.T.);
#7708=ORIENTED_EDGE('',*,*,#9692,.T.);
#7709=ORIENTED_EDGE('',*,*,#9505,.T.);
#7710=CARTESIAN_POINT('',(-0.0625031500000001,8.87000000000018,-0.0303781500000038));
#7711=DIRECTION('',(-0.0,1.0,0.0));
#7712=DIRECTION('',(1.0,0.0,0.0));
#7713=ORIENTED_EDGE('',*,*,#8738,.T.);
#7714=ORIENTED_EDGE('',*,*,#9740,.F.);
#7715=ORIENTED_EDGE('',*,*,#9636,.F.);
#7716=ORIENTED_EDGE('',*,*,#10066,.T.);
#7717=CARTESIAN_POINT('',(0.000774230769231943,5.31112377334595,13.3419912414038));
#7718=DIRECTION('',(1.0,-0.0,0.0));
#7719=DIRECTION('',(0.0,0.999785415857815,-0.0207152658205217));
#7720=ORIENTED_EDGE('',*,*,#10067,.T.);
#7721=ORIENTED_EDGE('',*,*,#9215,.T.);
#7722=ORIENTED_EDGE('',*,*,#9349,.T.);
#7723=ORIENTED_EDGE('',*,*,#9267,.F.);
#7724=CARTESIAN_POINT('',(-0.03075315,3.07888246733895,9.69999999999972));
#7725=DIRECTION('',(0.0,0.0,1.0));
#7726=DIRECTION('',(1.0,0.0,0.0));
#7727=ORIENTED_EDGE('',*,*,#10068,.T.);
#7728=ORIENTED_EDGE('',*,*,#8674,.T.);
#7729=ORIENTED_EDGE('',*,*,#9265,.T.);
#7730=ORIENTED_EDGE('',*,*,#8700,.F.);
#7731=CARTESIAN_POINT('',(-0.03075315,6.36208304078817,13.711111111109));
#7732=DIRECTION('',(0.0,0.0,1.0));
#7733=DIRECTION('',(1.0,0.0,0.0));
#7734=ORIENTED_EDGE('',*,*,#10069,.T.);
#7735=ORIENTED_EDGE('',*,*,#8698,.T.);
#7736=ORIENTED_EDGE('',*,*,#9264,.F.);
#7737=ORIENTED_EDGE('',*,*,#8771,.F.);
#7738=CARTESIAN_POINT('',(-0.03075315,5.62953466286795,13.5870922578516));
#7739=DIRECTION('',(0.0,-1.0,0.0));
#7740=DIRECTION('',(0.0,0.0,-1.0));
#7741=ORIENTED_EDGE('',*,*,#10070,.T.);
#7742=ORIENTED_EDGE('',*,*,#8728,.T.);
#7743=ORIENTED_EDGE('',*,*,#9400,.F.);
#7744=ORIENTED_EDGE('',*,*,#9827,.F.);
#7745=CARTESIAN_POINT('',(-0.03075315,4.33661116623947,13.9999999999924));
#7746=DIRECTION('',(0.0,0.0,-1.0));
#7747=DIRECTION('',(0.0,-1.0,0.0));
#7748=ORIENTED_EDGE('',*,*,#8734,.T.);
#7749=ORIENTED_EDGE('',*,*,#10071,.F.);
#7750=ORIENTED_EDGE('',*,*,#10072,.T.);
#7751=ORIENTED_EDGE('',*,*,#9405,.T.);
#7752=CARTESIAN_POINT('',(0.000768000000001174,6.58500000000015,11.5749999999997));
#7753=DIRECTION('',(1.0,-0.0,0.0));
#7754=DIRECTION('',(0.0,0.999979878080836,-0.00634377123141268));
#7755=ORIENTED_EDGE('',*,*,#10073,.T.);
#7756=ORIENTED_EDGE('',*,*,#8736,.T.);
#7757=ORIENTED_EDGE('',*,*,#9404,.F.);
#7758=ORIENTED_EDGE('',*,*,#10074,.F.);
#7759=CARTESIAN_POINT('',(-0.03075315,6.63984182521382,11.3999999999997));
#7760=DIRECTION('',(0.0,0.0,1.0));
#7761=DIRECTION('',(1.0,0.0,0.0));
#7762=ORIENTED_EDGE('',*,*,#8730,.T.);
#7763=ORIENTED_EDGE('',*,*,#10075,.F.);
#7764=ORIENTED_EDGE('',*,*,#10074,.T.);
#7765=ORIENTED_EDGE('',*,*,#9403,.T.);
#7766=CARTESIAN_POINT('',(0.000768000000001174,4.39145299145315,11.5749999999997));
#7767=DIRECTION('',(1.0,0.0,0.0));
#7768=DIRECTION('',(0.0,-0.0063437712314292,-0.999979878080836));
#7769=ORIENTED_EDGE('',*,*,#10076,.T.);
#7770=ORIENTED_EDGE('',*,*,#8732,.T.);
#7771=ORIENTED_EDGE('',*,*,#9402,.F.);
#7772=ORIENTED_EDGE('',*,*,#10077,.F.);
#7773=CARTESIAN_POINT('',(-0.03075315,4.21645299145315,11.5187468499999));
#7774=DIRECTION('',(-0.0,1.0,0.0));
#7775=DIRECTION('',(1.0,0.0,0.0));
#7776=ORIENTED_EDGE('',*,*,#8726,.T.);
#7777=ORIENTED_EDGE('',*,*,#10078,.F.);
#7778=ORIENTED_EDGE('',*,*,#10077,.T.);
#7779=ORIENTED_EDGE('',*,*,#9401,.T.);
#7780=CARTESIAN_POINT('',(0.000768000000001174,4.39145299145314,13.8249999999924));
#7781=DIRECTION('',(1.0,0.0,0.0));
#7782=DIRECTION('',(0.0,-0.999979878080836,0.00634377123142281));
#7783=ORIENTED_EDGE('',*,*,#10079,.T.);
#7784=ORIENTED_EDGE('',*,*,#8775,.T.);
#7785=ORIENTED_EDGE('',*,*,#9406,.T.);
#7786=ORIENTED_EDGE('',*,*,#10072,.F.);
#7787=CARTESIAN_POINT('',(-0.03075315,6.76000000000014,13.8812531499922));
#7788=DIRECTION('',(0.0,-1.0,0.0));
#7789=DIRECTION('',(0.0,0.0,-1.0));
#7790=ORIENTED_EDGE('',*,*,#10080,.T.);
#7791=ORIENTED_EDGE('',*,*,#10081,.T.);
#7792=ORIENTED_EDGE('',*,*,#9346,.T.);
#7793=ORIENTED_EDGE('',*,*,#9806,.F.);
#7794=CARTESIAN_POINT('',(-0.03075315,3.05421414540526,9.58785165472913));
#7795=DIRECTION('',(-0.0,-0.470272941274885,-0.882521025644528));
#7796=DIRECTION('',(0.0,-0.882521025644528,0.470272941274885));
#7797=ORIENTED_EDGE('',*,*,#9983,.T.);
#7798=ORIENTED_EDGE('',*,*,#9973,.T.);
#7799=ORIENTED_EDGE('',*,*,#9803,.T.);
#7800=ORIENTED_EDGE('',*,*,#9654,.F.);
#7801=CARTESIAN_POINT('',(-0.03075315,4.40866937618801,10.1764879936827));
#7802=DIRECTION('',(0.0,-0.642903450030755,0.765947226601515));
#7803=DIRECTION('',(-1.0,0.0,0.0));
#7804=ORIENTED_EDGE('',*,*,#10082,.T.);
#7805=ORIENTED_EDGE('',*,*,#9952,.T.);
#7806=ORIENTED_EDGE('',*,*,#9341,.T.);
#7807=ORIENTED_EDGE('',*,*,#10083,.F.);
#7808=CARTESIAN_POINT('',(-0.03075315,2.9867248448999,9.56250217219464));
#7809=DIRECTION('',(-0.0,0.863031519213849,0.5051500735855));
#7810=DIRECTION('',(1.0,0.0,0.0));
#7811=ORIENTED_EDGE('',*,*,#10065,.F.);
#7812=ORIENTED_EDGE('',*,*,#9504,.T.);
#7813=ORIENTED_EDGE('',*,*,#9198,.T.);
#7814=ORIENTED_EDGE('',*,*,#9953,.T.);
#7815=ORIENTED_EDGE('',*,*,#9105,.F.);
#7816=ORIENTED_EDGE('',*,*,#9182,.F.);
#7817=ORIENTED_EDGE('',*,*,#8993,.T.);
#7818=ORIENTED_EDGE('',*,*,#8931,.T.);
#7819=CARTESIAN_POINT('',(-0.0625031499999966,8.84824685000017,1.21500000000015));
#7820=DIRECTION('',(0.0,0.0,-1.0));
#7821=DIRECTION('',(0.0,-1.0,0.0));
#7822=ORIENTED_EDGE('',*,*,#9525,.T.);
#7823=ORIENTED_EDGE('',*,*,#9511,.T.);
#7824=ORIENTED_EDGE('',*,*,#9918,.F.);
#7825=ORIENTED_EDGE('',*,*,#8944,.T.);
#7826=CARTESIAN_POINT('',(2.56250315000001,0.699390002316217,14.2360287560614));
#7827=DIRECTION('',(0.0,-0.999048221581858,0.0436193873653323));
#7828=DIRECTION('',(-1.0,0.0,0.0));
#7829=ORIENTED_EDGE('',*,*,#10084,.T.);
#7830=ORIENTED_EDGE('',*,*,#9578,.T.);
#7831=ORIENTED_EDGE('',*,*,#9484,.T.);
#7832=ORIENTED_EDGE('',*,*,#9249,.F.);
#7833=CARTESIAN_POINT('',(-0.0307531500000075,6.51803784548638,9.8137612212037));
#7834=DIRECTION('',(0.0,-0.663183206196139,0.748457102992155));
#7835=DIRECTION('',(-1.0,0.0,0.0));
#7836=ORIENTED_EDGE('',*,*,#9981,.T.);
#7837=ORIENTED_EDGE('',*,*,#9705,.T.);
#7838=ORIENTED_EDGE('',*,*,#9940,.T.);
#7839=ORIENTED_EDGE('',*,*,#9798,.F.);
#7840=CARTESIAN_POINT('',(-0.03075315,4.41734782216152,10.3128065939185));
#7841=DIRECTION('',(-0.0,-0.270192572660408,-0.962806301225304));
#7842=DIRECTION('',(0.0,-0.962806301225304,0.270192572660408));
#7843=ORIENTED_EDGE('',*,*,#10085,.T.);
#7844=ORIENTED_EDGE('',*,*,#10086,.T.);
#7845=ORIENTED_EDGE('',*,*,#9323,.F.);
#7846=ORIENTED_EDGE('',*,*,#9495,.F.);
#7847=CARTESIAN_POINT('',(-0.03075315,3.41256470470427,10.5985518071921));
#7848=DIRECTION('',(0.0,0.740243946802153,-0.672338381488646));
#7849=DIRECTION('',(-1.0,0.0,0.0));
#7850=ORIENTED_EDGE('',*,*,#9950,.T.);
#7851=ORIENTED_EDGE('',*,*,#10087,.T.);
#7852=ORIENTED_EDGE('',*,*,#9784,.F.);
#7853=ORIENTED_EDGE('',*,*,#8990,.F.);
#7854=ORIENTED_EDGE('',*,*,#9170,.T.);
#7855=ORIENTED_EDGE('',*,*,#8971,.T.);
#7856=ORIENTED_EDGE('',*,*,#9174,.F.);
#7857=ORIENTED_EDGE('',*,*,#9135,.T.);
#7858=ORIENTED_EDGE('',*,*,#9810,.T.);
#7859=ORIENTED_EDGE('',*,*,#8836,.F.);
#7860=ORIENTED_EDGE('',*,*,#9896,.T.);
#7861=ORIENTED_EDGE('',*,*,#9943,.F.);
#7862=CARTESIAN_POINT('',(0.398746850000003,-0.230000000000002,9.63000315000008));
#7863=DIRECTION('',(0.0,-1.0,-1.23572649697492E-15));
#7864=DIRECTION('',(0.0,1.23572649697492E-15,-1.0));
#7865=ORIENTED_EDGE('',*,*,#9782,.T.);
#7866=ORIENTED_EDGE('',*,*,#10088,.F.);
#7867=ORIENTED_EDGE('',*,*,#10089,.F.);
#7868=ORIENTED_EDGE('',*,*,#9508,.T.);
#7869=CARTESIAN_POINT('',(0.461253150000004,0.198246850000188,9.39999999999998));
#7870=DIRECTION('',(0.0,0.0,1.0));
#7871=DIRECTION('',(1.0,0.0,0.0));
#7872=ORIENTED_EDGE('',*,*,#10090,.F.);
#7873=ORIENTED_EDGE('',*,*,#9919,.F.);
#7874=ORIENTED_EDGE('',*,*,#9509,.T.);
#7875=ORIENTED_EDGE('',*,*,#10089,.T.);
#7876=CARTESIAN_POINT('',(0.461253150000004,0.249601946228963,9.28431688849168));
#7877=DIRECTION('',(0.0,-0.984807753012208,0.173648177666932));
#7878=DIRECTION('',(-1.0,0.0,0.0));
#7879=ORIENTED_EDGE('',*,*,#10091,.T.);
#7880=ORIENTED_EDGE('',*,*,#9527,.T.);
#7881=ORIENTED_EDGE('',*,*,#9347,.T.);
#7882=ORIENTED_EDGE('',*,*,#10081,.F.);
#7883=CARTESIAN_POINT('',(-0.03075315,3.03158517243337,9.62608470752919));
#7884=DIRECTION('',(0.0,-0.856707669200788,-0.515802258169304));
#7885=DIRECTION('',(0.0,0.515802258169304,-0.856707669200788));
#7886=ORIENTED_EDGE('',*,*,#9891,.F.);
#7887=ORIENTED_EDGE('',*,*,#9132,.T.);
#7888=ORIENTED_EDGE('',*,*,#9932,.F.);
#7889=ORIENTED_EDGE('',*,*,#9821,.T.);
#7890=ORIENTED_EDGE('',*,*,#9709,.F.);
#7891=ORIENTED_EDGE('',*,*,#9902,.T.);
#7892=ORIENTED_EDGE('',*,*,#9644,.F.);
#7893=ORIENTED_EDGE('',*,*,#9121,.T.);
#7894=CARTESIAN_POINT('',(0.398746850000003,2.77000000000017,0.946746845566793));
#7895=DIRECTION('',(-2.0631261792361E-16,-1.0,-4.17514162594989E-17));
#7896=DIRECTION('',(-1.0,2.0631261792361E-16,0.0));
#7897=ORIENTED_EDGE('',*,*,#9586,.T.);
#7898=ORIENTED_EDGE('',*,*,#9813,.T.);
#7899=ORIENTED_EDGE('',*,*,#9371,.T.);
#7900=ORIENTED_EDGE('',*,*,#9755,.F.);
#7901=CARTESIAN_POINT('',(-0.03075315,2.36634316448814,9.69967983639366));
#7902=DIRECTION('',(-0.0,0.223188162281032,0.974775381417491));
#7903=DIRECTION('',(1.0,0.0,0.0));
#7904=ORIENTED_EDGE('',*,*,#9624,.T.);
#7905=ORIENTED_EDGE('',*,*,#9576,.T.);
#7906=ORIENTED_EDGE('',*,*,#9379,.T.);
#7907=ORIENTED_EDGE('',*,*,#10092,.F.);
#7908=CARTESIAN_POINT('',(-0.03075315,2.68054684138034,9.97704290333451));
#7909=DIRECTION('',(0.0,-0.959035160398164,0.283287064865427));
#7910=DIRECTION('',(-1.0,0.0,0.0));
#7911=ORIENTED_EDGE('',*,*,#10093,.T.);
#7912=ORIENTED_EDGE('',*,*,#9673,.T.);
#7913=ORIENTED_EDGE('',*,*,#9330,.F.);
#7914=ORIENTED_EDGE('',*,*,#9912,.F.);
#7915=CARTESIAN_POINT('',(-0.03075315,3.60928314756712,10.0834443258068));
#7916=DIRECTION('',(-0.0,0.693593778834778,0.72036634427331));
#7917=DIRECTION('',(1.0,0.0,0.0));
#7918=ORIENTED_EDGE('',*,*,#9245,.F.);
#7919=ORIENTED_EDGE('',*,*,#8666,.T.);
#7920=ORIENTED_EDGE('',*,*,#10094,.T.);
#7921=ORIENTED_EDGE('',*,*,#8688,.F.);
#7922=CARTESIAN_POINT('',(1.62874685,1.57000000000017,15.00500315));
#7923=DIRECTION('',(-0.0,1.0,0.0));
#7924=DIRECTION('',(1.0,0.0,0.0));
#7925=ORIENTED_EDGE('',*,*,#9610,.T.);
#7926=ORIENTED_EDGE('',*,*,#10095,.T.);
#7927=ORIENTED_EDGE('',*,*,#9394,.T.);
#7928=ORIENTED_EDGE('',*,*,#9818,.F.);
#7929=CARTESIAN_POINT('',(-0.0307531500000073,2.4232253383999,10.2502009676946));
#7930=DIRECTION('',(0.0,0.0,1.0));
#7931=DIRECTION('',(1.0,0.0,0.0));
#7932=ORIENTED_EDGE('',*,*,#9984,.T.);
#7933=ORIENTED_EDGE('',*,*,#9656,.T.);
#7934=ORIENTED_EDGE('',*,*,#9802,.T.);
#7935=ORIENTED_EDGE('',*,*,#9561,.F.);
#7936=CARTESIAN_POINT('',(-0.03075315,4.32880507414784,10.0885112092505));
#7937=DIRECTION('',(0.0,-0.974614215849667,0.223890889193238));
#7938=DIRECTION('',(-1.0,0.0,0.0));
#7939=ORIENTED_EDGE('',*,*,#9869,.F.);
#7940=ORIENTED_EDGE('',*,*,#9872,.F.);
#7941=ORIENTED_EDGE('',*,*,#9874,.F.);
#7942=ORIENTED_EDGE('',*,*,#9876,.F.);
#7943=ORIENTED_EDGE('',*,*,#9866,.F.);
#7944=ORIENTED_EDGE('',*,*,#9959,.F.);
#7945=ORIENTED_EDGE('',*,*,#9844,.F.);
#7946=ORIENTED_EDGE('',*,*,#9862,.F.);
#7947=ORIENTED_EDGE('',*,*,#9960,.F.);
#7948=ORIENTED_EDGE('',*,*,#9962,.F.);
#7949=ORIENTED_EDGE('',*,*,#9964,.F.);
#7950=ORIENTED_EDGE('',*,*,#9966,.F.);
#7951=ORIENTED_EDGE('',*,*,#9968,.F.);
#7952=CARTESIAN_POINT('',(1.13797860024079E-15,7.79039728727484,9.67499684999972));
#7953=DIRECTION('',(-1.0,0.0,0.0));
#7954=DIRECTION('',(0.0,0.0,1.0));
#7955=ORIENTED_EDGE('',*,*,#9582,.T.);
#7956=ORIENTED_EDGE('',*,*,#9713,.T.);
#7957=ORIENTED_EDGE('',*,*,#9375,.T.);
#7958=ORIENTED_EDGE('',*,*,#9631,.F.);
#7959=CARTESIAN_POINT('',(-0.0307531500000002,2.5688814750925,9.76316364873958));
#7960=DIRECTION('',(0.0,-0.59130065967165,0.806451194972065));
#7961=DIRECTION('',(-1.0,0.0,0.0));
#7962=ORIENTED_EDGE('',*,*,#9626,.T.);
#7963=ORIENTED_EDGE('',*,*,#10096,.T.);
#7964=ORIENTED_EDGE('',*,*,#9377,.T.);
#7965=ORIENTED_EDGE('',*,*,#9712,.F.);
#7966=CARTESIAN_POINT('',(-0.03075315,2.63605489628701,9.85047641105438));
#7967=DIRECTION('',(0.0,-0.825492939167277,0.56441244439237));
#7968=DIRECTION('',(-1.0,0.0,0.0));
#7969=ORIENTED_EDGE('',*,*,#9978,.T.);
#7970=ORIENTED_EDGE('',*,*,#9203,.T.);
#7971=ORIENTED_EDGE('',*,*,#9285,.F.);
#7972=ORIENTED_EDGE('',*,*,#9580,.F.);
#7973=CARTESIAN_POINT('',(-0.03075315,4.28505094345161,10.2725526493605));
#7974=DIRECTION('',(-0.0,0.857582886794052,0.514345790570877));
#7975=DIRECTION('',(1.0,0.0,0.0));
#7976=ORIENTED_EDGE('',*,*,#9625,.T.);
#7977=ORIENTED_EDGE('',*,*,#10092,.T.);
#7978=ORIENTED_EDGE('',*,*,#9378,.T.);
#7979=ORIENTED_EDGE('',*,*,#10096,.F.);
#7980=CARTESIAN_POINT('',(-0.03075315,2.65851612593445,9.90181700307789));
#7981=DIRECTION('',(0.0,-0.914203489463008,0.405255450122093));
#7982=DIRECTION('',(-1.0,0.0,0.0));
#7983=ORIENTED_EDGE('',*,*,#10097,.T.);
#7984=ORIENTED_EDGE('',*,*,#9841,.T.);
#7985=ORIENTED_EDGE('',*,*,#9302,.F.);
#7986=ORIENTED_EDGE('',*,*,#10098,.F.);
#7987=CARTESIAN_POINT('',(-0.03075315,3.48082891146563,10.4140992061926));
#7988=DIRECTION('',(0.0,-0.95929332548252,-0.28241160685193));
#7989=DIRECTION('',(0.0,0.28241160685193,-0.95929332548252));
#7990=ORIENTED_EDGE('',*,*,#10099,.T.);
#7991=ORIENTED_EDGE('',*,*,#9914,.T.);
#7992=ORIENTED_EDGE('',*,*,#9318,.F.);
#7993=ORIENTED_EDGE('',*,*,#9815,.F.);
#7994=CARTESIAN_POINT('',(-0.03075315,3.7044361436907,10.6886880073073));
#7995=DIRECTION('',(-0.0,-0.485639220120501,-0.874159337810191));
#7996=DIRECTION('',(0.0,-0.874159337810191,0.485639220120501));
#7997=ORIENTED_EDGE('',*,*,#9613,.T.);
#7998=ORIENTED_EDGE('',*,*,#9974,.T.);
#7999=ORIENTED_EDGE('',*,*,#9391,.T.);
#8000=ORIENTED_EDGE('',*,*,#9975,.F.);
#8001=CARTESIAN_POINT('',(-0.0307531499999929,2.26474717357731,10.1883704070471));
#8002=DIRECTION('',(0.0,-0.856337846376671,0.516416007558794));
#8003=DIRECTION('',(-1.0,0.0,0.0));
#8004=ORIENTED_EDGE('',*,*,#9604,.T.);
#8005=ORIENTED_EDGE('',*,*,#9662,.T.);
#8006=ORIENTED_EDGE('',*,*,#9351,.T.);
#8007=ORIENTED_EDGE('',*,*,#9904,.F.);
#8008=CARTESIAN_POINT('',(-0.03075315,2.12880704090268,10.6999999999997));
#8009=DIRECTION('',(0.0,0.0,-1.0));
#8010=DIRECTION('',(0.0,-1.0,0.0));
#8011=ORIENTED_EDGE('',*,*,#9609,.T.);
#8012=ORIENTED_EDGE('',*,*,#10100,.T.);
#8013=ORIENTED_EDGE('',*,*,#9395,.T.);
#8014=ORIENTED_EDGE('',*,*,#10095,.F.);
#8015=CARTESIAN_POINT('',(-0.0307531500000073,2.49100220616495,10.2243048245631));
#8016=DIRECTION('',(-0.0,0.350422038163656,0.936591904283413));
#8017=DIRECTION('',(1.0,0.0,0.0));
#8018=ORIENTED_EDGE('',*,*,#9608,.T.);
#8019=ORIENTED_EDGE('',*,*,#10101,.T.);
#8020=ORIENTED_EDGE('',*,*,#9396,.T.);
#8021=ORIENTED_EDGE('',*,*,#10100,.F.);
#8022=CARTESIAN_POINT('',(-0.0307531500000073,2.53557201756509,10.1862891107115));
#8023=DIRECTION('',(-0.0,0.641140479376386,0.76742353736709));
#8024=DIRECTION('',(1.0,0.0,0.0));
#8025=ORIENTED_EDGE('',*,*,#9607,.T.);
#8026=ORIENTED_EDGE('',*,*,#10102,.T.);
#8027=ORIENTED_EDGE('',*,*,#9397,.T.);
#8028=ORIENTED_EDGE('',*,*,#10101,.F.);
#8029=CARTESIAN_POINT('',(-0.03075315,2.55668934493183,10.1489769666918));
#8030=DIRECTION('',(-0.0,0.864451240867964,0.502716671855865));
#8031=DIRECTION('',(1.0,0.0,0.0));
#8032=ORIENTED_EDGE('',*,*,#9606,.T.);
#8033=ORIENTED_EDGE('',*,*,#9905,.T.);
#8034=ORIENTED_EDGE('',*,*,#9398,.T.);
#8035=ORIENTED_EDGE('',*,*,#10102,.F.);
#8036=CARTESIAN_POINT('',(-0.03075315,2.67197092261963,10.1499127149652));
#8037=DIRECTION('',(0.0,0.0,1.0));
#8038=DIRECTION('',(1.0,0.0,0.0));
#8039=ORIENTED_EDGE('',*,*,#10103,.T.);
#8040=ORIENTED_EDGE('',*,*,#10104,.T.);
#8041=ORIENTED_EDGE('',*,*,#9325,.F.);
#8042=ORIENTED_EDGE('',*,*,#10105,.F.);
#8043=CARTESIAN_POINT('',(-0.03075315,3.3572960501312,10.4610038922205));
#8044=DIRECTION('',(0.0,0.984404774118158,-0.17591827845161));
#8045=DIRECTION('',(-1.0,0.0,0.0));
#8046=ORIENTED_EDGE('',*,*,#10106,.T.);
#8047=ORIENTED_EDGE('',*,*,#10105,.T.);
#8048=ORIENTED_EDGE('',*,*,#9324,.F.);
#8049=ORIENTED_EDGE('',*,*,#10086,.F.);
#8050=CARTESIAN_POINT('',(-0.03075315,3.36742552127237,10.5221142031847));
#8051=DIRECTION('',(0.0,0.859126941501148,-0.511762541015736));
#8052=DIRECTION('',(-1.0,0.0,0.0));
#8053=ORIENTED_EDGE('',*,*,#10107,.T.);
#8054=ORIENTED_EDGE('',*,*,#10108,.T.);
#8055=ORIENTED_EDGE('',*,*,#9326,.F.);
#8056=ORIENTED_EDGE('',*,*,#10104,.F.);
#8057=CARTESIAN_POINT('',(-0.03075315,3.35757122122581,10.4106277094377));
#8058=DIRECTION('',(-0.0,1.0,0.0));
#8059=DIRECTION('',(1.0,0.0,0.0));
#8060=ORIENTED_EDGE('',*,*,#10109,.T.);
#8061=ORIENTED_EDGE('',*,*,#9910,.T.);
#8062=ORIENTED_EDGE('',*,*,#9327,.F.);
#8063=ORIENTED_EDGE('',*,*,#10108,.F.);
#8064=CARTESIAN_POINT('',(-0.03075315,3.36962955278029,10.347068741759));
#8065=DIRECTION('',(0.0,0.983137533379243,0.18286768566638));
#8066=DIRECTION('',(1.0,0.0,-0.0));
#8067=ORIENTED_EDGE('',*,*,#10110,.T.);
#8068=ORIENTED_EDGE('',*,*,#10098,.T.);
#8069=ORIENTED_EDGE('',*,*,#9301,.F.);
#8070=ORIENTED_EDGE('',*,*,#9838,.F.);
#8071=CARTESIAN_POINT('',(-0.03075315,3.49189316512465,10.3755181146825));
#8072=DIRECTION('',(0.0,-0.853594801824997,-0.520937533968656));
#8073=DIRECTION('',(0.0,0.520937533968656,-0.853594801824997));
#8074=ORIENTED_EDGE('',*,*,#9584,.T.);
#8075=ORIENTED_EDGE('',*,*,#9632,.T.);
#8076=ORIENTED_EDGE('',*,*,#9373,.T.);
#8077=ORIENTED_EDGE('',*,*,#9812,.F.);
#8078=CARTESIAN_POINT('',(-0.0307531500000002,2.4788197697478,9.71270621901891));
#8079=DIRECTION('',(0.0,-0.217461023343152,0.976069005412296));
#8080=DIRECTION('',(-1.0,0.0,0.0));
#8081=ORIENTED_EDGE('',*,*,#10111,.T.);
#8082=ORIENTED_EDGE('',*,*,#10112,.T.);
#8083=ORIENTED_EDGE('',*,*,#9304,.F.);
#8084=ORIENTED_EDGE('',*,*,#9840,.F.);
#8085=CARTESIAN_POINT('',(-0.0307531500000002,3.4925848336671,10.5011326220649));
#8086=DIRECTION('',(0.0,-0.962060451084927,0.272836376713714));
#8087=DIRECTION('',(-1.0,0.0,0.0));
#8088=ORIENTED_EDGE('',*,*,#9982,.T.);
#8089=ORIENTED_EDGE('',*,*,#9563,.T.);
#8090=ORIENTED_EDGE('',*,*,#9801,.T.);
#8091=ORIENTED_EDGE('',*,*,#9572,.F.);
#8092=CARTESIAN_POINT('',(-0.03075315,4.31689358894057,9.9891227126227));
#8093=DIRECTION('',(0.0,-0.975176300410378,-0.221429860492952));
#8094=DIRECTION('',(0.0,0.221429860492952,-0.975176300410378));
#8095=ORIENTED_EDGE('',*,*,#9977,.T.);
#8096=ORIENTED_EDGE('',*,*,#10113,.T.);
#8097=ORIENTED_EDGE('',*,*,#9286,.F.);
#8098=ORIENTED_EDGE('',*,*,#9201,.F.);
#8099=CARTESIAN_POINT('',(-0.03075315,4.24854400591411,10.1999803177929));
#8100=DIRECTION('',(0.0,0.659740656939048,-0.751493356977713));
#8101=DIRECTION('',(-1.0,0.0,0.0));
#8102=ORIENTED_EDGE('',*,*,#9980,.T.);
#8103=ORIENTED_EDGE('',*,*,#9753,.T.);
#8104=ORIENTED_EDGE('',*,*,#9287,.F.);
#8105=ORIENTED_EDGE('',*,*,#10113,.F.);
#8106=CARTESIAN_POINT('',(-0.0307531500000002,4.20313713659819,10.123399992745));
#8107=DIRECTION('',(0.0,0.856920192167722,-0.515449109277759));
#8108=DIRECTION('',(-1.0,0.0,0.0));
#8109=ORIENTED_EDGE('',*,*,#8782,.T.);
#8110=ORIENTED_EDGE('',*,*,#9796,.T.);
#8111=ORIENTED_EDGE('',*,*,#10114,.T.);
#8112=ORIENTED_EDGE('',*,*,#8713,.T.);
#8113=CARTESIAN_POINT('',(-0.03,5.7349277228397,12.6882652417529));
#8114=DIRECTION('',(-1.0,0.0,0.0));
#8115=DIRECTION('',(0.0,0.0,1.0));
#8116=ORIENTED_EDGE('',*,*,#10115,.T.);
#8117=ORIENTED_EDGE('',*,*,#9530,.T.);
#8118=ORIENTED_EDGE('',*,*,#9305,.F.);
#8119=ORIENTED_EDGE('',*,*,#10112,.F.);
#8120=CARTESIAN_POINT('',(-0.0307531500000002,3.51579748284882,10.5381328292046));
#8121=DIRECTION('',(0.0,-0.850507342253582,0.5259631743504));
#8122=DIRECTION('',(-1.0,0.0,0.0));
#8123=ORIENTED_EDGE('',*,*,#10116,.T.);
#8124=ORIENTED_EDGE('',*,*,#9258,.T.);
#8125=ORIENTED_EDGE('',*,*,#9313,.F.);
#8126=ORIENTED_EDGE('',*,*,#9659,.F.);
#8127=CARTESIAN_POINT('',(-0.03075315,3.75136655945144,10.4114732541302));
#8128=DIRECTION('',(-0.0,1.0,0.0));
#8129=DIRECTION('',(1.0,0.0,0.0));
#8130=ORIENTED_EDGE('',*,*,#9519,.F.);
#8131=ORIENTED_EDGE('',*,*,#10060,.T.);
#8132=ORIENTED_EDGE('',*,*,#9270,.T.);
#8133=ORIENTED_EDGE('',*,*,#8724,.F.);
#8134=CARTESIAN_POINT('',(-0.03075315,8.10962964626509,14.5000000000001));
#8135=DIRECTION('',(0.0,0.0,1.0));
#8136=DIRECTION('',(1.0,0.0,0.0));
#8137=ORIENTED_EDGE('',*,*,#8722,.T.);
#8138=ORIENTED_EDGE('',*,*,#9277,.F.);
#8139=ORIENTED_EDGE('',*,*,#10117,.F.);
#8140=ORIENTED_EDGE('',*,*,#9520,.T.);
#8141=CARTESIAN_POINT('',(0.000756300000001167,1.97494014940162,14.0000000000001));
#8142=DIRECTION('',(1.0,0.0,0.0));
#8143=DIRECTION('',(0.0,-0.999979878080836,0.00634377123141497));
#8144=ORIENTED_EDGE('',*,*,#9521,.F.);
#8145=ORIENTED_EDGE('',*,*,#10117,.T.);
#8146=ORIENTED_EDGE('',*,*,#9276,.T.);
#8147=ORIENTED_EDGE('',*,*,#8720,.F.);
#8148=CARTESIAN_POINT('',(-0.03075315,1.47494014940163,14.1200031500001));
#8149=DIRECTION('',(0.0,-1.0,0.0));
#8150=DIRECTION('',(0.0,0.0,-1.0));
#8151=ORIENTED_EDGE('',*,*,#8718,.T.);
#8152=ORIENTED_EDGE('',*,*,#9275,.F.);
#8153=ORIENTED_EDGE('',*,*,#10118,.F.);
#8154=ORIENTED_EDGE('',*,*,#9522,.T.);
#8155=CARTESIAN_POINT('',(0.000756300000001167,1.97494014940163,9.19999999999974));
#8156=DIRECTION('',(1.0,0.0,0.0));
#8157=DIRECTION('',(0.0,-0.00634377123143267,-0.999979878080836));
#8158=ORIENTED_EDGE('',*,*,#9523,.F.);
#8159=ORIENTED_EDGE('',*,*,#10118,.T.);
#8160=ORIENTED_EDGE('',*,*,#9274,.T.);
#8161=ORIENTED_EDGE('',*,*,#8716,.F.);
#8162=CARTESIAN_POINT('',(-0.03075315,1.82531050313667,8.69999999999974));
#8163=DIRECTION('',(0.0,0.0,-1.0));
#8164=DIRECTION('',(0.0,-1.0,0.0));
#8165=ORIENTED_EDGE('',*,*,#8714,.T.);
#8166=ORIENTED_EDGE('',*,*,#9273,.F.);
#8167=ORIENTED_EDGE('',*,*,#10119,.F.);
#8168=ORIENTED_EDGE('',*,*,#9524,.T.);
#8169=CARTESIAN_POINT('',(0.000756300000001174,7.96000000000012,9.19999999999975));
#8170=DIRECTION('',(1.0,-0.0,0.0));
#8171=DIRECTION('',(0.0,0.999979878080836,-0.00634377123143768));
#8172=ORIENTED_EDGE('',*,*,#10120,.T.);
#8173=ORIENTED_EDGE('',*,*,#10083,.T.);
#8174=ORIENTED_EDGE('',*,*,#9340,.T.);
#8175=ORIENTED_EDGE('',*,*,#9937,.F.);
#8176=CARTESIAN_POINT('',(-0.03075315,2.96475365008259,9.59989116661699));
#8177=DIRECTION('',(0.0,0.913532244237633,0.406766319572005));
#8178=DIRECTION('',(1.0,0.0,-0.0));
#8179=ORIENTED_EDGE('',*,*,#9517,.F.);
#8180=ORIENTED_EDGE('',*,*,#10119,.T.);
#8181=ORIENTED_EDGE('',*,*,#9272,.T.);
#8182=ORIENTED_EDGE('',*,*,#8744,.F.);
#8183=CARTESIAN_POINT('',(-0.03075315,8.46000000000013,9.07999684999973));
#8184=DIRECTION('',(-0.0,1.0,0.0));
#8185=DIRECTION('',(1.0,0.0,0.0));
#8186=ORIENTED_EDGE('',*,*,#9858,.F.);
#8187=ORIENTED_EDGE('',*,*,#9860,.F.);
#8188=ORIENTED_EDGE('',*,*,#9958,.F.);
#8189=ORIENTED_EDGE('',*,*,#9877,.F.);
#8190=ORIENTED_EDGE('',*,*,#9842,.F.);
#8191=ORIENTED_EDGE('',*,*,#9714,.F.);
#8192=ORIENTED_EDGE('',*,*,#9956,.F.);
#8193=ORIENTED_EDGE('',*,*,#9969,.F.);
#8194=ORIENTED_EDGE('',*,*,#9222,.F.);
#8195=ORIENTED_EDGE('',*,*,#9864,.F.);
#8196=ORIENTED_EDGE('',*,*,#9970,.F.);
#8197=ORIENTED_EDGE('',*,*,#9226,.F.);
#8198=ORIENTED_EDGE('',*,*,#9230,.F.);
#8199=ORIENTED_EDGE('',*,*,#9577,.F.);
#8200=ORIENTED_EDGE('',*,*,#10084,.F.);
#8201=ORIENTED_EDGE('',*,*,#9248,.F.);
#8202=ORIENTED_EDGE('',*,*,#9765,.F.);
#8203=ORIENTED_EDGE('',*,*,#9767,.F.);
#8204=ORIENTED_EDGE('',*,*,#9769,.F.);
#8205=ORIENTED_EDGE('',*,*,#9771,.F.);
#8206=ORIENTED_EDGE('',*,*,#9773,.F.);
#8207=ORIENTED_EDGE('',*,*,#9775,.F.);
#8208=ORIENTED_EDGE('',*,*,#10051,.F.);
#8209=ORIENTED_EDGE('',*,*,#10048,.F.);
#8210=ORIENTED_EDGE('',*,*,#10053,.F.);
#8211=ORIENTED_EDGE('',*,*,#9985,.F.);
#8212=ORIENTED_EDGE('',*,*,#10056,.F.);
#8213=ORIENTED_EDGE('',*,*,#10054,.F.);
#8214=ORIENTED_EDGE('',*,*,#10046,.F.);
#8215=ORIENTED_EDGE('',*,*,#10044,.F.);
#8216=ORIENTED_EDGE('',*,*,#10042,.F.);
#8217=ORIENTED_EDGE('',*,*,#9988,.F.);
#8218=ORIENTED_EDGE('',*,*,#10057,.F.);
#8219=ORIENTED_EDGE('',*,*,#10059,.F.);
#8220=ORIENTED_EDGE('',*,*,#10038,.F.);
#8221=ORIENTED_EDGE('',*,*,#10041,.F.);
#8222=ORIENTED_EDGE('',*,*,#9991,.F.);
#8223=ORIENTED_EDGE('',*,*,#9994,.F.);
#8224=ORIENTED_EDGE('',*,*,#9996,.F.);
#8225=ORIENTED_EDGE('',*,*,#9998,.F.);
#8226=ORIENTED_EDGE('',*,*,#10000,.F.);
#8227=ORIENTED_EDGE('',*,*,#10002,.F.);
#8228=ORIENTED_EDGE('',*,*,#10004,.F.);
#8229=ORIENTED_EDGE('',*,*,#10006,.F.);
#8230=ORIENTED_EDGE('',*,*,#10008,.F.);
#8231=ORIENTED_EDGE('',*,*,#10010,.F.);
#8232=ORIENTED_EDGE('',*,*,#10012,.F.);
#8233=ORIENTED_EDGE('',*,*,#10014,.F.);
#8234=ORIENTED_EDGE('',*,*,#10016,.F.);
#8235=ORIENTED_EDGE('',*,*,#10018,.F.);
#8236=ORIENTED_EDGE('',*,*,#10020,.F.);
#8237=ORIENTED_EDGE('',*,*,#10022,.F.);
#8238=ORIENTED_EDGE('',*,*,#10024,.F.);
#8239=ORIENTED_EDGE('',*,*,#10026,.F.);
#8240=ORIENTED_EDGE('',*,*,#10028,.F.);
#8241=ORIENTED_EDGE('',*,*,#10030,.F.);
#8242=ORIENTED_EDGE('',*,*,#10032,.F.);
#8243=ORIENTED_EDGE('',*,*,#10034,.F.);
#8244=ORIENTED_EDGE('',*,*,#10036,.F.);
#8245=ORIENTED_EDGE('',*,*,#10052,.F.);
#8246=ORIENTED_EDGE('',*,*,#9889,.F.);
#8247=ORIENTED_EDGE('',*,*,#9887,.F.);
#8248=ORIENTED_EDGE('',*,*,#9885,.F.);
#8249=ORIENTED_EDGE('',*,*,#9883,.F.);
#8250=ORIENTED_EDGE('',*,*,#9881,.F.);
#8251=ORIENTED_EDGE('',*,*,#9879,.F.);
#8252=ORIENTED_EDGE('',*,*,#9847,.F.);
#8253=ORIENTED_EDGE('',*,*,#9850,.F.);
#8254=ORIENTED_EDGE('',*,*,#9852,.F.);
#8255=ORIENTED_EDGE('',*,*,#9854,.F.);
#8256=ORIENTED_EDGE('',*,*,#9856,.F.);
#8257=CARTESIAN_POINT('',(1.13797860024079E-15,6.63700255455198,9.67499684999972));
#8258=DIRECTION('',(-1.0,0.0,0.0));
#8259=DIRECTION('',(0.0,0.0,1.0));
#8260=ORIENTED_EDGE('',*,*,#10078,.T.);
#8261=ORIENTED_EDGE('',*,*,#8729,.T.);
#8262=ORIENTED_EDGE('',*,*,#10070,.F.);
#8263=ORIENTED_EDGE('',*,*,#9826,.T.);
#8264=ORIENTED_EDGE('',*,*,#8776,.T.);
#8265=ORIENTED_EDGE('',*,*,#10079,.F.);
#8266=ORIENTED_EDGE('',*,*,#10071,.T.);
#8267=ORIENTED_EDGE('',*,*,#8737,.T.);
#8268=ORIENTED_EDGE('',*,*,#10073,.F.);
#8269=ORIENTED_EDGE('',*,*,#10075,.T.);
#8270=ORIENTED_EDGE('',*,*,#8733,.T.);
#8271=ORIENTED_EDGE('',*,*,#10076,.F.);
#8272=ORIENTED_EDGE('',*,*,#8797,.F.);
#8273=ORIENTED_EDGE('',*,*,#9732,.F.);
#8274=ORIENTED_EDGE('',*,*,#8679,.F.);
#8275=ORIENTED_EDGE('',*,*,#9749,.F.);
#8276=ORIENTED_EDGE('',*,*,#8789,.F.);
#8277=ORIENTED_EDGE('',*,*,#9748,.F.);
#8278=ORIENTED_EDGE('',*,*,#9750,.T.);
#8279=ORIENTED_EDGE('',*,*,#8739,.F.);
#8280=ORIENTED_EDGE('',*,*,#10066,.F.);
#8281=ORIENTED_EDGE('',*,*,#9635,.F.);
#8282=ORIENTED_EDGE('',*,*,#8703,.F.);
#8283=ORIENTED_EDGE('',*,*,#8783,.F.);
#8284=ORIENTED_EDGE('',*,*,#8711,.F.);
#8285=ORIENTED_EDGE('',*,*,#10121,.F.);
#8286=ORIENTED_EDGE('',*,*,#9794,.F.);
#8287=ORIENTED_EDGE('',*,*,#9829,.F.);
#8288=ORIENTED_EDGE('',*,*,#10061,.T.);
#8289=ORIENTED_EDGE('',*,*,#8778,.F.);
#8290=ORIENTED_EDGE('',*,*,#9824,.F.);
#8291=ORIENTED_EDGE('',*,*,#10062,.F.);
#8292=ORIENTED_EDGE('',*,*,#8683,.F.);
#8293=ORIENTED_EDGE('',*,*,#9237,.F.);
#8294=ORIENTED_EDGE('',*,*,#8695,.F.);
#8295=ORIENTED_EDGE('',*,*,#10064,.F.);
#8296=ORIENTED_EDGE('',*,*,#8675,.F.);
#8297=ORIENTED_EDGE('',*,*,#10068,.F.);
#8298=ORIENTED_EDGE('',*,*,#8699,.F.);
#8299=ORIENTED_EDGE('',*,*,#10069,.F.);
#8300=ORIENTED_EDGE('',*,*,#8770,.F.);
#8301=CARTESIAN_POINT('',(1.13797860024079E-15,6.82359182521382,11.3349968499999));
#8302=DIRECTION('',(-1.0,0.0,0.0));
#8303=DIRECTION('',(0.0,0.0,1.0));
#8304=ORIENTED_EDGE('',*,*,#10122,.F.);
#8305=ORIENTED_EDGE('',*,*,#8664,.F.);
#8306=ORIENTED_EDGE('',*,*,#9247,.F.);
#8307=ORIENTED_EDGE('',*,*,#8690,.T.);
#8308=CARTESIAN_POINT('',(2.52125315,2.67000000000017,15.00500315));
#8309=DIRECTION('',(0.0,-1.0,0.0));
#8310=DIRECTION('',(0.0,0.0,-1.0));
#8311=ORIENTED_EDGE('',*,*,#9792,.F.);
#8312=ORIENTED_EDGE('',*,*,#9728,.F.);
#8313=ORIENTED_EDGE('',*,*,#9951,.F.);
#8314=ORIENTED_EDGE('',*,*,#10082,.F.);
#8315=ORIENTED_EDGE('',*,*,#10120,.F.);
#8316=ORIENTED_EDGE('',*,*,#9936,.F.);
#8317=ORIENTED_EDGE('',*,*,#9539,.F.);
#8318=ORIENTED_EDGE('',*,*,#9252,.F.);
#8319=ORIENTED_EDGE('',*,*,#9212,.F.);
#8320=ORIENTED_EDGE('',*,*,#10067,.F.);
#8321=ORIENTED_EDGE('',*,*,#9266,.F.);
#8322=ORIENTED_EDGE('',*,*,#9526,.F.);
#8323=ORIENTED_EDGE('',*,*,#10091,.F.);
#8324=ORIENTED_EDGE('',*,*,#10080,.F.);
#8325=ORIENTED_EDGE('',*,*,#9805,.F.);
#8326=CARTESIAN_POINT('',(1.13797860024079E-15,3.08104134615674,9.49088456448987));
#8327=DIRECTION('',(-1.0,0.0,0.0));
#8328=DIRECTION('',(0.0,0.0,1.0));
#8329=ORIENTED_EDGE('',*,*,#10109,.F.);
#8330=ORIENTED_EDGE('',*,*,#10107,.F.);
#8331=ORIENTED_EDGE('',*,*,#10103,.F.);
#8332=ORIENTED_EDGE('',*,*,#10106,.F.);
#8333=ORIENTED_EDGE('',*,*,#10085,.F.);
#8334=ORIENTED_EDGE('',*,*,#9494,.F.);
#8335=ORIENTED_EDGE('',*,*,#9971,.F.);
#8336=ORIENTED_EDGE('',*,*,#9647,.F.);
#8337=ORIENTED_EDGE('',*,*,#9913,.F.);
#8338=ORIENTED_EDGE('',*,*,#10099,.F.);
#8339=ORIENTED_EDGE('',*,*,#9814,.F.);
#8340=ORIENTED_EDGE('',*,*,#9564,.F.);
#8341=ORIENTED_EDGE('',*,*,#9816,.F.);
#8342=ORIENTED_EDGE('',*,*,#9915,.F.);
#8343=ORIENTED_EDGE('',*,*,#9255,.F.);
#8344=ORIENTED_EDGE('',*,*,#10116,.F.);
#8345=ORIENTED_EDGE('',*,*,#9658,.F.);
#8346=ORIENTED_EDGE('',*,*,#9683,.F.);
#8347=ORIENTED_EDGE('',*,*,#9926,.F.);
#8348=ORIENTED_EDGE('',*,*,#9726,.F.);
#8349=ORIENTED_EDGE('',*,*,#9531,.F.);
#8350=ORIENTED_EDGE('',*,*,#9734,.F.);
#8351=ORIENTED_EDGE('',*,*,#9528,.F.);
#8352=ORIENTED_EDGE('',*,*,#10115,.F.);
#8353=ORIENTED_EDGE('',*,*,#10111,.F.);
#8354=ORIENTED_EDGE('',*,*,#9839,.F.);
#8355=ORIENTED_EDGE('',*,*,#10097,.F.);
#8356=ORIENTED_EDGE('',*,*,#10110,.F.);
#8357=ORIENTED_EDGE('',*,*,#9837,.F.);
#8358=ORIENTED_EDGE('',*,*,#9835,.F.);
#8359=ORIENTED_EDGE('',*,*,#9832,.F.);
#8360=ORIENTED_EDGE('',*,*,#9938,.F.);
#8361=ORIENTED_EDGE('',*,*,#9239,.F.);
#8362=ORIENTED_EDGE('',*,*,#9745,.F.);
#8363=ORIENTED_EDGE('',*,*,#9780,.F.);
#8364=ORIENTED_EDGE('',*,*,#9541,.F.);
#8365=ORIENTED_EDGE('',*,*,#9677,.F.);
#8366=ORIENTED_EDGE('',*,*,#9665,.F.);
#8367=ORIENTED_EDGE('',*,*,#9663,.F.);
#8368=ORIENTED_EDGE('',*,*,#9650,.F.);
#8369=ORIENTED_EDGE('',*,*,#10063,.F.);
#8370=ORIENTED_EDGE('',*,*,#9671,.F.);
#8371=ORIENTED_EDGE('',*,*,#10093,.F.);
#8372=ORIENTED_EDGE('',*,*,#9911,.F.);
#8373=ORIENTED_EDGE('',*,*,#9908,.F.);
#8374=CARTESIAN_POINT('',(1.13797860024079E-15,3.93496789049949,9.67499684999972));
#8375=DIRECTION('',(-1.0,0.0,0.0));
#8376=DIRECTION('',(0.0,0.0,1.0));
#8377=ORIENTED_EDGE('',*,*,#10090,.T.);
#8378=ORIENTED_EDGE('',*,*,#10088,.T.);
#8379=ORIENTED_EDGE('',*,*,#9781,.F.);
#8380=ORIENTED_EDGE('',*,*,#8787,.F.);
#8381=ORIENTED_EDGE('',*,*,#9186,.T.);
#8382=ORIENTED_EDGE('',*,*,#9785,.F.);
#8383=ORIENTED_EDGE('',*,*,#10087,.F.);
#8384=ORIENTED_EDGE('',*,*,#9949,.T.);
#8385=ORIENTED_EDGE('',*,*,#8749,.T.);
#8386=ORIENTED_EDGE('',*,*,#9954,.F.);
#8387=ORIENTED_EDGE('',*,*,#9947,.F.);
#8388=ORIENTED_EDGE('',*,*,#9920,.T.);
#8389=CARTESIAN_POINT('',(0.450000000000004,1.118800927958,-0.148765166992883));
#8390=DIRECTION('',(-1.0,0.0,0.0));
#8391=DIRECTION('',(0.0,0.0,1.0));
#8392=ORIENTED_EDGE('',*,*,#9693,.T.);
#8393=ORIENTED_EDGE('',*,*,#8912,.T.);
#8394=ORIENTED_EDGE('',*,*,#9939,.F.);
#8395=ORIENTED_EDGE('',*,*,#9927,.F.);
#8396=CARTESIAN_POINT('',(2.55125315,3.25000000000016,-0.0143108002460557));
#8397=DIRECTION('',(0.0,-1.0,0.0));
#8398=DIRECTION('',(0.0,0.0,-1.0));
#8399=ORIENTED_EDGE('',*,*,#9719,.F.);
#8400=ORIENTED_EDGE('',*,*,#9208,.F.);
#8401=ORIENTED_EDGE('',*,*,#9779,.F.);
#8402=ORIENTED_EDGE('',*,*,#9216,.F.);
#8403=ORIENTED_EDGE('',*,*,#9220,.F.);
#8404=ORIENTED_EDGE('',*,*,#9204,.F.);
#8405=ORIENTED_EDGE('',*,*,#9698,.F.);
#8406=ORIENTED_EDGE('',*,*,#9491,.F.);
#8407=CARTESIAN_POINT('',(1.13797860024079E-15,5.76406313504441,9.67499684999972));
#8408=DIRECTION('',(-1.0,0.0,0.0));
#8409=DIRECTION('',(0.0,0.0,1.0));
#8410=ORIENTED_EDGE('',*,*,#9893,.F.);
#8411=ORIENTED_EDGE('',*,*,#8689,.T.);
#8412=ORIENTED_EDGE('',*,*,#10094,.F.);
#8413=ORIENTED_EDGE('',*,*,#8669,.T.);
#8414=ORIENTED_EDGE('',*,*,#9163,.F.);
#8415=ORIENTED_EDGE('',*,*,#8665,.T.);
#8416=ORIENTED_EDGE('',*,*,#10122,.T.);
#8417=ORIENTED_EDGE('',*,*,#8693,.T.);
#8418=CARTESIAN_POINT('',(1.47499685,1.54249685000016,14.8));
#8419=DIRECTION('',(0.0,0.0,1.0));
#8420=DIRECTION('',(1.0,0.0,0.0));
#8421=ORIENTED_EDGE('',*,*,#9591,.T.);
#8422=ORIENTED_EDGE('',*,*,#9955,.T.);
#8423=ORIENTED_EDGE('',*,*,#9365,.T.);
#8424=ORIENTED_EDGE('',*,*,#9735,.F.);
#8425=CARTESIAN_POINT('',(-0.03075315,2.12970046622052,9.89806943695577));
#8426=DIRECTION('',(0.0,0.95742326718858,0.288687872010491));
#8427=DIRECTION('',(1.0,0.0,-0.0));
#8428=ORIENTED_EDGE('',*,*,#8710,.T.);
#8429=ORIENTED_EDGE('',*,*,#10114,.F.);
#8430=ORIENTED_EDGE('',*,*,#9795,.F.);
#8431=ORIENTED_EDGE('',*,*,#10121,.T.);
#8432=CARTESIAN_POINT('',(0.000766571026939292,5.53532921810695,12.8878637464856));
#8433=DIRECTION('',(1.0,0.0,0.0));
#8434=DIRECTION('',(0.0,-0.998341816614028,0.0575640269595766));
#8435=ORIENTED_EDGE('',*,*,#8706,.T.);
#8436=ORIENTED_EDGE('',*,*,#9892,.T.);
#8437=ORIENTED_EDGE('',*,*,#8708,.T.);
#8438=ORIENTED_EDGE('',*,*,#9831,.T.);
#8439=CARTESIAN_POINT('',(2.5,5.27000000000017,11.3127801533508));
#8440=DIRECTION('',(0.0,0.0,-1.0));
#8441=DIRECTION('',(0.0462173340929395,0.998931408070315,0.0));
#8442=EDGE_CURVE('',#10123,#10124,#10125,.T.);
#8443=EDGE_CURVE('',#10123,#10126,#10127,.T.);
#8444=EDGE_CURVE('',#10128,#10126,#10129,.T.);
#8445=EDGE_CURVE('',#10124,#10128,#10130,.T.);
#8446=EDGE_CURVE('',#10131,#10132,#10133,.T.);
#8447=EDGE_CURVE('',#10134,#10131,#10135,.T.);
#8448=EDGE_CURVE('',#10134,#10136,#10137,.T.);
#8449=EDGE_CURVE('',#10136,#10132,#10138,.T.);
#8450=EDGE_CURVE('',#10139,#10140,#10141,.T.);
#8451=EDGE_CURVE('',#10128,#10139,#10142,.T.);
#8452=EDGE_CURVE('',#10126,#10140,#10143,.T.);
#8453=EDGE_CURVE('',#10144,#10145,#10146,.T.);
#8454=EDGE_CURVE('',#10144,#10136,#10147,.T.);
#8455=EDGE_CURVE('',#10145,#10134,#10148,.T.);
#8456=EDGE_CURVE('',#10149,#10145,#10150,.T.);
#8457=EDGE_CURVE('',#10131,#10149,#10151,.T.);
#8458=EDGE_CURVE('',#10139,#10152,#10153,.T.);
#8459=EDGE_CURVE('',#10152,#10124,#10154,.T.);
#8460=EDGE_CURVE('',#10155,#10144,#10156,.T.);
#8461=EDGE_CURVE('',#10132,#10155,#10157,.T.);
#8462=EDGE_CURVE('',#10158,#10123,#10159,.T.);
#8463=EDGE_CURVE('',#10140,#10158,#10160,.T.);
#8464=EDGE_CURVE('',#10149,#10155,#10161,.T.);
#8465=EDGE_CURVE('',#10152,#10158,#10162,.T.);
#8466=EDGE_CURVE('',#10163,#10164,#10165,.T.);
#8467=EDGE_CURVE('',#10166,#10163,#10167,.T.);
#8468=EDGE_CURVE('',#10166,#10168,#10169,.T.);
#8469=EDGE_CURVE('',#10168,#10164,#10170,.T.);
#8470=EDGE_CURVE('',#10171,#10172,#10173,.T.);
#8471=EDGE_CURVE('',#10172,#10174,#10175,.T.);
#8472=EDGE_CURVE('',#10174,#10176,#10177,.T.);
#8473=EDGE_CURVE('',#10171,#10176,#10178,.T.);
#8474=EDGE_CURVE('',#10164,#10179,#10180,.T.);
#8475=EDGE_CURVE('',#10181,#10179,#10182,.T.);
#8476=EDGE_CURVE('',#10183,#10181,#10184,.T.);
#8477=EDGE_CURVE('',#10185,#10183,#10186,.T.);
#8478=EDGE_CURVE('',#10163,#10185,#10187,.T.);
#8479=EDGE_CURVE('',#10188,#10166,#10189,.T.);
#8480=EDGE_CURVE('',#10188,#10190,#10191,.T.);
#8481=EDGE_CURVE('',#10192,#10190,#10193,.T.);
#8482=EDGE_CURVE('',#10192,#10194,#10195,.T.);
#8483=EDGE_CURVE('',#10194,#10168,#10196,.T.);
#8484=EDGE_CURVE('',#10197,#10198,#10199,.T.);
#8485=EDGE_CURVE('',#10200,#10197,#10201,.T.);
#8486=EDGE_CURVE('',#10202,#10200,#10203,.T.);
#8487=EDGE_CURVE('',#10198,#10202,#10204,.T.);
#8488=EDGE_CURVE('',#10205,#10206,#10207,.T.);
#8489=EDGE_CURVE('',#10206,#10208,#10209,.T.);
#8490=EDGE_CURVE('',#10210,#10208,#10211,.T.);
#8491=EDGE_CURVE('',#10205,#10210,#10212,.T.);
#8492=EDGE_CURVE('',#10213,#10214,#10215,.T.);
#8493=EDGE_CURVE('',#10174,#10214,#10216,.T.);
#8494=EDGE_CURVE('',#10217,#10172,#10218,.T.);
#8495=EDGE_CURVE('',#10219,#10217,#10220,.T.);
#8496=EDGE_CURVE('',#10205,#10219,#10221,.T.);
#8497=EDGE_CURVE('',#10213,#10210,#10222,.T.);
#8498=EDGE_CURVE('',#10179,#10194,#10223,.T.);
#8499=EDGE_CURVE('',#10213,#10224,#10225,.T.);
#8500=EDGE_CURVE('',#10224,#10226,#10227,.T.);
#8501=EDGE_CURVE('',#10214,#10226,#10228,.T.);
#8502=EDGE_CURVE('',#10192,#10181,#10229,.T.);
#8503=EDGE_CURVE('',#10230,#10231,#10232,.T.);
#8504=EDGE_CURVE('',#10219,#10230,#10233,.T.);
#8505=EDGE_CURVE('',#10231,#10217,#10234,.T.);
#8506=EDGE_CURVE('',#10206,#10198,#10235,.T.);
#8507=EDGE_CURVE('',#10202,#10171,#10236,.T.);
#8508=EDGE_CURVE('',#10176,#10226,#10237,.T.);
#8509=EDGE_CURVE('',#10224,#10208,#10238,.T.);
#8510=EDGE_CURVE('',#10185,#10188,#10239,.T.);
#8511=EDGE_CURVE('',#10240,#10230,#10241,.T.);
#8512=EDGE_CURVE('',#10197,#10240,#10242,.T.);
#8513=EDGE_CURVE('',#10243,#10200,#10244,.T.);
#8514=EDGE_CURVE('',#10231,#10243,#10245,.T.);
#8515=EDGE_CURVE('',#10183,#10190,#10246,.T.);
#8516=EDGE_CURVE('',#10247,#10183,#10248,.T.);
#8517=EDGE_CURVE('',#10247,#10243,#10249,.T.);
#8518=EDGE_CURVE('',#10250,#10240,#10251,.T.);
#8519=EDGE_CURVE('',#10190,#10250,#10252,.T.);
#8520=EDGE_CURVE('',#10181,#10247,#10253,.T.);
#8521=EDGE_CURVE('',#10250,#10192,#10254,.T.);
#8522=EDGE_CURVE('',#10255,#10256,#10257,.T.);
#8523=EDGE_CURVE('',#10258,#10256,#10259,.T.);
#8524=EDGE_CURVE('',#10260,#10258,#10261,.T.);
#8525=EDGE_CURVE('',#10260,#10255,#10262,.T.);
#8526=EDGE_CURVE('',#10263,#10264,#10265,.T.);
#8527=EDGE_CURVE('',#10263,#10266,#10267,.T.);
#8528=EDGE_CURVE('',#10266,#10268,#10269,.T.);
#8529=EDGE_CURVE('',#10264,#10268,#10270,.T.);
#8530=EDGE_CURVE('',#10271,#10272,#10273,.T.);
#8531=EDGE_CURVE('',#10271,#10274,#10275,.T.);
#8532=EDGE_CURVE('',#10255,#10274,#10276,.T.);
#8533=EDGE_CURVE('',#10264,#10260,#10277,.T.);
#8534=EDGE_CURVE('',#10278,#10268,#10279,.T.);
#8535=EDGE_CURVE('',#10272,#10278,#10280,.T.);
#8536=EDGE_CURVE('',#10272,#10271,#10281,.T.);
#8537=EDGE_CURVE('',#10282,#10283,#10284,.T.);
#8538=EDGE_CURVE('',#10283,#10282,#10285,.T.);
#8539=EDGE_CURVE('',#10266,#10278,#10286,.T.);
#8540=EDGE_CURVE('',#10287,#10288,#10289,.T.);
#8541=EDGE_CURVE('',#10288,#10287,#10290,.T.);
#8542=EDGE_CURVE('',#10258,#10263,#10291,.T.);
#8543=EDGE_CURVE('',#10282,#10287,#10292,.T.);
#8544=EDGE_CURVE('',#10283,#10288,#10293,.T.);
#8545=EDGE_CURVE('',#10274,#10256,#10294,.T.);
#8546=EDGE_CURVE('',#10295,#10296,#10297,.T.);
#8547=EDGE_CURVE('',#10295,#10298,#10299,.T.);
#8548=EDGE_CURVE('',#10300,#10298,#10301,.T.);
#8549=EDGE_CURVE('',#10296,#10300,#10302,.T.);
#8550=EDGE_CURVE('',#10303,#10304,#10305,.T.);
#8551=EDGE_CURVE('',#10306,#10303,#10307,.T.);
#8552=EDGE_CURVE('',#10306,#10308,#10309,.T.);
#8553=EDGE_CURVE('',#10308,#10304,#10310,.T.);
#8554=EDGE_CURVE('',#10311,#10312,#10313,.T.);
#8555=EDGE_CURVE('',#10300,#10311,#10314,.T.);
#8556=EDGE_CURVE('',#10298,#10312,#10315,.T.);
#8557=EDGE_CURVE('',#10316,#10317,#10318,.T.);
#8558=EDGE_CURVE('',#10316,#10308,#10319,.T.);
#8559=EDGE_CURVE('',#10317,#10306,#10320,.T.);
#8560=EDGE_CURVE('',#10321,#10317,#10322,.T.);
#8561=EDGE_CURVE('',#10303,#10321,#10323,.T.);
#8562=EDGE_CURVE('',#10311,#10324,#10325,.T.);
#8563=EDGE_CURVE('',#10324,#10296,#10326,.T.);
#8564=EDGE_CURVE('',#10327,#10316,#10328,.T.);
#8565=EDGE_CURVE('',#10304,#10327,#10329,.T.);
#8566=EDGE_CURVE('',#10330,#10295,#10331,.T.);
#8567=EDGE_CURVE('',#10312,#10330,#10332,.T.);
#8568=EDGE_CURVE('',#10321,#10327,#10333,.T.);
#8569=EDGE_CURVE('',#10324,#10330,#10334,.T.);
#8570=EDGE_CURVE('',#10335,#10336,#10337,.T.);
#8571=EDGE_CURVE('',#10338,#10335,#10339,.T.);
#8572=EDGE_CURVE('',#10338,#10340,#10341,.T.);
#8573=EDGE_CURVE('',#10340,#10336,#10342,.T.);
#8574=EDGE_CURVE('',#10343,#10344,#10345,.T.);
#8575=EDGE_CURVE('',#10344,#10346,#10347,.T.);
#8576=EDGE_CURVE('',#10346,#10348,#10349,.T.);
#8577=EDGE_CURVE('',#10343,#10348,#10350,.T.);
#8578=EDGE_CURVE('',#10336,#10351,#10352,.T.);
#8579=EDGE_CURVE('',#10353,#10351,#10354,.T.);
#8580=EDGE_CURVE('',#10355,#10353,#10356,.T.);
#8581=EDGE_CURVE('',#10357,#10355,#10358,.T.);
#8582=EDGE_CURVE('',#10335,#10357,#10359,.T.);
#8583=EDGE_CURVE('',#10360,#10338,#10361,.T.);
#8584=EDGE_CURVE('',#10360,#10362,#10363,.T.);
#8585=EDGE_CURVE('',#10364,#10362,#10365,.T.);
#8586=EDGE_CURVE('',#10364,#10366,#10367,.T.);
#8587=EDGE_CURVE('',#10366,#10340,#10368,.T.);
#8588=EDGE_CURVE('',#10369,#10370,#10371,.T.);
#8589=EDGE_CURVE('',#10372,#10369,#10373,.T.);
#8590=EDGE_CURVE('',#10374,#10372,#10375,.T.);
#8591=EDGE_CURVE('',#10370,#10374,#10376,.T.);
#8592=EDGE_CURVE('',#10377,#10378,#10379,.T.);
#8593=EDGE_CURVE('',#10378,#10380,#10381,.T.);
#8594=EDGE_CURVE('',#10382,#10380,#10383,.T.);
#8595=EDGE_CURVE('',#10377,#10382,#10384,.T.);
#8596=EDGE_CURVE('',#10385,#10386,#10387,.T.);
#8597=EDGE_CURVE('',#10346,#10386,#10388,.T.);
#8598=EDGE_CURVE('',#10389,#10344,#10390,.T.);
#8599=EDGE_CURVE('',#10391,#10389,#10392,.T.);
#8600=EDGE_CURVE('',#10377,#10391,#10393,.T.);
#8601=EDGE_CURVE('',#10385,#10382,#10394,.T.);
#8602=EDGE_CURVE('',#10351,#10366,#10395,.T.);
#8603=EDGE_CURVE('',#10385,#10396,#10397,.T.);
#8604=EDGE_CURVE('',#10396,#10398,#10399,.T.);
#8605=EDGE_CURVE('',#10386,#10398,#10400,.T.);
#8606=EDGE_CURVE('',#10364,#10353,#10401,.T.);
#8607=EDGE_CURVE('',#10402,#10403,#10404,.T.);
#8608=EDGE_CURVE('',#10391,#10402,#10405,.T.);
#8609=EDGE_CURVE('',#10403,#10389,#10406,.T.);
#8610=EDGE_CURVE('',#10378,#10370,#10407,.T.);
#8611=EDGE_CURVE('',#10374,#10343,#10408,.T.);
#8612=EDGE_CURVE('',#10348,#10398,#10409,.T.);
#8613=EDGE_CURVE('',#10396,#10380,#10410,.T.);
#8614=EDGE_CURVE('',#10357,#10360,#10411,.T.);
#8615=EDGE_CURVE('',#10412,#10402,#10413,.T.);
#8616=EDGE_CURVE('',#10369,#10412,#10414,.T.);
#8617=EDGE_CURVE('',#10415,#10372,#10416,.T.);
#8618=EDGE_CURVE('',#10403,#10415,#10417,.T.);
#8619=EDGE_CURVE('',#10355,#10362,#10418,.T.);
#8620=EDGE_CURVE('',#10419,#10355,#10420,.T.);
#8621=EDGE_CURVE('',#10419,#10415,#10421,.T.);
#8622=EDGE_CURVE('',#10422,#10412,#10423,.T.);
#8623=EDGE_CURVE('',#10362,#10422,#10424,.T.);
#8624=EDGE_CURVE('',#10353,#10419,#10425,.T.);
#8625=EDGE_CURVE('',#10422,#10364,#10426,.T.);
#8626=EDGE_CURVE('',#10427,#10428,#10429,.T.);
#8627=EDGE_CURVE('',#10430,#10428,#10431,.T.);
#8628=EDGE_CURVE('',#10432,#10430,#10433,.T.);
#8629=EDGE_CURVE('',#10432,#10427,#10434,.T.);
#8630=EDGE_CURVE('',#10435,#10436,#10437,.T.);
#8631=EDGE_CURVE('',#10435,#10438,#10439,.T.);
#8632=EDGE_CURVE('',#10438,#10440,#10441,.T.);
#8633=EDGE_CURVE('',#10436,#10440,#10442,.T.);
#8634=EDGE_CURVE('',#10443,#10444,#10445,.T.);
#8635=EDGE_CURVE('',#10443,#10446,#10447,.T.);
#8636=EDGE_CURVE('',#10427,#10446,#10448,.T.);
#8637=EDGE_CURVE('',#10436,#10432,#10449,.T.);
#8638=EDGE_CURVE('',#10450,#10440,#10451,.T.);
#8639=EDGE_CURVE('',#10444,#10450,#10452,.T.);
#8640=EDGE_CURVE('',#10444,#10443,#10453,.T.);
#8641=EDGE_CURVE('',#10454,#10455,#10456,.T.);
#8642=EDGE_CURVE('',#10455,#10454,#10457,.T.);
#8643=EDGE_CURVE('',#10438,#10450,#10458,.T.);
#8644=EDGE_CURVE('',#10459,#10460,#10461,.T.);
#8645=EDGE_CURVE('',#10460,#10459,#10462,.T.);
#8646=EDGE_CURVE('',#10430,#10435,#10463,.T.);
#8647=EDGE_CURVE('',#10454,#10459,#10464,.T.);
#8648=EDGE_CURVE('',#10455,#10460,#10465,.T.);
#8649=EDGE_CURVE('',#10446,#10428,#10466,.T.);
#8650=EDGE_CURVE('',#10467,#10468,#10469,.T.);
#8651=EDGE_CURVE('',#10468,#10470,#10471,.T.);
#8652=EDGE_CURVE('',#10472,#10470,#10473,.T.);
#8653=EDGE_CURVE('',#10467,#10472,#10474,.T.);
#8654=EDGE_CURVE('',#10475,#10476,#10477,.T.);
#8655=EDGE_CURVE('',#10476,#10478,#10479,.T.);
#8656=EDGE_CURVE('',#10480,#10478,#10481,.T.);
#8657=EDGE_CURVE('',#10475,#10480,#10482,.T.);
#8658=EDGE_CURVE('',#10483,#10484,#10485,.T.);
#8659=EDGE_CURVE('',#10484,#10486,#10487,.T.);
#8660=EDGE_CURVE('',#10488,#10486,#10489,.T.);
#8661=EDGE_CURVE('',#10483,#10488,#10490,.T.);
#8662=EDGE_CURVE('',#10491,#10492,#10493,.T.);
#8663=EDGE_CURVE('',#10491,#10494,#10495,.T.);
#8664=EDGE_CURVE('',#10494,#10496,#10497,.T.);
#8665=EDGE_CURVE('',#10492,#10496,#10498,.T.);
#8666=EDGE_CURVE('',#10499,#10500,#10501,.T.);
#8667=EDGE_CURVE('',#10499,#10502,#10503,.T.);
#8668=EDGE_CURVE('',#10502,#10504,#10505,.T.);
#8669=EDGE_CURVE('',#10500,#10504,#10506,.T.);
#8670=EDGE_CURVE('',#10507,#10508,#10509,.T.);
#8671=EDGE_CURVE('',#10508,#10510,#10511,.T.);
#8672=EDGE_CURVE('',#10512,#10510,#10513,.T.);
#8673=EDGE_CURVE('',#10507,#10512,#10514,.T.);
#8674=EDGE_CURVE('',#10515,#10516,#10517,.T.);
#8675=EDGE_CURVE('',#10515,#10518,#10519,.T.);
#8676=EDGE_CURVE('',#10518,#10520,#10521,.T.);
#8677=EDGE_CURVE('',#10516,#10520,#10522,.T.);
#8678=EDGE_CURVE('',#10523,#10524,#10525,.T.);
#8679=EDGE_CURVE('',#10523,#10526,#10527,.T.);
#8680=EDGE_CURVE('',#10526,#10528,#10529,.T.);
#8681=EDGE_CURVE('',#10524,#10528,#10530,.T.);
#8682=EDGE_CURVE('',#10531,#10532,#10533,.T.);
#8683=EDGE_CURVE('',#10531,#10534,#10535,.T.);
#8684=EDGE_CURVE('',#10534,#10536,#10537,.T.);
#8685=EDGE_CURVE('',#10532,#10536,#10538,.T.);
#8686=EDGE_CURVE('',#10539,#10540,#10541,.T.);
#8687=EDGE_CURVE('',#10539,#10542,#10543,.T.);
#8688=EDGE_CURVE('',#10542,#10544,#10545,.T.);
#8689=EDGE_CURVE('',#10540,#10544,#10546,.T.);
#8690=EDGE_CURVE('',#10547,#10548,#10549,.T.);
#8691=EDGE_CURVE('',#10547,#10550,#10551,.T.);
#8692=EDGE_CURVE('',#10550,#10552,#10553,.T.);
#8693=EDGE_CURVE('',#10548,#10552,#10554,.T.);
#8694=EDGE_CURVE('',#10555,#10556,#10557,.T.);
#8695=EDGE_CURVE('',#10555,#10558,#10559,.T.);
#8696=EDGE_CURVE('',#10558,#10560,#10561,.T.);
#8697=EDGE_CURVE('',#10556,#10560,#10562,.T.);
#8698=EDGE_CURVE('',#10563,#10564,#10565,.T.);
#8699=EDGE_CURVE('',#10563,#10566,#10567,.T.);
#8700=EDGE_CURVE('',#10566,#10568,#10569,.T.);
#8701=EDGE_CURVE('',#10564,#10568,#10570,.T.);
#8702=EDGE_CURVE('',#10571,#10572,#10573,.T.);
#8703=EDGE_CURVE('',#10571,#10574,#10575,.T.);
#8704=EDGE_CURVE('',#10574,#10576,#10577,.T.);
#8705=EDGE_CURVE('',#10572,#10576,#10578,.T.);
#8706=EDGE_CURVE('',#10579,#10580,#10581,.T.);
#8707=EDGE_CURVE('',#10579,#10582,#10583,.T.);
#8708=EDGE_CURVE('',#10584,#10582,#10585,.T.);
#8709=EDGE_CURVE('',#10584,#10580,#10586,.T.);
#8710=EDGE_CURVE('',#10587,#10588,#10589,.T.);
#8711=EDGE_CURVE('',#10587,#10590,#10591,.T.);
#8712=EDGE_CURVE('',#10590,#10592,#10593,.T.);
#8713=EDGE_CURVE('',#10588,#10592,#10594,.T.);
#8714=EDGE_CURVE('',#10595,#10596,#10597,.T.);
#8715=EDGE_CURVE('',#10595,#10598,#10599,.T.);
#8716=EDGE_CURVE('',#10598,#10600,#10601,.T.);
#8717=EDGE_CURVE('',#10596,#10600,#10602,.T.);
#8718=EDGE_CURVE('',#10603,#10604,#10605,.T.);
#8719=EDGE_CURVE('',#10603,#10606,#10607,.T.);
#8720=EDGE_CURVE('',#10606,#10608,#10609,.T.);
#8721=EDGE_CURVE('',#10604,#10608,#10610,.T.);
#8722=EDGE_CURVE('',#10611,#10612,#10613,.T.);
#8723=EDGE_CURVE('',#10611,#10614,#10615,.T.);
#8724=EDGE_CURVE('',#10614,#10616,#10617,.T.);
#8725=EDGE_CURVE('',#10612,#10616,#10618,.T.);
#8726=EDGE_CURVE('',#10619,#10620,#10621,.T.);
#8727=EDGE_CURVE('',#10619,#10622,#10623,.T.);
#8728=EDGE_CURVE('',#10624,#10622,#10625,.T.);
#8729=EDGE_CURVE('',#10620,#10624,#10626,.T.);
#8730=EDGE_CURVE('',#10627,#10628,#10629,.T.);
#8731=EDGE_CURVE('',#10627,#10630,#10631,.T.);
#8732=EDGE_CURVE('',#10632,#10630,#10633,.T.);
#8733=EDGE_CURVE('',#10628,#10632,#10634,.T.);
#8734=EDGE_CURVE('',#10635,#10636,#10637,.T.);
#8735=EDGE_CURVE('',#10635,#10638,#10639,.T.);
#8736=EDGE_CURVE('',#10640,#10638,#10641,.T.);
#8737=EDGE_CURVE('',#10636,#10640,#10642,.T.);
#8738=EDGE_CURVE('',#10643,#10644,#10645,.T.);
#8739=EDGE_CURVE('',#10643,#10646,#10647,.T.);
#8740=EDGE_CURVE('',#10646,#10648,#10649,.T.);
#8741=EDGE_CURVE('',#10644,#10648,#10650,.T.);
#8742=EDGE_CURVE('',#10651,#10652,#10653,.T.);
#8743=EDGE_CURVE('',#10651,#10654,#10655,.T.);
#8744=EDGE_CURVE('',#10654,#10656,#10657,.T.);
#8745=EDGE_CURVE('',#10652,#10656,#10658,.T.);
#8746=EDGE_CURVE('',#10659,#10660,#10661,.T.);
#8747=EDGE_CURVE('',#10659,#10662,#10663,.T.);
#8748=EDGE_CURVE('',#10662,#10664,#10665,.T.);
#8749=EDGE_CURVE('',#10660,#10664,#10666,.T.);
#8750=EDGE_CURVE('',#10667,#10668,#10669,.T.);
#8751=EDGE_CURVE('',#10667,#10670,#10671,.T.);
#8752=EDGE_CURVE('',#10672,#10670,#10673,.T.);
#8753=EDGE_CURVE('',#10674,#10672,#10675,.T.);
#8754=EDGE_CURVE('',#10668,#10674,#10676,.T.);
#8755=EDGE_CURVE('',#10674,#10677,#10678,.T.);
#8756=EDGE_CURVE('',#10672,#10679,#10680,.T.);
#8757=EDGE_CURVE('',#10681,#10679,#10682,.T.);
#8758=EDGE_CURVE('',#10683,#10681,#10684,.T.);
#8759=EDGE_CURVE('',#10677,#10683,#10685,.T.);
#8760=EDGE_CURVE('',#10686,#10687,#10688,.T.);
#8761=EDGE_CURVE('',#10686,#10677,#10689,.T.);
#8762=EDGE_CURVE('',#10690,#10683,#10691,.T.);
#8763=EDGE_CURVE('',#10687,#10690,#10692,.T.);
#8764=EDGE_CURVE('',#10693,#10694,#10695,.T.);
#8765=EDGE_CURVE('',#10693,#10696,#10697,.T.);
#8766=EDGE_CURVE('',#10696,#10698,#10699,.T.);
#8767=EDGE_CURVE('',#10698,#10700,#10701,.T.);
#8768=EDGE_CURVE('',#10694,#10700,#10702,.T.);
#8769=EDGE_CURVE('',#10703,#10704,#10705,.T.);
#8770=EDGE_CURVE('',#10703,#10706,#10707,.T.);
#8771=EDGE_CURVE('',#10706,#10708,#10709,.T.);
#8772=EDGE_CURVE('',#10704,#10708,#10710,.T.);
#8773=EDGE_CURVE('',#10711,#10712,#10713,.T.);
#8774=EDGE_CURVE('',#10711,#10714,#10715,.T.);
#8775=EDGE_CURVE('',#10716,#10714,#10717,.T.);
#8776=EDGE_CURVE('',#10712,#10716,#10718,.T.);
#8777=EDGE_CURVE('',#10719,#10720,#10721,.T.);
#8778=EDGE_CURVE('',#10719,#10722,#10723,.T.);
#8779=EDGE_CURVE('',#10722,#10724,#10725,.T.);
#8780=EDGE_CURVE('',#10720,#10724,#10726,.T.);
#8781=EDGE_CURVE('',#10727,#10728,#10729,.T.);
#8782=EDGE_CURVE('',#10592,#10727,#10730,.T.);
#8783=EDGE_CURVE('',#10590,#10728,#10731,.T.);
#8784=EDGE_CURVE('',#10732,#10733,#10734,.T.);
#8785=EDGE_CURVE('',#10735,#10732,#10736,.T.);
#8786=EDGE_CURVE('',#10735,#10737,#10738,.T.);
#8787=EDGE_CURVE('',#10737,#10733,#10739,.T.);
#8788=EDGE_CURVE('',#10740,#10741,#10742,.T.);
#8789=EDGE_CURVE('',#10740,#10743,#10744,.T.);
#8790=EDGE_CURVE('',#10743,#10745,#10746,.T.);
#8791=EDGE_CURVE('',#10741,#10745,#10747,.T.);
#8792=EDGE_CURVE('',#10748,#10749,#10750,.T.);
#8793=EDGE_CURVE('',#10748,#10751,#10752,.T.);
#8794=EDGE_CURVE('',#10751,#10753,#10754,.T.);
#8795=EDGE_CURVE('',#10749,#10753,#10755,.T.);
#8796=EDGE_CURVE('',#10756,#10757,#10758,.T.);
#8797=EDGE_CURVE('',#10756,#10571,#10759,.T.);
#8798=EDGE_CURVE('',#10757,#10572,#10760,.T.);
#8799=EDGE_CURVE('',#10761,#10762,#10763,.T.);
#8800=EDGE_CURVE('',#10761,#10764,#10765,.T.);
#8801=EDGE_CURVE('',#10764,#10766,#10767,.T.);
#8802=EDGE_CURVE('',#10762,#10766,#10768,.T.);
#8803=EDGE_CURVE('',#10769,#10770,#10771,.T.);
#8804=EDGE_CURVE('',#10772,#10769,#10773,.T.);
#8805=EDGE_CURVE('',#10774,#10772,#10775,.T.);
#8806=EDGE_CURVE('',#10774,#10770,#10776,.T.);
#8807=EDGE_CURVE('',#10777,#10778,#10779,.T.);
#8808=EDGE_CURVE('',#10777,#10780,#10781,.T.);
#8809=EDGE_CURVE('',#10780,#10782,#10783,.T.);
#8810=EDGE_CURVE('',#10778,#10782,#10784,.T.);
#8811=EDGE_CURVE('',#10785,#10786,#10787,.T.);
#8812=EDGE_CURVE('',#10785,#10788,#10789,.T.);
#8813=EDGE_CURVE('',#10790,#10788,#10791,.T.);
#8814=EDGE_CURVE('',#10786,#10790,#10792,.T.);
#8815=EDGE_CURVE('',#10793,#10794,#10795,.T.);
#8816=EDGE_CURVE('',#10796,#10793,#10797,.T.);
#8817=EDGE_CURVE('',#10798,#10796,#10799,.T.);
#8818=EDGE_CURVE('',#10798,#10800,#10801,.T.);
#8819=EDGE_CURVE('',#10800,#10794,#10802,.T.);
#8820=EDGE_CURVE('',#10803,#10804,#10805,.T.);
#8821=EDGE_CURVE('',#10803,#10806,#10807,.T.);
#8822=EDGE_CURVE('',#10808,#10806,#10809,.T.);
#8823=EDGE_CURVE('',#10804,#10808,#10810,.T.);
#8824=EDGE_CURVE('',#10811,#10812,#10813,.T.);
#8825=EDGE_CURVE('',#10814,#10811,#10815,.T.);
#8826=EDGE_CURVE('',#10816,#10814,#10817,.T.);
#8827=EDGE_CURVE('',#10818,#10816,#10819,.T.);
#8828=EDGE_CURVE('',#10818,#10812,#10820,.T.);
#8829=EDGE_CURVE('',#10821,#10814,#10822,.T.);
#8830=EDGE_CURVE('',#10823,#10821,#10824,.T.);
#8831=EDGE_CURVE('',#10825,#10823,#10826,.T.);
#8832=EDGE_CURVE('',#10827,#10825,#10828,.T.);
#8833=EDGE_CURVE('',#10827,#10816,#10829,.T.);
#8834=EDGE_CURVE('',#10830,#10831,#10832,.T.);
#8835=EDGE_CURVE('',#10833,#10830,#10834,.T.);
#8836=EDGE_CURVE('',#10833,#10835,#10836,.T.);
#8837=EDGE_CURVE('',#10831,#10835,#10837,.T.);
#8838=EDGE_CURVE('',#10838,#10839,#10840,.T.);
#8839=EDGE_CURVE('',#10841,#10838,#10842,.T.);
#8840=EDGE_CURVE('',#10841,#10843,#10844,.T.);
#8841=EDGE_CURVE('',#10839,#10843,#10845,.T.);
#8842=EDGE_CURVE('',#10846,#10847,#10848,.T.);
#8843=EDGE_CURVE('',#10849,#10846,#10850,.T.);
#8844=EDGE_CURVE('',#10823,#10849,#10851,.T.);
#8845=EDGE_CURVE('',#10821,#10847,#10852,.T.);
#8846=EDGE_CURVE('',#10853,#10854,#10855,.T.);
#8847=EDGE_CURVE('',#10853,#10856,#10857,.T.);
#8848=EDGE_CURVE('',#10856,#10858,#10859,.T.);
#8849=EDGE_CURVE('',#10854,#10858,#10860,.T.);
#8850=EDGE_CURVE('',#10861,#10862,#10863,.T.);
#8851=EDGE_CURVE('',#10861,#10864,#10865,.T.);
#8852=EDGE_CURVE('',#10864,#10866,#10867,.T.);
#8853=EDGE_CURVE('',#10862,#10866,#10868,.T.);
#8854=EDGE_CURVE('',#10869,#10870,#10871,.T.);
#8855=EDGE_CURVE('',#10872,#10869,#10873,.T.);
#8856=EDGE_CURVE('',#10872,#10874,#10875,.T.);
#8857=EDGE_CURVE('',#10870,#10874,#10876,.T.);
#8858=EDGE_CURVE('',#10877,#10878,#10879,.T.);
#8859=EDGE_CURVE('',#10877,#10880,#10881,.T.);
#8860=EDGE_CURVE('',#10880,#10882,#10883,.T.);
#8861=EDGE_CURVE('',#10878,#10882,#10884,.T.);
#8862=EDGE_CURVE('',#10885,#10886,#10887,.T.);
#8863=EDGE_CURVE('',#10885,#10888,#10889,.T.);
#8864=EDGE_CURVE('',#10890,#10888,#10891,.T.);
#8865=EDGE_CURVE('',#10886,#10890,#10892,.T.);
#8866=EDGE_CURVE('',#10893,#10894,#10895,.T.);
#8867=EDGE_CURVE('',#10893,#10896,#10897,.T.);
#8868=EDGE_CURVE('',#10898,#10896,#10899,.T.);
#8869=EDGE_CURVE('',#10894,#10898,#10900,.T.);
#8870=EDGE_CURVE('',#10901,#10902,#10903,.T.);
#8871=EDGE_CURVE('',#10901,#10904,#10905,.T.);
#8872=EDGE_CURVE('',#10906,#10904,#10907,.T.);
#8873=EDGE_CURVE('',#10902,#10906,#10908,.T.);
#8874=EDGE_CURVE('',#10909,#10910,#10911,.T.);
#8875=EDGE_CURVE('',#10909,#10912,#10913,.T.);
#8876=EDGE_CURVE('',#10912,#10914,#10915,.T.);
#8877=EDGE_CURVE('',#10910,#10914,#10916,.T.);
#8878=EDGE_CURVE('',#10917,#10918,#10919,.T.);
#8879=EDGE_CURVE('',#10917,#10920,#10921,.T.);
#8880=EDGE_CURVE('',#10920,#10922,#10923,.T.);
#8881=EDGE_CURVE('',#10918,#10922,#10924,.T.);
#8882=EDGE_CURVE('',#10925,#10926,#10927,.T.);
#8883=EDGE_CURVE('',#10925,#10928,#10929,.T.);
#8884=EDGE_CURVE('',#10928,#10930,#10931,.T.);
#8885=EDGE_CURVE('',#10926,#10930,#10932,.T.);
#8886=EDGE_CURVE('',#10933,#10934,#10935,.T.);
#8887=EDGE_CURVE('',#10933,#10936,#10937,.T.);
#8888=EDGE_CURVE('',#10936,#10938,#10939,.T.);
#8889=EDGE_CURVE('',#10934,#10938,#10940,.T.);
#8890=EDGE_CURVE('',#10941,#10942,#10943,.T.);
#8891=EDGE_CURVE('',#10941,#10944,#10945,.T.);
#8892=EDGE_CURVE('',#10946,#10944,#10947,.T.);
#8893=EDGE_CURVE('',#10942,#10946,#10948,.T.);
#8894=EDGE_CURVE('',#10949,#10950,#10951,.T.);
#8895=EDGE_CURVE('',#10949,#10952,#10953,.T.);
#8896=EDGE_CURVE('',#10952,#10954,#10955,.T.);
#8897=EDGE_CURVE('',#10950,#10954,#10956,.T.);
#8898=EDGE_CURVE('',#10957,#10958,#10959,.T.);
#8899=EDGE_CURVE('',#10957,#10960,#10961,.T.);
#8900=EDGE_CURVE('',#10960,#10962,#10963,.T.);
#8901=EDGE_CURVE('',#10958,#10962,#10964,.T.);
#8902=EDGE_CURVE('',#10965,#10966,#10967,.T.);
#8903=EDGE_CURVE('',#10965,#10968,#10969,.T.);
#8904=EDGE_CURVE('',#10968,#10970,#10971,.T.);
#8905=EDGE_CURVE('',#10966,#10970,#10972,.T.);
#8906=EDGE_CURVE('',#10973,#10974,#10975,.T.);
#8907=EDGE_CURVE('',#10973,#10976,#10977,.T.);
#8908=EDGE_CURVE('',#10976,#10978,#10979,.T.);
#8909=EDGE_CURVE('',#10974,#10978,#10980,.T.);
#8910=EDGE_CURVE('',#10981,#10982,#10983,.T.);
#8911=EDGE_CURVE('',#10984,#10981,#10985,.T.);
#8912=EDGE_CURVE('',#10986,#10984,#10987,.T.);
#8913=EDGE_CURVE('',#10986,#10988,#10989,.T.);
#8914=EDGE_CURVE('',#10988,#10990,#10991,.T.);
#8915=EDGE_CURVE('',#10982,#10990,#10992,.T.);
#8916=EDGE_CURVE('',#10944,#10990,#10993,.T.);
#8917=EDGE_CURVE('',#10988,#10994,#10995,.T.);
#8918=EDGE_CURVE('',#10994,#10996,#10997,.T.);
#8919=EDGE_CURVE('',#10996,#10998,#10999,.T.);
#8920=EDGE_CURVE('',#10998,#10954,#11000,.T.);
#8921=EDGE_CURVE('',#10952,#10946,#11001,.T.);
#8922=EDGE_CURVE('',#11002,#10949,#11003,.T.);
#8923=EDGE_CURVE('',#11002,#10960,#11004,.T.);
#8924=EDGE_CURVE('',#11005,#10957,#11006,.T.);
#8925=EDGE_CURVE('',#11005,#10968,#11007,.T.);
#8926=EDGE_CURVE('',#11008,#10965,#11009,.T.);
#8927=EDGE_CURVE('',#11008,#10976,#11010,.T.);
#8928=EDGE_CURVE('',#10996,#10973,#11011,.T.);
#8929=EDGE_CURVE('',#11012,#10994,#11013,.T.);
#8930=EDGE_CURVE('',#11014,#11012,#11015,.T.);
#8931=EDGE_CURVE('',#11016,#11014,#11017,.T.);
#8932=EDGE_CURVE('',#11018,#11016,#11019,.T.);
#8933=EDGE_CURVE('',#11020,#11018,#11021,.T.);
#8934=EDGE_CURVE('',#11022,#11020,#11023,.T.);
#8935=EDGE_CURVE('',#11024,#11022,#11025,.T.);
#8936=EDGE_CURVE('',#11024,#11026,#11027,.T.);
#8937=EDGE_CURVE('',#11026,#11028,#11029,.T.);
#8938=EDGE_CURVE('',#11030,#11028,#11031,.T.);
#8939=EDGE_CURVE('',#11032,#11030,#11033,.T.);
#8940=EDGE_CURVE('',#11034,#11032,#11035,.T.);
#8941=EDGE_CURVE('',#11034,#10762,#11036,.T.);
#8942=EDGE_CURVE('',#10780,#10766,#11037,.T.);
#8943=EDGE_CURVE('',#11038,#10777,#11039,.T.);
#8944=EDGE_CURVE('',#11040,#11038,#11041,.T.);
#8945=EDGE_CURVE('',#11042,#11040,#11043,.T.);
#8946=EDGE_CURVE('',#11042,#11044,#11045,.T.);
#8947=EDGE_CURVE('',#11044,#11046,#11047,.T.);
#8948=EDGE_CURVE('',#11046,#10942,#11048,.T.);
#8949=EDGE_CURVE('',#10912,#11049,#11050,.T.);
#8950=EDGE_CURVE('',#11051,#10909,#11052,.T.);
#8951=EDGE_CURVE('',#10920,#11051,#11053,.T.);
#8952=EDGE_CURVE('',#11054,#10917,#11055,.T.);
#8953=EDGE_CURVE('',#10928,#11054,#11056,.T.);
#8954=EDGE_CURVE('',#11057,#10925,#11058,.T.);
#8955=EDGE_CURVE('',#10936,#11057,#11059,.T.);
#8956=EDGE_CURVE('',#11049,#10933,#11060,.T.);
#8957=EDGE_CURVE('',#11061,#11062,#11063,.T.);
#8958=EDGE_CURVE('',#11062,#11064,#11065,.T.);
#8959=EDGE_CURVE('',#11066,#11064,#11067,.T.);
#8960=EDGE_CURVE('',#11066,#11061,#11068,.T.);
#8961=EDGE_CURVE('',#11069,#11070,#11071,.T.);
#8962=EDGE_CURVE('',#11072,#11070,#11073,.T.);
#8963=EDGE_CURVE('',#11074,#11072,#11075,.T.);
#8964=EDGE_CURVE('',#11074,#11069,#11076,.T.);
#8965=EDGE_CURVE('',#11077,#11078,#11079,.T.);
#8966=EDGE_CURVE('',#11077,#11080,#11081,.T.);
#8967=EDGE_CURVE('',#11080,#11082,#11083,.T.);
#8968=EDGE_CURVE('',#11078,#11082,#11084,.T.);
#8969=EDGE_CURVE('',#11085,#11086,#11087,.T.);
#8970=EDGE_CURVE('',#11085,#11088,#11089,.T.);
#8971=EDGE_CURVE('',#11090,#11088,#11091,.T.);
#8972=EDGE_CURVE('',#11092,#11090,#11093,.T.);
#8973=EDGE_CURVE('',#11086,#11092,#11094,.T.);
#8974=EDGE_CURVE('',#11095,#11096,#11097,.T.);
#8975=EDGE_CURVE('',#11085,#11095,#11098,.T.);
#8976=EDGE_CURVE('',#11096,#11086,#11099,.T.);
#8977=EDGE_CURVE('',#11100,#11101,#11102,.T.);
#8978=EDGE_CURVE('',#11101,#11103,#11104,.T.);
#8979=EDGE_CURVE('',#11105,#11103,#11106,.T.);
#8980=EDGE_CURVE('',#11105,#11100,#11107,.T.);
#8981=EDGE_CURVE('',#11108,#11044,#11109,.T.);
#8982=EDGE_CURVE('',#11042,#11110,#11111,.T.);
#8983=EDGE_CURVE('',#11108,#11110,#11112,.T.);
#8984=EDGE_CURVE('',#11113,#10941,#11114,.T.);
#8985=EDGE_CURVE('',#11113,#11108,#11115,.T.);
#8986=EDGE_CURVE('',#11116,#11110,#11117,.T.);
#8987=EDGE_CURVE('',#11116,#11118,#11119,.T.);
#8988=EDGE_CURVE('',#11118,#10662,#11120,.T.);
#8989=EDGE_CURVE('',#11121,#10659,#11122,.T.);
#8990=EDGE_CURVE('',#11121,#11123,#11124,.T.);
#8991=EDGE_CURVE('',#11123,#10990,#11125,.T.);
#8992=EDGE_CURVE('',#11046,#11113,#11126,.T.);
#8993=EDGE_CURVE('',#11127,#11016,#11128,.T.);
#8994=EDGE_CURVE('',#11127,#11129,#11130,.T.);
#8995=EDGE_CURVE('',#11129,#11018,#11131,.T.);
#8996=EDGE_CURVE('',#11129,#11132,#11133,.T.);
#8997=EDGE_CURVE('',#11132,#11020,#11134,.T.);
#8998=EDGE_CURVE('',#11024,#11074,#11135,.T.);
#8999=EDGE_CURVE('',#11069,#11022,#11136,.T.);
#9000=EDGE_CURVE('',#11137,#11032,#11138,.T.);
#9001=EDGE_CURVE('',#11030,#11139,#11140,.T.);
#9002=EDGE_CURVE('',#11139,#11137,#11141,.T.);
#9003=EDGE_CURVE('',#11064,#11137,#11142,.T.);
#9004=EDGE_CURVE('',#11066,#11139,#11143,.T.);
#9005=EDGE_CURVE('',#11144,#10962,#11145,.T.);
#9006=EDGE_CURVE('',#11144,#10950,#11146,.T.);
#9007=EDGE_CURVE('',#10998,#10974,#11147,.T.);
#9008=EDGE_CURVE('',#11148,#10978,#11149,.T.);
#9009=EDGE_CURVE('',#11148,#10966,#11150,.T.);
#9010=EDGE_CURVE('',#11151,#10970,#11152,.T.);
#9011=EDGE_CURVE('',#11151,#10958,#11153,.T.);
#9012=EDGE_CURVE('',#11008,#11148,#11154,.T.);
#9013=EDGE_CURVE('',#11005,#11151,#11155,.T.);
#9014=EDGE_CURVE('',#11002,#11144,#11156,.T.);
#9015=EDGE_CURVE('',#10480,#10467,#11157,.T.);
#9016=EDGE_CURVE('',#10468,#10478,#11158,.T.);
#9017=EDGE_CURVE('',#11049,#11159,#11160,.T.);
#9018=EDGE_CURVE('',#11159,#10914,#11161,.T.);
#9019=EDGE_CURVE('',#11162,#10938,#11163,.T.);
#9020=EDGE_CURVE('',#11162,#10926,#11164,.T.);
#9021=EDGE_CURVE('',#11165,#10930,#11166,.T.);
#9022=EDGE_CURVE('',#11165,#10918,#11167,.T.);
#9023=EDGE_CURVE('',#11168,#10922,#11169,.T.);
#9024=EDGE_CURVE('',#11168,#10910,#11170,.T.);
#9025=EDGE_CURVE('',#11159,#10934,#11171,.T.);
#9026=EDGE_CURVE('',#11057,#11162,#11172,.T.);
#9027=EDGE_CURVE('',#11054,#11165,#11173,.T.);
#9028=EDGE_CURVE('',#11051,#11168,#11174,.T.);
#9029=EDGE_CURVE('',#11175,#10902,#11176,.T.);
#9030=EDGE_CURVE('',#11175,#11177,#11178,.T.);
#9031=EDGE_CURVE('',#11177,#10901,#11179,.T.);
#9032=EDGE_CURVE('',#11180,#11181,#11182,.T.);
#9033=EDGE_CURVE('',#10896,#11180,#11183,.T.);
#9034=EDGE_CURVE('',#11184,#10893,#11185,.T.);
#9035=EDGE_CURVE('',#11184,#10862,#11186,.T.);
#9036=EDGE_CURVE('',#10866,#11181,#11187,.T.);
#9037=EDGE_CURVE('',#10888,#10906,#11188,.T.);
#9038=EDGE_CURVE('',#11189,#10885,#11190,.T.);
#9039=EDGE_CURVE('',#11189,#11191,#11192,.T.);
#9040=EDGE_CURVE('',#11193,#11191,#11194,.T.);
#9041=EDGE_CURVE('',#11193,#10870,#11195,.T.);
#9042=EDGE_CURVE('',#10874,#11196,#11197,.T.);
#9043=EDGE_CURVE('',#11198,#11196,#11199,.T.);
#9044=EDGE_CURVE('',#10880,#11198,#11200,.T.);
#9045=EDGE_CURVE('',#11201,#10877,#11202,.T.);
#9046=EDGE_CURVE('',#11203,#11201,#11204,.T.);
#9047=EDGE_CURVE('',#11175,#11203,#11205,.T.);
#9048=EDGE_CURVE('',#11206,#10894,#11207,.T.);
#9049=EDGE_CURVE('',#11206,#11184,#11208,.T.);
#9050=EDGE_CURVE('',#11209,#11210,#11211,.T.);
#9051=EDGE_CURVE('',#10864,#11209,#11212,.T.);
#9052=EDGE_CURVE('',#11206,#10861,#11213,.T.);
#9053=EDGE_CURVE('',#11210,#10898,#11214,.T.);
#9054=EDGE_CURVE('',#11215,#10886,#11216,.T.);
#9055=EDGE_CURVE('',#11215,#11189,#11217,.T.);
#9056=EDGE_CURVE('',#10904,#10890,#11218,.T.);
#9057=EDGE_CURVE('',#11219,#11177,#11220,.T.);
#9058=EDGE_CURVE('',#11219,#11221,#11222,.T.);
#9059=EDGE_CURVE('',#11221,#10878,#11223,.T.);
#9060=EDGE_CURVE('',#10882,#11224,#11225,.T.);
#9061=EDGE_CURVE('',#11224,#11226,#11227,.T.);
#9062=EDGE_CURVE('',#10872,#11226,#11228,.T.);
#9063=EDGE_CURVE('',#10869,#11229,#11230,.T.);
#9064=EDGE_CURVE('',#11231,#11229,#11232,.T.);
#9065=EDGE_CURVE('',#11231,#11215,#11233,.T.);
#9066=EDGE_CURVE('',#11201,#11221,#11234,.T.);
#9067=EDGE_CURVE('',#11196,#11226,#11235,.T.);
#9068=EDGE_CURVE('',#11191,#11231,#11236,.T.);
#9069=EDGE_CURVE('',#11193,#11229,#11237,.T.);
#9070=EDGE_CURVE('',#11198,#11224,#11238,.T.);
#9071=EDGE_CURVE('',#11203,#11219,#11239,.T.);
#9072=EDGE_CURVE('',#11181,#11209,#11240,.T.);
#9073=EDGE_CURVE('',#11210,#11026,#11241,.T.);
#9074=EDGE_CURVE('',#11074,#11242,#11243,.T.);
#9075=EDGE_CURVE('',#11244,#11242,#11245,.T.);
#9076=EDGE_CURVE('',#11246,#11244,#11247,.T.);
#9077=EDGE_CURVE('',#11248,#11246,#11249,.T.);
#9078=EDGE_CURVE('',#11250,#11248,#11251,.T.);
#9079=EDGE_CURVE('',#11250,#11180,#11252,.T.);
#9080=EDGE_CURVE('',#11253,#11250,#11254,.T.);
#9081=EDGE_CURVE('',#11028,#11253,#11255,.T.);
#9082=EDGE_CURVE('',#11256,#11257,#11258,.T.);
#9083=EDGE_CURVE('',#11096,#11256,#11259,.T.);
#9084=EDGE_CURVE('',#11086,#11260,#11261,.T.);
#9085=EDGE_CURVE('',#11260,#11257,#11262,.T.);
#9086=EDGE_CURVE('',#10484,#10470,#11263,.T.);
#9087=EDGE_CURVE('',#10476,#10510,#11264,.T.);
#9088=EDGE_CURVE('',#10508,#10486,#11265,.T.);
#9089=EDGE_CURVE('',#11266,#11267,#11268,.T.);
#9090=EDGE_CURVE('',#11266,#11269,#11270,.T.);
#9091=EDGE_CURVE('',#11269,#11271,#11272,.T.);
#9092=EDGE_CURVE('',#11267,#11271,#11273,.T.);
#9093=EDGE_CURVE('',#11274,#11275,#11276,.T.);
#9094=EDGE_CURVE('',#11274,#11244,#11277,.T.);
#9095=EDGE_CURVE('',#11244,#11278,#11279,.T.);
#9096=EDGE_CURVE('',#11275,#11278,#11280,.T.);
#9097=EDGE_CURVE('',#11281,#11278,#11282,.T.);
#9098=EDGE_CURVE('',#11242,#11281,#11283,.T.);
#9099=EDGE_CURVE('',#11284,#11080,#11285,.T.);
#9100=EDGE_CURVE('',#11286,#11077,#11287,.T.);
#9101=EDGE_CURVE('',#11286,#11284,#11288,.T.);
#9102=EDGE_CURVE('',#11062,#10854,#11289,.T.);
#9103=EDGE_CURVE('',#11061,#10853,#11290,.T.);
#9104=EDGE_CURVE('',#11291,#10798,#11292,.T.);
#9105=EDGE_CURVE('',#10796,#11293,#11294,.T.);
#9106=EDGE_CURVE('',#11291,#11293,#11295,.T.);
#9107=EDGE_CURVE('',#11103,#11296,#11297,.T.);
#9108=EDGE_CURVE('',#11298,#11296,#11299,.T.);
#9109=EDGE_CURVE('',#11298,#11105,#11300,.T.);
#9110=EDGE_CURVE('',#11301,#10858,#11302,.T.);
#9111=EDGE_CURVE('',#11303,#10856,#11304,.T.);
#9112=EDGE_CURVE('',#11303,#11301,#11305,.T.);
#9113=EDGE_CURVE('',#11101,#11306,#11307,.T.);
#9114=EDGE_CURVE('',#11308,#11100,#11309,.T.);
#9115=EDGE_CURVE('',#11308,#11306,#11310,.T.);
#9116=EDGE_CURVE('',#11256,#11311,#11312,.T.);
#9117=EDGE_CURVE('',#11095,#11311,#11313,.T.);
#9118=EDGE_CURVE('',#10847,#10825,#11314,.T.);
#9119=EDGE_CURVE('',#10846,#10849,#11315,.T.);
#9120=EDGE_CURVE('',#10488,#10507,#11316,.T.);
#9121=EDGE_CURVE('',#11317,#11318,#11319,.T.);
#9122=EDGE_CURVE('',#11317,#11320,#11321,.T.);
#9123=EDGE_CURVE('',#11322,#11320,#11323,.T.);
#9124=EDGE_CURVE('',#11322,#11318,#11324,.T.);
#9125=EDGE_CURVE('',#11325,#11326,#11327,.T.);
#9126=EDGE_CURVE('',#11326,#11328,#11329,.T.);
#9127=EDGE_CURVE('',#11322,#11328,#11330,.T.);
#9128=EDGE_CURVE('',#11320,#11331,#11332,.T.);
#9129=EDGE_CURVE('',#11331,#11325,#11333,.T.);
#9130=EDGE_CURVE('',#11334,#11335,#11336,.T.);
#9131=EDGE_CURVE('',#11335,#11337,#11338,.T.);
#9132=EDGE_CURVE('',#11339,#11337,#11340,.T.);
#9133=EDGE_CURVE('',#11334,#11339,#11341,.T.);
#9134=EDGE_CURVE('',#11342,#10839,#11343,.T.);
#9135=EDGE_CURVE('',#11344,#11342,#11345,.T.);
#9136=EDGE_CURVE('',#10838,#11344,#11346,.T.);
#9137=EDGE_CURVE('',#11347,#10831,#11348,.T.);
#9138=EDGE_CURVE('',#11349,#11347,#11350,.T.);
#9139=EDGE_CURVE('',#10830,#11349,#11351,.T.);
#9140=EDGE_CURVE('',#11347,#11352,#11353,.T.);
#9141=EDGE_CURVE('',#11326,#11352,#11354,.T.);
#9142=EDGE_CURVE('',#11349,#11325,#11355,.T.);
#9143=EDGE_CURVE('',#11356,#10841,#11357,.T.);
#9144=EDGE_CURVE('',#11358,#11356,#11359,.T.);
#9145=EDGE_CURVE('',#11360,#11358,#11361,.T.);
#9146=EDGE_CURVE('',#11360,#10843,#11362,.T.);
#9147=EDGE_CURVE('',#11363,#11257,#11364,.T.);
#9148=EDGE_CURVE('',#11363,#11311,#11365,.T.);
#9149=EDGE_CURVE('',#11356,#11366,#11367,.T.);
#9150=EDGE_CURVE('',#11366,#11363,#11368,.T.);
#9151=EDGE_CURVE('',#11260,#11358,#11369,.T.);
#9152=EDGE_CURVE('',#10512,#10475,#11370,.T.);
#9153=EDGE_CURVE('',#11306,#11296,#11371,.T.);
#9154=EDGE_CURVE('',#10790,#10786,#11372,.T.);
#9155=EDGE_CURVE('',#10811,#10827,#11373,.T.);
#9156=EDGE_CURVE('',#11092,#11360,#11374,.T.);
#9157=EDGE_CURVE('',#10812,#10818,#11375,.T.);
#9158=EDGE_CURVE('',#11366,#11085,#11376,.T.);
#9159=EDGE_CURVE('',#11078,#11377,#11378,.T.);
#9160=EDGE_CURVE('',#11082,#11379,#11380,.T.);
#9161=EDGE_CURVE('',#11377,#11379,#11381,.T.);
#9162=EDGE_CURVE('',#10491,#10502,#11382,.T.);
#9163=EDGE_CURVE('',#10492,#10504,#11383,.T.);
#9164=EDGE_CURVE('',#11072,#11384,#11385,.T.);
#9165=EDGE_CURVE('',#11070,#11386,#11387,.T.);
#9166=EDGE_CURVE('',#11384,#11386,#11388,.T.);
#9167=EDGE_CURVE('',#11386,#11281,#11389,.T.);
#9168=EDGE_CURVE('',#11384,#11242,#11390,.T.);
#9169=EDGE_CURVE('',#11298,#11308,#11391,.T.);
#9170=EDGE_CURVE('',#11342,#11090,#11392,.T.);
#9171=EDGE_CURVE('',#10808,#10804,#11393,.T.);
#9172=EDGE_CURVE('',#10806,#10803,#11394,.T.);
#9173=EDGE_CURVE('',#10788,#10785,#11395,.T.);
#9174=EDGE_CURVE('',#11344,#11088,#11396,.T.);
#9175=EDGE_CURVE('',#11377,#11286,#11397,.T.);
#9176=EDGE_CURVE('',#11284,#11379,#11398,.T.);
#9177=EDGE_CURVE('',#10472,#10483,#11399,.T.);
#9178=EDGE_CURVE('',#11291,#11400,#11401,.T.);
#9179=EDGE_CURVE('',#11400,#10800,#11402,.T.);
#9180=EDGE_CURVE('',#10794,#11132,#11403,.T.);
#9181=EDGE_CURVE('',#10793,#11127,#11404,.T.);
#9182=EDGE_CURVE('',#11127,#10796,#11405,.T.);
#9183=EDGE_CURVE('',#10735,#11406,#11407,.T.);
#9184=EDGE_CURVE('',#11408,#11406,#11409,.T.);
#9185=EDGE_CURVE('',#11408,#11410,#11411,.T.);
#9186=EDGE_CURVE('',#10737,#11410,#11412,.T.);
#9187=EDGE_CURVE('',#11413,#11414,#11415,.T.);
#9188=EDGE_CURVE('',#11414,#11416,#11417,.T.);
#9189=EDGE_CURVE('',#11418,#11416,#11419,.T.);
#9190=EDGE_CURVE('',#11413,#11418,#11420,.T.);
#9191=EDGE_CURVE('',#11421,#11422,#11423,.T.);
#9192=EDGE_CURVE('',#11422,#11424,#11425,.T.);
#9193=EDGE_CURVE('',#11426,#11424,#11427,.T.);
#9194=EDGE_CURVE('',#11421,#11426,#11428,.T.);
#9195=EDGE_CURVE('',#11414,#11421,#11429,.T.);
#9196=EDGE_CURVE('',#11416,#11426,#11430,.T.);
#9197=EDGE_CURVE('',#10698,#11431,#11432,.T.);
#9198=EDGE_CURVE('',#11433,#10696,#11434,.T.);
#9199=EDGE_CURVE('',#11431,#11433,#11435,.T.);
#9200=EDGE_CURVE('',#11436,#11437,#11438,.T.);
#9201=EDGE_CURVE('',#11437,#11439,#11440,.T.);
#9202=EDGE_CURVE('',#11441,#11439,#11442,.T.);
#9203=EDGE_CURVE('',#11436,#11441,#11443,.T.);
#9204=EDGE_CURVE('',#11444,#11445,#11446,.T.);
#9205=EDGE_CURVE('',#11445,#11447,#11448,.T.);
#9206=EDGE_CURVE('',#11449,#11447,#11450,.T.);
#9207=EDGE_CURVE('',#11444,#11449,#11451,.T.);
#9208=EDGE_CURVE('',#11452,#11453,#11454,.T.);
#9209=EDGE_CURVE('',#11453,#11455,#11456,.T.);
#9210=EDGE_CURVE('',#11457,#11455,#11458,.T.);
#9211=EDGE_CURVE('',#11452,#11457,#11459,.T.);
#9212=EDGE_CURVE('',#11460,#11461,#11462,.T.);
#9213=EDGE_CURVE('',#11461,#11463,#11464,.T.);
#9214=EDGE_CURVE('',#11463,#11465,#11466,.T.);
#9215=EDGE_CURVE('',#11460,#11465,#11467,.T.);
#9216=EDGE_CURVE('',#11468,#11469,#11470,.T.);
#9217=EDGE_CURVE('',#11469,#11471,#11472,.T.);
#9218=EDGE_CURVE('',#11473,#11471,#11474,.T.);
#9219=EDGE_CURVE('',#11468,#11473,#11475,.T.);
#9220=EDGE_CURVE('',#11445,#11468,#11476,.T.);
#9221=EDGE_CURVE('',#11447,#11473,#11477,.T.);
#9222=EDGE_CURVE('',#11478,#11479,#11480,.T.);
#9223=EDGE_CURVE('',#11479,#11481,#11482,.T.);
#9224=EDGE_CURVE('',#11481,#11483,#11484,.T.);
#9225=EDGE_CURVE('',#11478,#11483,#11485,.T.);
#9226=EDGE_CURVE('',#11486,#11487,#11488,.T.);
#9227=EDGE_CURVE('',#11487,#11489,#11490,.T.);
#9228=EDGE_CURVE('',#11489,#11491,#11492,.T.);
#9229=EDGE_CURVE('',#11486,#11491,#11493,.T.);
#9230=EDGE_CURVE('',#11494,#11486,#11495,.T.);
#9231=EDGE_CURVE('',#11491,#11496,#11497,.T.);
#9232=EDGE_CURVE('',#11494,#11496,#11498,.T.);
#9233=EDGE_CURVE('',#11499,#11500,#11501,.T.);
#9234=EDGE_CURVE('',#11500,#11502,#11503,.T.);
#9235=EDGE_CURVE('',#11502,#11504,#11505,.T.);
#9236=EDGE_CURVE('',#11499,#11504,#11506,.T.);
#9237=EDGE_CURVE('',#10558,#10531,#11507,.T.);
#9238=EDGE_CURVE('',#10532,#10560,#11508,.T.);
#9239=EDGE_CURVE('',#11509,#11510,#11511,.T.);
#9240=EDGE_CURVE('',#11510,#11512,#11513,.T.);
#9241=EDGE_CURVE('',#11514,#11512,#11515,.T.);
#9242=EDGE_CURVE('',#11509,#11514,#11516,.T.);
#9243=EDGE_CURVE('',#10764,#10782,#11517,.T.);
#9244=EDGE_CURVE('',#10770,#10774,#11518,.T.);
#9245=EDGE_CURVE('',#10499,#10542,#11519,.T.);
#9246=EDGE_CURVE('',#10539,#10550,#11520,.T.);
#9247=EDGE_CURVE('',#10547,#10494,#11521,.T.);
#9248=EDGE_CURVE('',#11522,#11523,#11524,.T.);
#9249=EDGE_CURVE('',#11523,#11525,#11526,.T.);
#9250=EDGE_CURVE('',#11525,#11527,#11528,.T.);
#9251=EDGE_CURVE('',#11522,#11527,#11529,.T.);
#9252=EDGE_CURVE('',#11461,#11530,#11531,.T.);
#9253=EDGE_CURVE('',#11530,#11532,#11533,.T.);
#9254=EDGE_CURVE('',#11532,#11463,#11534,.T.);
#9255=EDGE_CURVE('',#11535,#11536,#11537,.T.);
#9256=EDGE_CURVE('',#11536,#11538,#11539,.T.);
#9257=EDGE_CURVE('',#11540,#11538,#11541,.T.);
#9258=EDGE_CURVE('',#11535,#11540,#11542,.T.);
#9259=EDGE_CURVE('',#10520,#10556,#11543,.T.);
#9260=EDGE_CURVE('',#10536,#11544,#11545,.T.);
#9261=EDGE_CURVE('',#11544,#10720,#11546,.T.);
#9262=EDGE_CURVE('',#11547,#10724,#11548,.T.);
#9263=EDGE_CURVE('',#11547,#10704,#11549,.T.);
#9264=EDGE_CURVE('',#10708,#10564,#11550,.T.);
#9265=EDGE_CURVE('',#10516,#10568,#11551,.T.);
#9266=EDGE_CURVE('',#11552,#11553,#11554,.T.);
#9267=EDGE_CURVE('',#11553,#11555,#11556,.T.);
#9268=EDGE_CURVE('',#11555,#11557,#11558,.T.);
#9269=EDGE_CURVE('',#11552,#11557,#11559,.T.);
#9270=EDGE_CURVE('',#11560,#10616,#11561,.T.);
#9271=EDGE_CURVE('',#11560,#10652,#11562,.T.);
#9272=EDGE_CURVE('',#11563,#10656,#11564,.T.);
#9273=EDGE_CURVE('',#11563,#10596,#11565,.T.);
#9274=EDGE_CURVE('',#11566,#10600,#11567,.T.);
#9275=EDGE_CURVE('',#11566,#10604,#11568,.T.);
#9276=EDGE_CURVE('',#11569,#10608,#11570,.T.);
#9277=EDGE_CURVE('',#11569,#10612,#11571,.T.);
#9278=EDGE_CURVE('',#11572,#11573,#11574,.T.);
#9279=EDGE_CURVE('',#11575,#11572,#11576,.T.);
#9280=EDGE_CURVE('',#11418,#11575,#11577,.T.);
#9281=EDGE_CURVE('',#11424,#11578,#11579,.T.);
#9282=EDGE_CURVE('',#11578,#11580,#11581,.T.);
#9283=EDGE_CURVE('',#11580,#11582,#11583,.T.);
#9284=EDGE_CURVE('',#11582,#11584,#11585,.T.);
#9285=EDGE_CURVE('',#11584,#11441,#11586,.T.);
#9286=EDGE_CURVE('',#11439,#11587,#11588,.T.);
#9287=EDGE_CURVE('',#11587,#11589,#11590,.T.);
#9288=EDGE_CURVE('',#11589,#11591,#11592,.T.);
#9289=EDGE_CURVE('',#11591,#11593,#11594,.T.);
#9290=EDGE_CURVE('',#11593,#11595,#11596,.T.);
#9291=EDGE_CURVE('',#11595,#11597,#11598,.T.);
#9292=EDGE_CURVE('',#11597,#11599,#11600,.T.);
#9293=EDGE_CURVE('',#11599,#11601,#11602,.T.);
#9294=EDGE_CURVE('',#11601,#11573,#11603,.T.);
#9295=EDGE_CURVE('',#11604,#11605,#11606,.T.);
#9296=EDGE_CURVE('',#11605,#11514,#11607,.T.);
#9297=EDGE_CURVE('',#11512,#11608,#11609,.T.);
#9298=EDGE_CURVE('',#11608,#11610,#11611,.T.);
#9299=EDGE_CURVE('',#11610,#11612,#11613,.T.);
#9300=EDGE_CURVE('',#11612,#11614,#11615,.T.);
#9301=EDGE_CURVE('',#11614,#11616,#11617,.T.);
#9302=EDGE_CURVE('',#11616,#11618,#11619,.T.);
#9303=EDGE_CURVE('',#11618,#11620,#11621,.T.);
#9304=EDGE_CURVE('',#11620,#11622,#11623,.T.);
#9305=EDGE_CURVE('',#11622,#11624,#11625,.T.);
#9306=EDGE_CURVE('',#11624,#11626,#11627,.T.);
#9307=EDGE_CURVE('',#11626,#11628,#11629,.T.);
#9308=EDGE_CURVE('',#11628,#11630,#11631,.T.);
#9309=EDGE_CURVE('',#11630,#11632,#11633,.T.);
#9310=EDGE_CURVE('',#11632,#11634,#11635,.T.);
#9311=EDGE_CURVE('',#11634,#11636,#11637,.T.);
#9312=EDGE_CURVE('',#11636,#11638,#11639,.T.);
#9313=EDGE_CURVE('',#11638,#11540,#11640,.T.);
#9314=EDGE_CURVE('',#11538,#11641,#11642,.T.);
#9315=EDGE_CURVE('',#11641,#11643,#11644,.T.);
#9316=EDGE_CURVE('',#11643,#11645,#11646,.T.);
#9317=EDGE_CURVE('',#11645,#11647,#11648,.T.);
#9318=EDGE_CURVE('',#11647,#11649,#11650,.T.);
#9319=EDGE_CURVE('',#11649,#11651,#11652,.T.);
#9320=EDGE_CURVE('',#11651,#11653,#11654,.T.);
#9321=EDGE_CURVE('',#11653,#11655,#11656,.T.);
#9322=EDGE_CURVE('',#11655,#11657,#11658,.T.);
#9323=EDGE_CURVE('',#11657,#11659,#11660,.T.);
#9324=EDGE_CURVE('',#11659,#11661,#11662,.T.);
#9325=EDGE_CURVE('',#11661,#11663,#11664,.T.);
#9326=EDGE_CURVE('',#11663,#11665,#11666,.T.);
#9327=EDGE_CURVE('',#11665,#11667,#11668,.T.);
#9328=EDGE_CURVE('',#11667,#11669,#11670,.T.);
#9329=EDGE_CURVE('',#11669,#11671,#11672,.T.);
#9330=EDGE_CURVE('',#11671,#11673,#11674,.T.);
#9331=EDGE_CURVE('',#11673,#11675,#11676,.T.);
#9332=EDGE_CURVE('',#11675,#11677,#11678,.T.);
#9333=EDGE_CURVE('',#11677,#11679,#11680,.T.);
#9334=EDGE_CURVE('',#11679,#11681,#11682,.T.);
#9335=EDGE_CURVE('',#11683,#11681,#11684,.T.);
#9336=EDGE_CURVE('',#11685,#11683,#11686,.T.);
#9337=EDGE_CURVE('',#11604,#11685,#11687,.T.);
#9338=EDGE_CURVE('',#11688,#11532,#11689,.T.);
#9339=EDGE_CURVE('',#11690,#11688,#11691,.T.);
#9340=EDGE_CURVE('',#11692,#11690,#11693,.T.);
#9341=EDGE_CURVE('',#11694,#11692,#11695,.T.);
#9342=EDGE_CURVE('',#11696,#11694,#11697,.T.);
#9343=EDGE_CURVE('',#11698,#11696,#11699,.T.);
#9344=EDGE_CURVE('',#11700,#11698,#11701,.T.);
#9345=EDGE_CURVE('',#11702,#11700,#11703,.T.);
#9346=EDGE_CURVE('',#11704,#11702,#11705,.T.);
#9347=EDGE_CURVE('',#11706,#11704,#11707,.T.);
#9348=EDGE_CURVE('',#11557,#11706,#11708,.T.);
#9349=EDGE_CURVE('',#11465,#11555,#11709,.T.);
#9350=EDGE_CURVE('',#11710,#11711,#11712,.T.);
#9351=EDGE_CURVE('',#11713,#11710,#11714,.T.);
#9352=EDGE_CURVE('',#11715,#11713,#11716,.T.);
#9353=EDGE_CURVE('',#11717,#11715,#11718,.T.);
#9354=EDGE_CURVE('',#11719,#11717,#11720,.T.);
#9355=EDGE_CURVE('',#11721,#11719,#11722,.T.);
#9356=EDGE_CURVE('',#11723,#11721,#11724,.T.);
#9357=EDGE_CURVE('',#11725,#11723,#11726,.T.);
#9358=EDGE_CURVE('',#11727,#11725,#11728,.T.);
#9359=EDGE_CURVE('',#11729,#11727,#11730,.T.);
#9360=EDGE_CURVE('',#11731,#11729,#11732,.T.);
#9361=EDGE_CURVE('',#11733,#11731,#11734,.T.);
#9362=EDGE_CURVE('',#11735,#11733,#11736,.T.);
#9363=EDGE_CURVE('',#11737,#11735,#11738,.T.);
#9364=EDGE_CURVE('',#11739,#11737,#11740,.T.);
#9365=EDGE_CURVE('',#11741,#11739,#11742,.T.);
#9366=EDGE_CURVE('',#11743,#11741,#11744,.T.);
#9367=EDGE_CURVE('',#11745,#11743,#11746,.T.);
#9368=EDGE_CURVE('',#11747,#11745,#11748,.T.);
#9369=EDGE_CURVE('',#11749,#11747,#11750,.T.);
#9370=EDGE_CURVE('',#11751,#11749,#11752,.T.);
#9371=EDGE_CURVE('',#11753,#11751,#11754,.T.);
#9372=EDGE_CURVE('',#11755,#11753,#11756,.T.);
#9373=EDGE_CURVE('',#11757,#11755,#11758,.T.);
#9374=EDGE_CURVE('',#11759,#11757,#11760,.T.);
#9375=EDGE_CURVE('',#11761,#11759,#11762,.T.);
#9376=EDGE_CURVE('',#11763,#11761,#11764,.T.);
#9377=EDGE_CURVE('',#11765,#11763,#11766,.T.);
#9378=EDGE_CURVE('',#11767,#11765,#11768,.T.);
#9379=EDGE_CURVE('',#11769,#11767,#11770,.T.);
#9380=EDGE_CURVE('',#11504,#11769,#11771,.T.);
#9381=EDGE_CURVE('',#11772,#11502,#11773,.T.);
#9382=EDGE_CURVE('',#11774,#11772,#11775,.T.);
#9383=EDGE_CURVE('',#11776,#11774,#11777,.T.);
#9384=EDGE_CURVE('',#11778,#11776,#11779,.T.);
#9385=EDGE_CURVE('',#11780,#11778,#11781,.T.);
#9386=EDGE_CURVE('',#11782,#11780,#11783,.T.);
#9387=EDGE_CURVE('',#11784,#11782,#11785,.T.);
#9388=EDGE_CURVE('',#11786,#11784,#11787,.T.);
#9389=EDGE_CURVE('',#11788,#11786,#11789,.T.);
#9390=EDGE_CURVE('',#11790,#11788,#11791,.T.);
#9391=EDGE_CURVE('',#11792,#11790,#11793,.T.);
#9392=EDGE_CURVE('',#11794,#11792,#11795,.T.);
#9393=EDGE_CURVE('',#11796,#11794,#11797,.T.);
#9394=EDGE_CURVE('',#11798,#11796,#11799,.T.);
#9395=EDGE_CURVE('',#11800,#11798,#11801,.T.);
#9396=EDGE_CURVE('',#11802,#11800,#11803,.T.);
#9397=EDGE_CURVE('',#11804,#11802,#11805,.T.);
#9398=EDGE_CURVE('',#11711,#11804,#11806,.T.);
#9399=EDGE_CURVE('',#11807,#10711,#11808,.T.);
#9400=EDGE_CURVE('',#11807,#10622,#11809,.T.);
#9401=EDGE_CURVE('',#11810,#10619,#11811,.T.);
#9402=EDGE_CURVE('',#11810,#10630,#11812,.T.);
#9403=EDGE_CURVE('',#11813,#10627,#11814,.T.);
#9404=EDGE_CURVE('',#11813,#10638,#11815,.T.);
#9405=EDGE_CURVE('',#11816,#10635,#11817,.T.);
#9406=EDGE_CURVE('',#10714,#11816,#11818,.T.);
#9407=EDGE_CURVE('',#11819,#11820,#11821,.T.);
#9408=EDGE_CURVE('',#11822,#11819,#11823,.T.);
#9409=EDGE_CURVE('',#11824,#11822,#11825,.T.);
#9410=EDGE_CURVE('',#11826,#11824,#11827,.T.);
#9411=EDGE_CURVE('',#11828,#11826,#11829,.T.);
#9412=EDGE_CURVE('',#11830,#11828,#11831,.T.);
#9413=EDGE_CURVE('',#11832,#11830,#11833,.T.);
#9414=EDGE_CURVE('',#11834,#11832,#11835,.T.);
#9415=EDGE_CURVE('',#11836,#11834,#11837,.T.);
#9416=EDGE_CURVE('',#11838,#11836,#11839,.T.);
#9417=EDGE_CURVE('',#11840,#11838,#11841,.T.);
#9418=EDGE_CURVE('',#11842,#11840,#11843,.T.);
#9419=EDGE_CURVE('',#11820,#11842,#11844,.T.);
#9420=EDGE_CURVE('',#11483,#11845,#11846,.T.);
#9421=EDGE_CURVE('',#11847,#11481,#11848,.T.);
#9422=EDGE_CURVE('',#11849,#11847,#11850,.T.);
#9423=EDGE_CURVE('',#11851,#11849,#11852,.T.);
#9424=EDGE_CURVE('',#11853,#11851,#11854,.T.);
#9425=EDGE_CURVE('',#11855,#11853,#11856,.T.);
#9426=EDGE_CURVE('',#11857,#11855,#11858,.T.);
#9427=EDGE_CURVE('',#11859,#11857,#11860,.T.);
#9428=EDGE_CURVE('',#11861,#11859,#11862,.T.);
#9429=EDGE_CURVE('',#11863,#11861,#11864,.T.);
#9430=EDGE_CURVE('',#11865,#11863,#11866,.T.);
#9431=EDGE_CURVE('',#11867,#11865,#11868,.T.);
#9432=EDGE_CURVE('',#11869,#11867,#11870,.T.);
#9433=EDGE_CURVE('',#11871,#11869,#11872,.T.);
#9434=EDGE_CURVE('',#11873,#11871,#11874,.T.);
#9435=EDGE_CURVE('',#11875,#11873,#11876,.T.);
#9436=EDGE_CURVE('',#11877,#11875,#11878,.T.);
#9437=EDGE_CURVE('',#11879,#11877,#11880,.T.);
#9438=EDGE_CURVE('',#11881,#11879,#11882,.T.);
#9439=EDGE_CURVE('',#11883,#11881,#11884,.T.);
#9440=EDGE_CURVE('',#11885,#11883,#11886,.T.);
#9441=EDGE_CURVE('',#11887,#11885,#11888,.T.);
#9442=EDGE_CURVE('',#11889,#11887,#11890,.T.);
#9443=EDGE_CURVE('',#11891,#11889,#11892,.T.);
#9444=EDGE_CURVE('',#11893,#11891,#11894,.T.);
#9445=EDGE_CURVE('',#11895,#11893,#11896,.T.);
#9446=EDGE_CURVE('',#11897,#11895,#11898,.T.);
#9447=EDGE_CURVE('',#11899,#11897,#11900,.T.);
#9448=EDGE_CURVE('',#11901,#11899,#11902,.T.);
#9449=EDGE_CURVE('',#11903,#11901,#11904,.T.);
#9450=EDGE_CURVE('',#11905,#11903,#11906,.T.);
#9451=EDGE_CURVE('',#11907,#11905,#11908,.T.);
#9452=EDGE_CURVE('',#11909,#11907,#11910,.T.);
#9453=EDGE_CURVE('',#11911,#11909,#11912,.T.);
#9454=EDGE_CURVE('',#11913,#11911,#11914,.T.);
#9455=EDGE_CURVE('',#11915,#11913,#11916,.T.);
#9456=EDGE_CURVE('',#11917,#11915,#11918,.T.);
#9457=EDGE_CURVE('',#11919,#11917,#11920,.T.);
#9458=EDGE_CURVE('',#11921,#11919,#11922,.T.);
#9459=EDGE_CURVE('',#11923,#11921,#11924,.T.);
#9460=EDGE_CURVE('',#11925,#11923,#11926,.T.);
#9461=EDGE_CURVE('',#11927,#11925,#11928,.T.);
#9462=EDGE_CURVE('',#11929,#11927,#11930,.T.);
#9463=EDGE_CURVE('',#11931,#11929,#11932,.T.);
#9464=EDGE_CURVE('',#11933,#11931,#11934,.T.);
#9465=EDGE_CURVE('',#11935,#11933,#11936,.T.);
#9466=EDGE_CURVE('',#11937,#11935,#11938,.T.);
#9467=EDGE_CURVE('',#11939,#11937,#11940,.T.);
#9468=EDGE_CURVE('',#11941,#11939,#11942,.T.);
#9469=EDGE_CURVE('',#11943,#11941,#11944,.T.);
#9470=EDGE_CURVE('',#11945,#11943,#11946,.T.);
#9471=EDGE_CURVE('',#11947,#11945,#11948,.T.);
#9472=EDGE_CURVE('',#11949,#11947,#11950,.T.);
#9473=EDGE_CURVE('',#11951,#11949,#11952,.T.);
#9474=EDGE_CURVE('',#11953,#11951,#11954,.T.);
#9475=EDGE_CURVE('',#11955,#11953,#11956,.T.);
#9476=EDGE_CURVE('',#11957,#11955,#11958,.T.);
#9477=EDGE_CURVE('',#11959,#11957,#11960,.T.);
#9478=EDGE_CURVE('',#11961,#11959,#11962,.T.);
#9479=EDGE_CURVE('',#11963,#11961,#11964,.T.);
#9480=EDGE_CURVE('',#11965,#11963,#11966,.T.);
#9481=EDGE_CURVE('',#11967,#11965,#11968,.T.);
#9482=EDGE_CURVE('',#11969,#11967,#11970,.T.);
#9483=EDGE_CURVE('',#11527,#11969,#11971,.T.);
#9484=EDGE_CURVE('',#11972,#11525,#11973,.T.);
#9485=EDGE_CURVE('',#11496,#11972,#11974,.T.);
#9486=EDGE_CURVE('',#11845,#11489,#11975,.T.);
#9487=EDGE_CURVE('',#11455,#11976,#11977,.T.);
#9488=EDGE_CURVE('',#11976,#11978,#11979,.T.);
#9489=EDGE_CURVE('',#11978,#11449,#11980,.T.);
#9490=EDGE_CURVE('',#11471,#11457,#11981,.T.);
#9491=EDGE_CURVE('',#11982,#11983,#11984,.T.);
#9492=EDGE_CURVE('',#11983,#11978,#11985,.T.);
#9493=EDGE_CURVE('',#11982,#11976,#11986,.T.);
#9494=EDGE_CURVE('',#11987,#11988,#11989,.T.);
#9495=EDGE_CURVE('',#11988,#11657,#11990,.T.);
#9496=EDGE_CURVE('',#11987,#11655,#11991,.T.);
#9497=EDGE_CURVE('',#11992,#11993,#11994,.T.);
#9498=EDGE_CURVE('',#11993,#11995,#11996,.T.);
#9499=EDGE_CURVE('',#11995,#11997,#11998,.T.);
#9500=EDGE_CURVE('',#11992,#11997,#11999,.T.);
#9501=EDGE_CURVE('',#11248,#12000,#12001,.T.);
#9502=EDGE_CURVE('',#12002,#12000,#12003,.T.);
#9503=EDGE_CURVE('',#12002,#11431,#12004,.T.);
#9504=EDGE_CURVE('',#12005,#11433,#12006,.T.);
#9505=EDGE_CURVE('',#12007,#12005,#12008,.T.);
#9506=EDGE_CURVE('',#11406,#12007,#12009,.T.);
#9507=EDGE_CURVE('',#10732,#12010,#12011,.T.);
#9508=EDGE_CURVE('',#12012,#12010,#12013,.T.);
#9509=EDGE_CURVE('',#12014,#12012,#12015,.T.);
#9510=EDGE_CURVE('',#12016,#12014,#12017,.T.);
#9511=EDGE_CURVE('',#12018,#12016,#12019,.T.);
#9512=EDGE_CURVE('',#12018,#10778,#12020,.T.);
#9513=EDGE_CURVE('',#12021,#10761,#12022,.T.);
#9514=EDGE_CURVE('',#12023,#12021,#12024,.T.);
#9515=EDGE_CURVE('',#12023,#12025,#12026,.T.);
#9516=EDGE_CURVE('',#11253,#12025,#12027,.T.);
#9517=EDGE_CURVE('',#12028,#10654,#12029,.T.);
#9518=EDGE_CURVE('',#12030,#10651,#12031,.T.);
#9519=EDGE_CURVE('',#12030,#10614,#12032,.T.);
#9520=EDGE_CURVE('',#12033,#10611,#12034,.T.);
#9521=EDGE_CURVE('',#12033,#10606,#12035,.T.);
#9522=EDGE_CURVE('',#12036,#10603,#12037,.T.);
#9523=EDGE_CURVE('',#12036,#10598,#12038,.T.);
#9524=EDGE_CURVE('',#12028,#10595,#12039,.T.);
#9525=EDGE_CURVE('',#11038,#12018,#12040,.T.);
#9526=EDGE_CURVE('',#12041,#11552,#12042,.T.);
#9527=EDGE_CURVE('',#12041,#11706,#12043,.T.);
#9528=EDGE_CURVE('',#12044,#12045,#12046,.T.);
#9529=EDGE_CURVE('',#12045,#11626,#12047,.T.);
#9530=EDGE_CURVE('',#12044,#11624,#12048,.T.);
#9531=EDGE_CURVE('',#12049,#12050,#12051,.T.);
#9532=EDGE_CURVE('',#12050,#11630,#12052,.T.);
#9533=EDGE_CURVE('',#12049,#11628,#12053,.T.);
#9534=EDGE_CURVE('',#12054,#12055,#12056,.T.);
#9535=EDGE_CURVE('',#12055,#11747,#12057,.T.);
#9536=EDGE_CURVE('',#12054,#11745,#12058,.T.);
#9537=EDGE_CURVE('',#12059,#11246,#12060,.T.);
#9538=EDGE_CURVE('',#12000,#12059,#12061,.T.);
#9539=EDGE_CURVE('',#11530,#12062,#12063,.T.);
#9540=EDGE_CURVE('',#12062,#11688,#12064,.T.);
#9541=EDGE_CURVE('',#12065,#12066,#12067,.T.);
#9542=EDGE_CURVE('',#12066,#11604,#12068,.T.);
#9543=EDGE_CURVE('',#12065,#11685,#12069,.T.);
#9544=EDGE_CURVE('',#12070,#12071,#12072,.T.);
#9545=EDGE_CURVE('',#12071,#11719,#12073,.T.);
#9546=EDGE_CURVE('',#12070,#11717,#12074,.T.);
#9547=EDGE_CURVE('',#12075,#12076,#12077,.T.);
#9548=EDGE_CURVE('',#12076,#11572,#12078,.T.);
#9549=EDGE_CURVE('',#12075,#11573,#12079,.T.);
#9550=EDGE_CURVE('',#12080,#12081,#12082,.T.);
#9551=EDGE_CURVE('',#12081,#11582,#12083,.T.);
#9552=EDGE_CURVE('',#12080,#11580,#12084,.T.);
#9553=EDGE_CURVE('',#12085,#12086,#12087,.T.);
#9554=EDGE_CURVE('',#12086,#12088,#12089,.T.);
#9555=EDGE_CURVE('',#12088,#12090,#12091,.T.);
#9556=EDGE_CURVE('',#12085,#12090,#12092,.T.);
#9557=EDGE_CURVE('',#10981,#12093,#12094,.T.);
#9558=EDGE_CURVE('',#12095,#10982,#12096,.T.);
#9559=EDGE_CURVE('',#12093,#12095,#12097,.T.);
#9560=EDGE_CURVE('',#12098,#12099,#12100,.T.);
#9561=EDGE_CURVE('',#12099,#12101,#12102,.T.);
#9562=EDGE_CURVE('',#12101,#12103,#12104,.T.);
#9563=EDGE_CURVE('',#12098,#12103,#12105,.T.);
#9564=EDGE_CURVE('',#12106,#12107,#12108,.T.);
#9565=EDGE_CURVE('',#12107,#11645,#12109,.T.);
#9566=EDGE_CURVE('',#12106,#11643,#12110,.T.);
#9567=EDGE_CURVE('',#12111,#12112,#12113,.T.);
#9568=EDGE_CURVE('',#12112,#12114,#12115,.T.);
#9569=EDGE_CURVE('',#12114,#12116,#12117,.T.);
#9570=EDGE_CURVE('',#12111,#12116,#12118,.T.);
#9571=EDGE_CURVE('',#12119,#12120,#12121,.T.);
#9572=EDGE_CURVE('',#12120,#12122,#12123,.T.);
#9573=EDGE_CURVE('',#12122,#12124,#12125,.T.);
#9574=EDGE_CURVE('',#12119,#12124,#12126,.T.);
#9575=EDGE_CURVE('',#12127,#11499,#12128,.T.);
#9576=EDGE_CURVE('',#12127,#11769,#12129,.T.);
#9577=EDGE_CURVE('',#12130,#11494,#12131,.T.);
#9578=EDGE_CURVE('',#12130,#11972,#12132,.T.);
#9579=EDGE_CURVE('',#12081,#12133,#12134,.T.);
#9580=EDGE_CURVE('',#12133,#11584,#12135,.T.);
#9581=EDGE_CURVE('',#12136,#12137,#12138,.T.);
#9582=EDGE_CURVE('',#12139,#12136,#12140,.T.);
#9583=EDGE_CURVE('',#12141,#12139,#12142,.T.);
#9584=EDGE_CURVE('',#12143,#12141,#12144,.T.);
#9585=EDGE_CURVE('',#12145,#12143,#12146,.T.);
#9586=EDGE_CURVE('',#12147,#12145,#12148,.T.);
#9587=EDGE_CURVE('',#12149,#12147,#12150,.T.);
#9588=EDGE_CURVE('',#12055,#12149,#12151,.T.);
#9589=EDGE_CURVE('',#12152,#12054,#12153,.T.);
#9590=EDGE_CURVE('',#12154,#12152,#12155,.T.);
#9591=EDGE_CURVE('',#12156,#12154,#12157,.T.);
#9592=EDGE_CURVE('',#12158,#12156,#12159,.T.);
#9593=EDGE_CURVE('',#12160,#12158,#12161,.T.);
#9594=EDGE_CURVE('',#12162,#12160,#12163,.T.);
#9595=EDGE_CURVE('',#12164,#12162,#12165,.T.);
#9596=EDGE_CURVE('',#12166,#12164,#12167,.T.);
#9597=EDGE_CURVE('',#12168,#12166,#12169,.T.);
#9598=EDGE_CURVE('',#12170,#12168,#12171,.T.);
#9599=EDGE_CURVE('',#12172,#12170,#12173,.T.);
#9600=EDGE_CURVE('',#12174,#12172,#12175,.T.);
#9601=EDGE_CURVE('',#12071,#12174,#12176,.T.);
#9602=EDGE_CURVE('',#12177,#12070,#12178,.T.);
#9603=EDGE_CURVE('',#12179,#12177,#12180,.T.);
#9604=EDGE_CURVE('',#12181,#12179,#12182,.T.);
#9605=EDGE_CURVE('',#12183,#12181,#12184,.T.);
#9606=EDGE_CURVE('',#12185,#12183,#12186,.T.);
#9607=EDGE_CURVE('',#12187,#12185,#12188,.T.);
#9608=EDGE_CURVE('',#12189,#12187,#12190,.T.);
#9609=EDGE_CURVE('',#12191,#12189,#12192,.T.);
#9610=EDGE_CURVE('',#12193,#12191,#12194,.T.);
#9611=EDGE_CURVE('',#12195,#12193,#12196,.T.);
#9612=EDGE_CURVE('',#12197,#12195,#12198,.T.);
#9613=EDGE_CURVE('',#12199,#12197,#12200,.T.);
#9614=EDGE_CURVE('',#12201,#12199,#12202,.T.);
#9615=EDGE_CURVE('',#12203,#12201,#12204,.T.);
#9616=EDGE_CURVE('',#12205,#12203,#12206,.T.);
#9617=EDGE_CURVE('',#12207,#12205,#12208,.T.);
#9618=EDGE_CURVE('',#12209,#12207,#12210,.T.);
#9619=EDGE_CURVE('',#12211,#12209,#12212,.T.);
#9620=EDGE_CURVE('',#12213,#12211,#12214,.T.);
#9621=EDGE_CURVE('',#12215,#12213,#12216,.T.);
#9622=EDGE_CURVE('',#12217,#12215,#12218,.T.);
#9623=EDGE_CURVE('',#11500,#12217,#12219,.T.);
#9624=EDGE_CURVE('',#12220,#12127,#12221,.T.);
#9625=EDGE_CURVE('',#12222,#12220,#12223,.T.);
#9626=EDGE_CURVE('',#12137,#12222,#12224,.T.);
#9627=EDGE_CURVE('',#12225,#12226,#12227,.T.);
#9628=EDGE_CURVE('',#12226,#12228,#12229,.T.);
#9629=EDGE_CURVE('',#12228,#12230,#12231,.T.);
#9630=EDGE_CURVE('',#12225,#12230,#12232,.T.);
#9631=EDGE_CURVE('',#12139,#11759,#12233,.T.);
#9632=EDGE_CURVE('',#12141,#11757,#12234,.T.);
#9633=EDGE_CURVE('',#11422,#12235,#12236,.T.);
#9634=EDGE_CURVE('',#12235,#11578,#12237,.T.);
#9635=EDGE_CURVE('',#10574,#12238,#12239,.T.);
#9636=EDGE_CURVE('',#12238,#12240,#12241,.T.);
#9637=EDGE_CURVE('',#12240,#10576,#12242,.T.);
#9638=EDGE_CURVE('',#12226,#12119,#12243,.T.);
#9639=EDGE_CURVE('',#12124,#12228,#12244,.T.);
#9640=EDGE_CURVE('',#12021,#11034,#12245,.T.);
#9641=EDGE_CURVE('',#12246,#11137,#12247,.T.);
#9642=EDGE_CURVE('',#12246,#12023,#12248,.T.);
#9643=EDGE_CURVE('',#12249,#11331,#12250,.T.);
#9644=EDGE_CURVE('',#11317,#12251,#12252,.T.);
#9645=EDGE_CURVE('',#12251,#12249,#12253,.T.);
#9646=EDGE_CURVE('',#10769,#10772,#12254,.T.);
#9647=EDGE_CURVE('',#12255,#12256,#12257,.T.);
#9648=EDGE_CURVE('',#12256,#11653,#12258,.T.);
#9649=EDGE_CURVE('',#12255,#11651,#12259,.T.);
#9650=EDGE_CURVE('',#12260,#12261,#12262,.T.);
#9651=EDGE_CURVE('',#12261,#11679,#12263,.T.);
#9652=EDGE_CURVE('',#12260,#11677,#12264,.T.);
#9653=EDGE_CURVE('',#12265,#12266,#12267,.T.);
#9654=EDGE_CURVE('',#12266,#12268,#12269,.T.);
#9655=EDGE_CURVE('',#12268,#12270,#12271,.T.);
#9656=EDGE_CURVE('',#12265,#12270,#12272,.T.);
#9657=EDGE_CURVE('',#12235,#12080,#12273,.T.);
#9658=EDGE_CURVE('',#12274,#12275,#12276,.T.);
#9659=EDGE_CURVE('',#12275,#11638,#12277,.T.);
#9660=EDGE_CURVE('',#12274,#11636,#12278,.T.);
#9661=EDGE_CURVE('',#12177,#11715,#12279,.T.);
#9662=EDGE_CURVE('',#12179,#11713,#12280,.T.);
#9663=EDGE_CURVE('',#12261,#12281,#12282,.T.);
#9664=EDGE_CURVE('',#12281,#11681,#12283,.T.);
#9665=EDGE_CURVE('',#12281,#12284,#12285,.T.);
#9666=EDGE_CURVE('',#12284,#11683,#12286,.T.);
#9667=EDGE_CURVE('',#12152,#11743,#12287,.T.);
#9668=EDGE_CURVE('',#11267,#12288,#12289,.T.);
#9669=EDGE_CURVE('',#12290,#11271,#12291,.T.);
#9670=EDGE_CURVE('',#12288,#12290,#12292,.T.);
#9671=EDGE_CURVE('',#12293,#12294,#12295,.T.);
#9672=EDGE_CURVE('',#12294,#11675,#12296,.T.);
#9673=EDGE_CURVE('',#12293,#11673,#12297,.T.);
#9674=EDGE_CURVE('',#12298,#11269,#12299,.T.);
#9675=EDGE_CURVE('',#12300,#11266,#12301,.T.);
#9676=EDGE_CURVE('',#12300,#12298,#12302,.T.);
#9677=EDGE_CURVE('',#12284,#12065,#12303,.T.);
#9678=EDGE_CURVE('',#12304,#11992,#12305,.T.);
#9679=EDGE_CURVE('',#11997,#12306,#12307,.T.);
#9680=EDGE_CURVE('',#12304,#12306,#12308,.T.);
#9681=EDGE_CURVE('',#11246,#12309,#12310,.T.);
#9682=EDGE_CURVE('',#12309,#11274,#12311,.T.);
#9683=EDGE_CURVE('',#12312,#12274,#12313,.T.);
#9684=EDGE_CURVE('',#12312,#11634,#12314,.T.);
#9685=EDGE_CURVE('',#12203,#11786,#12315,.T.);
#9686=EDGE_CURVE('',#12205,#11784,#12316,.T.);
#9687=EDGE_CURVE('',#12213,#11776,#12317,.T.);
#9688=EDGE_CURVE('',#12215,#11774,#12318,.T.);
#9689=EDGE_CURVE('',#12217,#11772,#12319,.T.);
#9690=EDGE_CURVE('',#12076,#12320,#12321,.T.);
#9691=EDGE_CURVE('',#12320,#11575,#12322,.T.);
#9692=EDGE_CURVE('',#11012,#12007,#12323,.T.);
#9693=EDGE_CURVE('',#12324,#10986,#12325,.T.);
#9694=EDGE_CURVE('',#12324,#11408,#12326,.T.);
#9695=EDGE_CURVE('',#12327,#12111,#12328,.T.);
#9696=EDGE_CURVE('',#12116,#12329,#12330,.T.);
#9697=EDGE_CURVE('',#12327,#12329,#12331,.T.);
#9698=EDGE_CURVE('',#11983,#11444,#12332,.T.);
#9699=EDGE_CURVE('',#12207,#11782,#12333,.T.);
#9700=EDGE_CURVE('',#12209,#11780,#12334,.T.);
#9701=EDGE_CURVE('',#12211,#11778,#12335,.T.);
#9702=EDGE_CURVE('',#12336,#12337,#12338,.T.);
#9703=EDGE_CURVE('',#12337,#12339,#12340,.T.);
#9704=EDGE_CURVE('',#12339,#12341,#12342,.T.);
#9705=EDGE_CURVE('',#12336,#12341,#12343,.T.);
#9706=EDGE_CURVE('',#12344,#12085,#12345,.T.);
#9707=EDGE_CURVE('',#12090,#12346,#12347,.T.);
#9708=EDGE_CURVE('',#12344,#12346,#12348,.T.);
#9709=EDGE_CURVE('',#12349,#11318,#12350,.T.);
#9710=EDGE_CURVE('',#11328,#12351,#12352,.T.);
#9711=EDGE_CURVE('',#12349,#12351,#12353,.T.);
#9712=EDGE_CURVE('',#12137,#11763,#12354,.T.);
#9713=EDGE_CURVE('',#12136,#11761,#12355,.T.);
#9714=EDGE_CURVE('',#12356,#12357,#12358,.T.);
#9715=EDGE_CURVE('',#12357,#11851,#12359,.T.);
#9716=EDGE_CURVE('',#12356,#11849,#12360,.T.);
#9717=EDGE_CURVE('',#12337,#12327,#12361,.T.);
#9718=EDGE_CURVE('',#12329,#12339,#12362,.T.);
#9719=EDGE_CURVE('',#11453,#11982,#12363,.T.);
#9720=EDGE_CURVE('',#12364,#12365,#12366,.T.);
#9721=EDGE_CURVE('',#12365,#11599,#12367,.T.);
#9722=EDGE_CURVE('',#12364,#11597,#12368,.T.);
#9723=EDGE_CURVE('',#12309,#12369,#12370,.T.);
#9724=EDGE_CURVE('',#12369,#11275,#12371,.T.);
#9725=EDGE_CURVE('',#12059,#12369,#12372,.T.);
#9726=EDGE_CURVE('',#12050,#12373,#12374,.T.);
#9727=EDGE_CURVE('',#12373,#11632,#12375,.T.);
#9728=EDGE_CURVE('',#12376,#12377,#12378,.T.);
#9729=EDGE_CURVE('',#12377,#11698,#12379,.T.);
#9730=EDGE_CURVE('',#12376,#11696,#12380,.T.);
#9731=EDGE_CURVE('',#10528,#10757,#12381,.T.);
#9732=EDGE_CURVE('',#10526,#10756,#12382,.T.);
#9733=EDGE_CURVE('',#10700,#12002,#12383,.T.);
#9734=EDGE_CURVE('',#12045,#12049,#12384,.T.);
#9735=EDGE_CURVE('',#12156,#11739,#12385,.T.);
#9736=EDGE_CURVE('',#12158,#11737,#12386,.T.);
#9737=EDGE_CURVE('',#11301,#10749,#12387,.T.);
#9738=EDGE_CURVE('',#11303,#10748,#12388,.T.);
#9739=EDGE_CURVE('',#10524,#10745,#12389,.T.);
#9740=EDGE_CURVE('',#12240,#10644,#12390,.T.);
#9741=EDGE_CURVE('',#12391,#10648,#12392,.T.);
#9742=EDGE_CURVE('',#12391,#10741,#12393,.T.);
#9743=EDGE_CURVE('',#11400,#10694,#12394,.T.);
#9744=EDGE_CURVE('',#10670,#10667,#12395,.T.);
#9745=EDGE_CURVE('',#12396,#11509,#12397,.T.);
#9746=EDGE_CURVE('',#12396,#11605,#12398,.T.);
#9747=EDGE_CURVE('',#12399,#12391,#12400,.T.);
#9748=EDGE_CURVE('',#12399,#10740,#12401,.T.);
#9749=EDGE_CURVE('',#10743,#10523,#12402,.T.);
#9750=EDGE_CURVE('',#12399,#10646,#12403,.T.);
#9751=EDGE_CURVE('',#12404,#12405,#12406,.T.);
#9752=EDGE_CURVE('',#12405,#11591,#12407,.T.);
#9753=EDGE_CURVE('',#12404,#11589,#12408,.T.);
#9754=EDGE_CURVE('',#12149,#11749,#12409,.T.);
#9755=EDGE_CURVE('',#12147,#11751,#12410,.T.);
#9756=EDGE_CURVE('',#12246,#12411,#12412,.T.);
#9757=EDGE_CURVE('',#12413,#12411,#12414,.T.);
#9758=EDGE_CURVE('',#12413,#12415,#12416,.T.);
#9759=EDGE_CURVE('',#12415,#12246,#12417,.T.);
#9760=EDGE_CURVE('',#12411,#10753,#12418,.T.);
#9761=EDGE_CURVE('',#10751,#12413,#12419,.T.);
#9762=EDGE_CURVE('',#12415,#12025,#12420,.T.);
#9763=EDGE_CURVE('',#12288,#12300,#12421,.T.);
#9764=EDGE_CURVE('',#12298,#12290,#12422,.T.);
#9765=EDGE_CURVE('',#12423,#11522,#12424,.T.);
#9766=EDGE_CURVE('',#12423,#11969,#12425,.T.);
#9767=EDGE_CURVE('',#12426,#12423,#12427,.T.);
#9768=EDGE_CURVE('',#12426,#11967,#12428,.T.);
#9769=EDGE_CURVE('',#12429,#12426,#12430,.T.);
#9770=EDGE_CURVE('',#12429,#11965,#12431,.T.);
#9771=EDGE_CURVE('',#12432,#12429,#12433,.T.);
#9772=EDGE_CURVE('',#12432,#11963,#12434,.T.);
#9773=EDGE_CURVE('',#12435,#12432,#12436,.T.);
#9774=EDGE_CURVE('',#12435,#11961,#12437,.T.);
#9775=EDGE_CURVE('',#12438,#12435,#12439,.T.);
#9776=EDGE_CURVE('',#12438,#11959,#12440,.T.);
#9777=EDGE_CURVE('',#12405,#12441,#12442,.T.);
#9778=EDGE_CURVE('',#12441,#11593,#12443,.T.);
#9779=EDGE_CURVE('',#11469,#11452,#12444,.T.);
#9780=EDGE_CURVE('',#12066,#12396,#12445,.T.);
#9781=EDGE_CURVE('',#10733,#12446,#12447,.T.);
#9782=EDGE_CURVE('',#12010,#12446,#12448,.T.);
#9783=EDGE_CURVE('',#12320,#11413,#12449,.T.);
#9784=EDGE_CURVE('',#11123,#12450,#12451,.T.);
#9785=EDGE_CURVE('',#12450,#11410,#12452,.T.);
#9786=EDGE_CURVE('',#12095,#11410,#12453,.T.);
#9787=EDGE_CURVE('',#12454,#11335,#12455,.T.);
#9788=EDGE_CURVE('',#11334,#12456,#12457,.T.);
#9789=EDGE_CURVE('',#12454,#12456,#12458,.T.);
#9790=EDGE_CURVE('',#12365,#12459,#12460,.T.);
#9791=EDGE_CURVE('',#12459,#11601,#12461,.T.);
#9792=EDGE_CURVE('',#12377,#12462,#12463,.T.);
#9793=EDGE_CURVE('',#12462,#11700,#12464,.T.);
#9794=EDGE_CURVE('',#10728,#12465,#12466,.T.);
#9795=EDGE_CURVE('',#12465,#12467,#12468,.T.);
#9796=EDGE_CURVE('',#10727,#12467,#12469,.T.);
#9797=EDGE_CURVE('',#12086,#12470,#12471,.T.);
#9798=EDGE_CURVE('',#12470,#12472,#12473,.T.);
#9799=EDGE_CURVE('',#12472,#12088,#12474,.T.);
#9800=EDGE_CURVE('',#12230,#11995,#12475,.T.);
#9801=EDGE_CURVE('',#12103,#12122,#12476,.T.);
#9802=EDGE_CURVE('',#12270,#12101,#12477,.T.);
#9803=EDGE_CURVE('',#12478,#12268,#12479,.T.);
#9804=EDGE_CURVE('',#12306,#12478,#12480,.T.);
#9805=EDGE_CURVE('',#12462,#12481,#12482,.T.);
#9806=EDGE_CURVE('',#12481,#11702,#12483,.T.);
#9807=EDGE_CURVE('',#12415,#11139,#12484,.T.);
#9808=EDGE_CURVE('',#12160,#11735,#12485,.T.);
#9809=EDGE_CURVE('',#11352,#12486,#12487,.T.);
#9810=EDGE_CURVE('',#12488,#10835,#12489,.T.);
#9811=EDGE_CURVE('',#12486,#12488,#12490,.T.);
#9812=EDGE_CURVE('',#12143,#11755,#12491,.T.);
#9813=EDGE_CURVE('',#12145,#11753,#12492,.T.);
#9814=EDGE_CURVE('',#12107,#12493,#12494,.T.);
#9815=EDGE_CURVE('',#12493,#11647,#12495,.T.);
#9816=EDGE_CURVE('',#12496,#12106,#12497,.T.);
#9817=EDGE_CURVE('',#12496,#11641,#12498,.T.);
#9818=EDGE_CURVE('',#12193,#11796,#12499,.T.);
#9819=EDGE_CURVE('',#12195,#11794,#12500,.T.);
#9820=EDGE_CURVE('',#12501,#12456,#12502,.T.);
#9821=EDGE_CURVE('',#12503,#12501,#12504,.T.);
#9822=EDGE_CURVE('',#12454,#12503,#12505,.T.);
#9823=EDGE_CURVE('',#12506,#11544,#12507,.T.);
#9824=EDGE_CURVE('',#12506,#10719,#12508,.T.);
#9825=EDGE_CURVE('',#11993,#12225,#12509,.T.);
#9826=EDGE_CURVE('',#12510,#10712,#12511,.T.);
#9827=EDGE_CURVE('',#12510,#11807,#12512,.T.);
#9828=EDGE_CURVE('',#12513,#11547,#12514,.T.);
#9829=EDGE_CURVE('',#12513,#10703,#12515,.T.);
#9830=EDGE_CURVE('',#12162,#11733,#12516,.T.);
#9831=EDGE_CURVE('',#10582,#10579,#12517,.T.);
#9832=EDGE_CURVE('',#12518,#12519,#12520,.T.);
#9833=EDGE_CURVE('',#12519,#11610,#12521,.T.);
#9834=EDGE_CURVE('',#12518,#11608,#12522,.T.);
#9835=EDGE_CURVE('',#12519,#12523,#12524,.T.);
#9836=EDGE_CURVE('',#12523,#11612,#12525,.T.);
#9837=EDGE_CURVE('',#12523,#12526,#12527,.T.);
#9838=EDGE_CURVE('',#12526,#11614,#12528,.T.);
#9839=EDGE_CURVE('',#12529,#12530,#12531,.T.);
#9840=EDGE_CURVE('',#12530,#11620,#12532,.T.);
#9841=EDGE_CURVE('',#12529,#11618,#12533,.T.);
#9842=EDGE_CURVE('',#12357,#12534,#12535,.T.);
#9843=EDGE_CURVE('',#12534,#11853,#12536,.T.);
#9844=EDGE_CURVE('',#12537,#12538,#12539,.T.);
#9845=EDGE_CURVE('',#12538,#11834,#12540,.T.);
#9846=EDGE_CURVE('',#12537,#11832,#12541,.T.);
#9847=EDGE_CURVE('',#12542,#12543,#12544,.T.);
#9848=EDGE_CURVE('',#12543,#11871,#12545,.T.);
#9849=EDGE_CURVE('',#12542,#11869,#12546,.T.);
#9850=EDGE_CURVE('',#12547,#12542,#12548,.T.);
#9851=EDGE_CURVE('',#12547,#11867,#12549,.T.);
#9852=EDGE_CURVE('',#12550,#12547,#12551,.T.);
#9853=EDGE_CURVE('',#12550,#11865,#12552,.T.);
#9854=EDGE_CURVE('',#12553,#12550,#12554,.T.);
#9855=EDGE_CURVE('',#12553,#11863,#12555,.T.);
#9856=EDGE_CURVE('',#12556,#12553,#12557,.T.);
#9857=EDGE_CURVE('',#12556,#11861,#12558,.T.);
#9858=EDGE_CURVE('',#12559,#12556,#12560,.T.);
#9859=EDGE_CURVE('',#12559,#11859,#12561,.T.);
#9860=EDGE_CURVE('',#12562,#12559,#12563,.T.);
#9861=EDGE_CURVE('',#12562,#11857,#12564,.T.);
#9862=EDGE_CURVE('',#12565,#12537,#12566,.T.);
#9863=EDGE_CURVE('',#12565,#11830,#12567,.T.);
#9864=EDGE_CURVE('',#12568,#11478,#12569,.T.);
#9865=EDGE_CURVE('',#12568,#11845,#12570,.T.);
#9866=EDGE_CURVE('',#12571,#12572,#12573,.T.);
#9867=EDGE_CURVE('',#12572,#11838,#12574,.T.);
#9868=EDGE_CURVE('',#12571,#11836,#12575,.T.);
#9869=EDGE_CURVE('',#12576,#12577,#12578,.T.);
#9870=EDGE_CURVE('',#12577,#11819,#12579,.T.);
#9871=EDGE_CURVE('',#12576,#11820,#12580,.T.);
#9872=EDGE_CURVE('',#12581,#12576,#12582,.T.);
#9873=EDGE_CURVE('',#12581,#11842,#12583,.T.);
#9874=EDGE_CURVE('',#12584,#12581,#12585,.T.);
#9875=EDGE_CURVE('',#12584,#11840,#12586,.T.);
#9876=EDGE_CURVE('',#12572,#12584,#12587,.T.);
#9877=EDGE_CURVE('',#12534,#12588,#12589,.T.);
#9878=EDGE_CURVE('',#12588,#11855,#12590,.T.);
#9879=EDGE_CURVE('',#12543,#12591,#12592,.T.);
#9880=EDGE_CURVE('',#12591,#11873,#12593,.T.);
#9881=EDGE_CURVE('',#12591,#12594,#12595,.T.);
#9882=EDGE_CURVE('',#12594,#11875,#12596,.T.);
#9883=EDGE_CURVE('',#12594,#12597,#12598,.T.);
#9884=EDGE_CURVE('',#12597,#11877,#12599,.T.);
#9885=EDGE_CURVE('',#12597,#12600,#12601,.T.);
#9886=EDGE_CURVE('',#12600,#11879,#12602,.T.);
#9887=EDGE_CURVE('',#12600,#12603,#12604,.T.);
#9888=EDGE_CURVE('',#12603,#11881,#12605,.T.);
#9889=EDGE_CURVE('',#12603,#12606,#12607,.T.);
#9890=EDGE_CURVE('',#12606,#11883,#12608,.T.);
#9891=EDGE_CURVE('',#11339,#12501,#12609,.T.);
#9892=EDGE_CURVE('',#10580,#10584,#12610,.T.);
#9893=EDGE_CURVE('',#10540,#10552,#12611,.T.);
#9894=EDGE_CURVE('',#12170,#11725,#12612,.T.);
#9895=EDGE_CURVE('',#12172,#11723,#12613,.T.);
#9896=EDGE_CURVE('',#10833,#12614,#12615,.T.);
#9897=EDGE_CURVE('',#12614,#12249,#12616,.T.);
#9898=EDGE_CURVE('',#12166,#11729,#12617,.T.);
#9899=EDGE_CURVE('',#12168,#11727,#12618,.T.);
#9900=EDGE_CURVE('',#10690,#10687,#12619,.T.);
#9901=EDGE_CURVE('',#12249,#12351,#12620,.T.);
#9902=EDGE_CURVE('',#12349,#12251,#12621,.T.);
#9903=EDGE_CURVE('',#12164,#11731,#12622,.T.);
#9904=EDGE_CURVE('',#12181,#11710,#12623,.T.);
#9905=EDGE_CURVE('',#12183,#11711,#12624,.T.);
#9906=EDGE_CURVE('',#12625,#12364,#12626,.T.);
#9907=EDGE_CURVE('',#12625,#11595,#12627,.T.);
#9908=EDGE_CURVE('',#12628,#12629,#12630,.T.);
#9909=EDGE_CURVE('',#12629,#11669,#12631,.T.);
#9910=EDGE_CURVE('',#12628,#11667,#12632,.T.);
#9911=EDGE_CURVE('',#12629,#12633,#12634,.T.);
#9912=EDGE_CURVE('',#12633,#11671,#12635,.T.);
#9913=EDGE_CURVE('',#12636,#12255,#12637,.T.);
#9914=EDGE_CURVE('',#12636,#11649,#12638,.T.);
#9915=EDGE_CURVE('',#11536,#12496,#12639,.T.);
#9916=EDGE_CURVE('',#11293,#10693,#12640,.T.);
#9917=EDGE_CURVE('',#11116,#12641,#12642,.T.);
#9918=EDGE_CURVE('',#11040,#12016,#12643,.T.);
#9919=EDGE_CURVE('',#12014,#12644,#12645,.T.);
#9920=EDGE_CURVE('',#12641,#12644,#12646,.T.);
#9921=EDGE_CURVE('',#12174,#11721,#12647,.T.);
#9922=EDGE_CURVE('',#12648,#12649,#12650,.T.);
#9923=EDGE_CURVE('',#12649,#12651,#12652,.T.);
#9924=EDGE_CURVE('',#12651,#12653,#12654,.T.);
#9925=EDGE_CURVE('',#12648,#12653,#12655,.T.);
#9926=EDGE_CURVE('',#12373,#12312,#12656,.T.);
#9927=EDGE_CURVE('',#12324,#12657,#12658,.T.);
#9928=EDGE_CURVE('',#12657,#12093,#12659,.T.);
#9929=EDGE_CURVE('',#10681,#10686,#12660,.T.);
#9930=EDGE_CURVE('',#10679,#10668,#12661,.T.);
#9931=EDGE_CURVE('',#12351,#12486,#12662,.T.);
#9932=EDGE_CURVE('',#12503,#11337,#12663,.T.);
#9933=EDGE_CURVE('',#12649,#12664,#12665,.T.);
#9934=EDGE_CURVE('',#12664,#12666,#12667,.T.);
#9935=EDGE_CURVE('',#12666,#12651,#12668,.T.);
#9936=EDGE_CURVE('',#12062,#12669,#12670,.T.);
#9937=EDGE_CURVE('',#12669,#11690,#12671,.T.);
#9938=EDGE_CURVE('',#11510,#12518,#12672,.T.);
#9939=EDGE_CURVE('',#12657,#10984,#12673,.T.);
#9940=EDGE_CURVE('',#12341,#12472,#12674,.T.);
#9941=EDGE_CURVE('',#12653,#12114,#12675,.T.);
#9942=EDGE_CURVE('',#12346,#12666,#12676,.T.);
#9943=EDGE_CURVE('',#12488,#12614,#12677,.T.);
#9944=EDGE_CURVE('',#12664,#12344,#12678,.T.);
#9945=EDGE_CURVE('',#12441,#12625,#12679,.T.);
#9946=EDGE_CURVE('',#11118,#12680,#12681,.T.);
#9947=EDGE_CURVE('',#12641,#12680,#12682,.T.);
#9948=EDGE_CURVE('',#12112,#12648,#12683,.T.);
#9949=EDGE_CURVE('',#12684,#10660,#12685,.T.);
#9950=EDGE_CURVE('',#11121,#12684,#12686,.T.);
#9951=EDGE_CURVE('',#12687,#12376,#12688,.T.);
#9952=EDGE_CURVE('',#12687,#11694,#12689,.T.);
#9953=EDGE_CURVE('',#10696,#11293,#12690,.T.);
#9954=EDGE_CURVE('',#12680,#10664,#12691,.T.);
#9955=EDGE_CURVE('',#12154,#11741,#12692,.T.);
#9956=EDGE_CURVE('',#12693,#12356,#12694,.T.);
#9957=EDGE_CURVE('',#12693,#11847,#12695,.T.);
#9958=EDGE_CURVE('',#12588,#12562,#12696,.T.);
#9959=EDGE_CURVE('',#12538,#12571,#12697,.T.);
#9960=EDGE_CURVE('',#12698,#12565,#12699,.T.);
#9961=EDGE_CURVE('',#12698,#11828,#12700,.T.);
#9962=EDGE_CURVE('',#12701,#12698,#12702,.T.);
#9963=EDGE_CURVE('',#12701,#11826,#12703,.T.);
#9964=EDGE_CURVE('',#12704,#12701,#12705,.T.);
#9965=EDGE_CURVE('',#12704,#11824,#12706,.T.);
#9966=EDGE_CURVE('',#12707,#12704,#12708,.T.);
#9967=EDGE_CURVE('',#12707,#11822,#12709,.T.);
#9968=EDGE_CURVE('',#12577,#12707,#12710,.T.);
#9969=EDGE_CURVE('',#11479,#12693,#12711,.T.);
#9970=EDGE_CURVE('',#11487,#12568,#12712,.T.);
#9971=EDGE_CURVE('',#12256,#11987,#12713,.T.);
#9972=EDGE_CURVE('',#12714,#12304,#12715,.T.);
#9973=EDGE_CURVE('',#12714,#12478,#12716,.T.);
#9974=EDGE_CURVE('',#12197,#11792,#12717,.T.);
#9975=EDGE_CURVE('',#12199,#11790,#12718,.T.);
#9976=EDGE_CURVE('',#12201,#11788,#12719,.T.);
#9977=EDGE_CURVE('',#11437,#12720,#12721,.T.);
#9978=EDGE_CURVE('',#12133,#11436,#12722,.T.);
#9979=EDGE_CURVE('',#12459,#12075,#12723,.T.);
#9980=EDGE_CURVE('',#12720,#12404,#12724,.T.);
#9981=EDGE_CURVE('',#12470,#12336,#12725,.T.);
#9982=EDGE_CURVE('',#12120,#12098,#12726,.T.);
#9983=EDGE_CURVE('',#12266,#12714,#12727,.T.);
#9984=EDGE_CURVE('',#12099,#12265,#12728,.T.);
#9985=EDGE_CURVE('',#12729,#12730,#12731,.T.);
#9986=EDGE_CURVE('',#12730,#11953,#12732,.T.);
#9987=EDGE_CURVE('',#12729,#11951,#12733,.T.);
#9988=EDGE_CURVE('',#12734,#12735,#12736,.T.);
#9989=EDGE_CURVE('',#12735,#11941,#12737,.T.);
#9990=EDGE_CURVE('',#12734,#11939,#12738,.T.);
#9991=EDGE_CURVE('',#12739,#12740,#12741,.T.);
#9992=EDGE_CURVE('',#12740,#11931,#12742,.T.);
#9993=EDGE_CURVE('',#12739,#11929,#12743,.T.);
#9994=EDGE_CURVE('',#12744,#12739,#12745,.T.);
#9995=EDGE_CURVE('',#12744,#11927,#12746,.T.);
#9996=EDGE_CURVE('',#12747,#12744,#12748,.T.);
#9997=EDGE_CURVE('',#12747,#11925,#12749,.T.);
#9998=EDGE_CURVE('',#12750,#12747,#12751,.T.);
#9999=EDGE_CURVE('',#12750,#11923,#12752,.T.);
#10000=EDGE_CURVE('',#12753,#12750,#12754,.T.);
#10001=EDGE_CURVE('',#12753,#11921,#12755,.T.);
#10002=EDGE_CURVE('',#12756,#12753,#12757,.T.);
#10003=EDGE_CURVE('',#12756,#11919,#12758,.T.);
#10004=EDGE_CURVE('',#12759,#12756,#12760,.T.);
#10005=EDGE_CURVE('',#12759,#11917,#12761,.T.);
#10006=EDGE_CURVE('',#12762,#12759,#12763,.T.);
#10007=EDGE_CURVE('',#12762,#11915,#12764,.T.);
#10008=EDGE_CURVE('',#12765,#12762,#12766,.T.);
#10009=EDGE_CURVE('',#12765,#11913,#12767,.T.);
#10010=EDGE_CURVE('',#12768,#12765,#12769,.T.);
#10011=EDGE_CURVE('',#12768,#11911,#12770,.T.);
#10012=EDGE_CURVE('',#12771,#12768,#12772,.T.);
#10013=EDGE_CURVE('',#12771,#11909,#12773,.T.);
#10014=EDGE_CURVE('',#12774,#12771,#12775,.T.);
#10015=EDGE_CURVE('',#12774,#11907,#12776,.T.);
#10016=EDGE_CURVE('',#12777,#12774,#12778,.T.);
#10017=EDGE_CURVE('',#12777,#11905,#12779,.T.);
#10018=EDGE_CURVE('',#12780,#12777,#12781,.T.);
#10019=EDGE_CURVE('',#12780,#11903,#12782,.T.);
#10020=EDGE_CURVE('',#12783,#12780,#12784,.T.);
#10021=EDGE_CURVE('',#12783,#11901,#12785,.T.);
#10022=EDGE_CURVE('',#12786,#12783,#12787,.T.);
#10023=EDGE_CURVE('',#12786,#11899,#12788,.T.);
#10024=EDGE_CURVE('',#12789,#12786,#12790,.T.);
#10025=EDGE_CURVE('',#12789,#11897,#12791,.T.);
#10026=EDGE_CURVE('',#12792,#12789,#12793,.T.);
#10027=EDGE_CURVE('',#12792,#11895,#12794,.T.);
#10028=EDGE_CURVE('',#12795,#12792,#12796,.T.);
#10029=EDGE_CURVE('',#12795,#11893,#12797,.T.);
#10030=EDGE_CURVE('',#12798,#12795,#12799,.T.);
#10031=EDGE_CURVE('',#12798,#11891,#12800,.T.);
#10032=EDGE_CURVE('',#12801,#12798,#12802,.T.);
#10033=EDGE_CURVE('',#12801,#11889,#12803,.T.);
#10034=EDGE_CURVE('',#12804,#12801,#12805,.T.);
#10035=EDGE_CURVE('',#12804,#11887,#12806,.T.);
#10036=EDGE_CURVE('',#12807,#12804,#12808,.T.);
#10037=EDGE_CURVE('',#12807,#11885,#12809,.T.);
#10038=EDGE_CURVE('',#12810,#12811,#12812,.T.);
#10039=EDGE_CURVE('',#12811,#11935,#12813,.T.);
#10040=EDGE_CURVE('',#12810,#11933,#12814,.T.);
#10041=EDGE_CURVE('',#12740,#12810,#12815,.T.);
#10042=EDGE_CURVE('',#12735,#12816,#12817,.T.);
#10043=EDGE_CURVE('',#12816,#11943,#12818,.T.);
#10044=EDGE_CURVE('',#12816,#12819,#12820,.T.);
#10045=EDGE_CURVE('',#12819,#11945,#12821,.T.);
#10046=EDGE_CURVE('',#12819,#12822,#12823,.T.);
#10047=EDGE_CURVE('',#12822,#11947,#12824,.T.);
#10048=EDGE_CURVE('',#12825,#12826,#12827,.T.);
#10049=EDGE_CURVE('',#12826,#11957,#12828,.T.);
#10050=EDGE_CURVE('',#12825,#11955,#12829,.T.);
#10051=EDGE_CURVE('',#12826,#12438,#12830,.T.);
#10052=EDGE_CURVE('',#12606,#12807,#12831,.T.);
#10053=EDGE_CURVE('',#12730,#12825,#12832,.T.);
#10054=EDGE_CURVE('',#12822,#12833,#12834,.T.);
#10055=EDGE_CURVE('',#12833,#11949,#12835,.T.);
#10056=EDGE_CURVE('',#12833,#12729,#12836,.T.);
#10057=EDGE_CURVE('',#12837,#12734,#12838,.T.);
#10058=EDGE_CURVE('',#12837,#11937,#12839,.T.);
#10059=EDGE_CURVE('',#12811,#12837,#12840,.T.);
#10060=EDGE_CURVE('',#12030,#11560,#12841,.T.);
#10061=EDGE_CURVE('',#12513,#10722,#12842,.T.);
#10062=EDGE_CURVE('',#10534,#12506,#12843,.T.);
#10063=EDGE_CURVE('',#12294,#12260,#12844,.T.);
#10064=EDGE_CURVE('',#10518,#10555,#12845,.T.);
#10065=EDGE_CURVE('',#12005,#11014,#12846,.T.);
#10066=EDGE_CURVE('',#12238,#10643,#12847,.T.);
#10067=EDGE_CURVE('',#11553,#11460,#12848,.T.);
#10068=EDGE_CURVE('',#10566,#10515,#12849,.T.);
#10069=EDGE_CURVE('',#10706,#10563,#12850,.T.);
#10070=EDGE_CURVE('',#12510,#10624,#12851,.T.);
#10071=EDGE_CURVE('',#12852,#10636,#12853,.T.);
#10072=EDGE_CURVE('',#12852,#11816,#12854,.T.);
#10073=EDGE_CURVE('',#12855,#10640,#12856,.T.);
#10074=EDGE_CURVE('',#12855,#11813,#12857,.T.);
#10075=EDGE_CURVE('',#12855,#10628,#12858,.T.);
#10076=EDGE_CURVE('',#12859,#10632,#12860,.T.);
#10077=EDGE_CURVE('',#12859,#11810,#12861,.T.);
#10078=EDGE_CURVE('',#12859,#10620,#12862,.T.);
#10079=EDGE_CURVE('',#12852,#10716,#12863,.T.);
#10080=EDGE_CURVE('',#12481,#12864,#12865,.T.);
#10081=EDGE_CURVE('',#12864,#11704,#12866,.T.);
#10082=EDGE_CURVE('',#12867,#12687,#12868,.T.);
#10083=EDGE_CURVE('',#12867,#11692,#12869,.T.);
#10084=EDGE_CURVE('',#11523,#12130,#12870,.T.);
#10085=EDGE_CURVE('',#11988,#12871,#12872,.T.);
#10086=EDGE_CURVE('',#12871,#11659,#12873,.T.);
#10087=EDGE_CURVE('',#12684,#12450,#12874,.T.);
#10088=EDGE_CURVE('',#12875,#12446,#12876,.T.);
#10089=EDGE_CURVE('',#12012,#12875,#12877,.T.);
#10090=EDGE_CURVE('',#12644,#12875,#12878,.T.);
#10091=EDGE_CURVE('',#12864,#12041,#12879,.T.);
#10092=EDGE_CURVE('',#12220,#11767,#12880,.T.);
#10093=EDGE_CURVE('',#12633,#12293,#12881,.T.);
#10094=EDGE_CURVE('',#10500,#10544,#12882,.T.);
#10095=EDGE_CURVE('',#12191,#11798,#12883,.T.);
#10096=EDGE_CURVE('',#12222,#11765,#12884,.T.);
#10097=EDGE_CURVE('',#12885,#12529,#12886,.T.);
#10098=EDGE_CURVE('',#12885,#11616,#12887,.T.);
#10099=EDGE_CURVE('',#12493,#12636,#12888,.T.);
#10100=EDGE_CURVE('',#12189,#11800,#12889,.T.);
#10101=EDGE_CURVE('',#12187,#11802,#12890,.T.);
#10102=EDGE_CURVE('',#12185,#11804,#12891,.T.);
#10103=EDGE_CURVE('',#12892,#12893,#12894,.T.);
#10104=EDGE_CURVE('',#12893,#11663,#12895,.T.);
#10105=EDGE_CURVE('',#12892,#11661,#12896,.T.);
#10106=EDGE_CURVE('',#12871,#12892,#12897,.T.);
#10107=EDGE_CURVE('',#12893,#12898,#12899,.T.);
#10108=EDGE_CURVE('',#12898,#11665,#12900,.T.);
#10109=EDGE_CURVE('',#12898,#12628,#12901,.T.);
#10110=EDGE_CURVE('',#12526,#12885,#12902,.T.);
#10111=EDGE_CURVE('',#12530,#12903,#12904,.T.);
#10112=EDGE_CURVE('',#12903,#11622,#12905,.T.);
#10113=EDGE_CURVE('',#12720,#11587,#12906,.T.);
#10114=EDGE_CURVE('',#12467,#10588,#12907,.T.);
#10115=EDGE_CURVE('',#12903,#12044,#12908,.T.);
#10116=EDGE_CURVE('',#12275,#11535,#12909,.T.);
#10117=EDGE_CURVE('',#12033,#11569,#12910,.T.);
#10118=EDGE_CURVE('',#12036,#11566,#12911,.T.);
#10119=EDGE_CURVE('',#12028,#11563,#12912,.T.);
#10120=EDGE_CURVE('',#12669,#12867,#12913,.T.);
#10121=EDGE_CURVE('',#12465,#10587,#12914,.T.);
#10122=EDGE_CURVE('',#10496,#10548,#12915,.T.);
#10123=VERTEX_POINT('',#12916);
#10124=VERTEX_POINT('',#12917);
#10125=LINE('',#12918,#12919);
#10126=VERTEX_POINT('',#12920);
#10127=CIRCLE('',#12921,0.750000000000001);
#10128=VERTEX_POINT('',#12922);
#10129=LINE('',#12923,#12924);
#10130=CIRCLE('',#12925,0.750000000000001);
#10131=VERTEX_POINT('',#12926);
#10132=VERTEX_POINT('',#12927);
#10133=LINE('',#12928,#12929);
#10134=VERTEX_POINT('',#12930);
#10135=CIRCLE('',#12931,0.765000000000001);
#10136=VERTEX_POINT('',#12932);
#10137=LINE('',#12933,#12934);
#10138=CIRCLE('',#12935,0.765000000000001);
#10139=VERTEX_POINT('',#12936);
#10140=VERTEX_POINT('',#12937);
#10141=LINE('',#12938,#12939);
#10142=CIRCLE('',#12940,0.750000000000001);
#10143=CIRCLE('',#12941,0.750000000000001);
#10144=VERTEX_POINT('',#12942);
#10145=VERTEX_POINT('',#12943);
#10146=LINE('',#12944,#12945);
#10147=CIRCLE('',#12946,0.765000000000001);
#10148=CIRCLE('',#12947,0.765000000000001);
#10149=VERTEX_POINT('',#12948);
#10150=CIRCLE('',#12949,0.765000000000001);
#10151=CIRCLE('',#12950,0.765000000000001);
#10152=VERTEX_POINT('',#12951);
#10153=CIRCLE('',#12952,0.750000000000001);
#10154=CIRCLE('',#12953,0.750000000000001);
#10155=VERTEX_POINT('',#12954);
#10156=CIRCLE('',#12955,0.765000000000001);
#10157=CIRCLE('',#12956,0.765000000000001);
#10158=VERTEX_POINT('',#12957);
#10159=CIRCLE('',#12958,0.750000000000001);
#10160=CIRCLE('',#12959,0.750000000000001);
#10161=LINE('',#12960,#12961);
#10162=LINE('',#12962,#12963);
#10163=VERTEX_POINT('',#12964);
#10164=VERTEX_POINT('',#12965);
#10165=LINE('',#12966,#12967);
#10166=VERTEX_POINT('',#12968);
#10167=LINE('',#12969,#12970);
#10168=VERTEX_POINT('',#12971);
#10169=LINE('',#12972,#12973);
#10170=LINE('',#12974,#12975);
#10171=VERTEX_POINT('',#12976);
#10172=VERTEX_POINT('',#12977);
#10173=LINE('',#12978,#12979);
#10174=VERTEX_POINT('',#12980);
#10175=LINE('',#12981,#12982);
#10176=VERTEX_POINT('',#12983);
#10177=LINE('',#12984,#12985);
#10178=LINE('',#12986,#12987);
#10179=VERTEX_POINT('',#12988);
#10180=LINE('',#12989,#12990);
#10181=VERTEX_POINT('',#12991);
#10182=LINE('',#12992,#12993);
#10183=VERTEX_POINT('',#12994);
#10184=LINE('',#12995,#12996);
#10185=VERTEX_POINT('',#12997);
#10186=LINE('',#12998,#12999);
#10187=LINE('',#13000,#13001);
#10188=VERTEX_POINT('',#13002);
#10189=LINE('',#13003,#13004);
#10190=VERTEX_POINT('',#13005);
#10191=LINE('',#13006,#13007);
#10192=VERTEX_POINT('',#13008);
#10193=LINE('',#13009,#13010);
#10194=VERTEX_POINT('',#13011);
#10195=LINE('',#13012,#13013);
#10196=LINE('',#13014,#13015);
#10197=VERTEX_POINT('',#13016);
#10198=VERTEX_POINT('',#13017);
#10199=LINE('',#13018,#13019);
#10200=VERTEX_POINT('',#13020);
#10201=CIRCLE('',#13021,1.5);
#10202=VERTEX_POINT('',#13022);
#10203=LINE('',#13023,#13024);
#10204=LINE('',#13025,#13026);
#10205=VERTEX_POINT('',#13027);
#10206=VERTEX_POINT('',#13028);
#10207=LINE('',#13029,#13030);
#10208=VERTEX_POINT('',#13031);
#10209=LINE('',#13032,#13033);
#10210=VERTEX_POINT('',#13034);
#10211=LINE('',#13035,#13036);
#10212=LINE('',#13037,#13038);
#10213=VERTEX_POINT('',#13039);
#10214=VERTEX_POINT('',#13040);
#10215=LINE('',#13041,#13042);
#10216=LINE('',#13043,#13044);
#10217=VERTEX_POINT('',#13045);
#10218=LINE('',#13046,#13047);
#10219=VERTEX_POINT('',#13048);
#10220=LINE('',#13049,#13050);
#10221=LINE('',#13051,#13052);
#10222=LINE('',#13053,#13054);
#10223=LINE('',#13055,#13056);
#10224=VERTEX_POINT('',#13057);
#10225=LINE('',#13058,#13059);
#10226=VERTEX_POINT('',#13060);
#10227=LINE('',#13061,#13062);
#10228=LINE('',#13063,#13064);
#10229=CIRCLE('',#13065,1.5);
#10230=VERTEX_POINT('',#13066);
#10231=VERTEX_POINT('',#13067);
#10232=CIRCLE('',#13068,1.5);
#10233=LINE('',#13069,#13070);
#10234=LINE('',#13071,#13072);
#10235=LINE('',#13073,#13074);
#10236=LINE('',#13075,#13076);
#10237=LINE('',#13077,#13078);
#10238=LINE('',#13079,#13080);
#10239=LINE('',#13081,#13082);
#10240=VERTEX_POINT('',#13083);
#10241=ELLIPSE('',#13084,2.12132034355964,1.5);
#10242=ELLIPSE('',#13085,2.12132034355964,1.5);
#10243=VERTEX_POINT('',#13086);
#10244=ELLIPSE('',#13087,2.12132034355964,1.5);
#10245=ELLIPSE('',#13088,2.12132034355964,1.5);
#10246=CIRCLE('',#13089,1.5);
#10247=VERTEX_POINT('',#13090);
#10248=CIRCLE('',#13091,1.5);
#10249=LINE('',#13092,#13093);
#10250=VERTEX_POINT('',#13094);
#10251=LINE('',#13095,#13096);
#10252=CIRCLE('',#13097,1.5);
#10253=CIRCLE('',#13098,1.5);
#10254=CIRCLE('',#13099,1.5);
#10255=VERTEX_POINT('',#13100);
#10256=VERTEX_POINT('',#13101);
#10257=LINE('',#13102,#13103);
#10258=VERTEX_POINT('',#13104);
#10259=LINE('',#13105,#13106);
#10260=VERTEX_POINT('',#13107);
#10261=LINE('',#13108,#13109);
#10262=LINE('',#13110,#13111);
#10263=VERTEX_POINT('',#13112);
#10264=VERTEX_POINT('',#13113);
#10265=LINE('',#13114,#13115);
#10266=VERTEX_POINT('',#13116);
#10267=LINE('',#13117,#13118);
#10268=VERTEX_POINT('',#13119);
#10269=LINE('',#13120,#13121);
#10270=LINE('',#13122,#13123);
#10271=VERTEX_POINT('',#13124);
#10272=VERTEX_POINT('',#13125);
#10273=CIRCLE('',#13126,1.91034380597093);
#10274=VERTEX_POINT('',#13127);
#10275=LINE('',#13128,#13129);
#10276=CIRCLE('',#13130,1.91034380597093);
#10277=CIRCLE('',#13131,1.91034380597093);
#10278=VERTEX_POINT('',#13132);
#10279=CIRCLE('',#13133,1.91034380597093);
#10280=LINE('',#13134,#13135);
#10281=CIRCLE('',#13136,1.91034380597093);
#10282=VERTEX_POINT('',#13137);
#10283=VERTEX_POINT('',#13138);
#10284=CIRCLE('',#13139,1.49999999999999);
#10285=CIRCLE('',#13140,1.49999999999999);
#10286=CIRCLE('',#13141,1.91034380597093);
#10287=VERTEX_POINT('',#13142);
#10288=VERTEX_POINT('',#13143);
#10289=CIRCLE('',#13144,1.49999999999999);
#10290=CIRCLE('',#13145,1.49999999999999);
#10291=CIRCLE('',#13146,1.91034380597093);
#10292=LINE('',#13147,#13148);
#10293=LINE('',#13149,#13150);
#10294=CIRCLE('',#13151,1.91034380597093);
#10295=VERTEX_POINT('',#13152);
#10296=VERTEX_POINT('',#13153);
#10297=LINE('',#13154,#13155);
#10298=VERTEX_POINT('',#13156);
#10299=CIRCLE('',#13157,0.750000000000001);
#10300=VERTEX_POINT('',#13158);
#10301=LINE('',#13159,#13160);
#10302=CIRCLE('',#13161,0.750000000000001);
#10303=VERTEX_POINT('',#13162);
#10304=VERTEX_POINT('',#13163);
#10305=LINE('',#13164,#13165);
#10306=VERTEX_POINT('',#13166);
#10307=CIRCLE('',#13167,0.765000000000001);
#10308=VERTEX_POINT('',#13168);
#10309=LINE('',#13169,#13170);
#10310=CIRCLE('',#13171,0.765000000000001);
#10311=VERTEX_POINT('',#13172);
#10312=VERTEX_POINT('',#13173);
#10313=LINE('',#13174,#13175);
#10314=CIRCLE('',#13176,0.750000000000001);
#10315=CIRCLE('',#13177,0.750000000000001);
#10316=VERTEX_POINT('',#13178);
#10317=VERTEX_POINT('',#13179);
#10318=LINE('',#13180,#13181);
#10319=CIRCLE('',#13182,0.765000000000001);
#10320=CIRCLE('',#13183,0.765000000000001);
#10321=VERTEX_POINT('',#13184);
#10322=CIRCLE('',#13185,0.765000000000001);
#10323=CIRCLE('',#13186,0.765000000000001);
#10324=VERTEX_POINT('',#13187);
#10325=CIRCLE('',#13188,0.750000000000001);
#10326=CIRCLE('',#13189,0.750000000000001);
#10327=VERTEX_POINT('',#13190);
#10328=CIRCLE('',#13191,0.765000000000001);
#10329=CIRCLE('',#13192,0.765000000000001);
#10330=VERTEX_POINT('',#13193);
#10331=CIRCLE('',#13194,0.750000000000001);
#10332=CIRCLE('',#13195,0.750000000000001);
#10333=LINE('',#13196,#13197);
#10334=LINE('',#13198,#13199);
#10335=VERTEX_POINT('',#13200);
#10336=VERTEX_POINT('',#13201);
#10337=LINE('',#13202,#13203);
#10338=VERTEX_POINT('',#13204);
#10339=LINE('',#13205,#13206);
#10340=VERTEX_POINT('',#13207);
#10341=LINE('',#13208,#13209);
#10342=LINE('',#13210,#13211);
#10343=VERTEX_POINT('',#13212);
#10344=VERTEX_POINT('',#13213);
#10345=LINE('',#13214,#13215);
#10346=VERTEX_POINT('',#13216);
#10347=LINE('',#13217,#13218);
#10348=VERTEX_POINT('',#13219);
#10349=LINE('',#13220,#13221);
#10350=LINE('',#13222,#13223);
#10351=VERTEX_POINT('',#13224);
#10352=LINE('',#13225,#13226);
#10353=VERTEX_POINT('',#13227);
#10354=LINE('',#13228,#13229);
#10355=VERTEX_POINT('',#13230);
#10356=LINE('',#13231,#13232);
#10357=VERTEX_POINT('',#13233);
#10358=LINE('',#13234,#13235);
#10359=LINE('',#13236,#13237);
#10360=VERTEX_POINT('',#13238);
#10361=LINE('',#13239,#13240);
#10362=VERTEX_POINT('',#13241);
#10363=LINE('',#13242,#13243);
#10364=VERTEX_POINT('',#13244);
#10365=LINE('',#13245,#13246);
#10366=VERTEX_POINT('',#13247);
#10367=LINE('',#13248,#13249);
#10368=LINE('',#13250,#13251);
#10369=VERTEX_POINT('',#13252);
#10370=VERTEX_POINT('',#13253);
#10371=LINE('',#13254,#13255);
#10372=VERTEX_POINT('',#13256);
#10373=CIRCLE('',#13257,1.5);
#10374=VERTEX_POINT('',#13258);
#10375=LINE('',#13259,#13260);
#10376=LINE('',#13261,#13262);
#10377=VERTEX_POINT('',#13263);
#10378=VERTEX_POINT('',#13264);
#10379=LINE('',#13265,#13266);
#10380=VERTEX_POINT('',#13267);
#10381=LINE('',#13268,#13269);
#10382=VERTEX_POINT('',#13270);
#10383=LINE('',#13271,#13272);
#10384=LINE('',#13273,#13274);
#10385=VERTEX_POINT('',#13275);
#10386=VERTEX_POINT('',#13276);
#10387=LINE('',#13277,#13278);
#10388=LINE('',#13279,#13280);
#10389=VERTEX_POINT('',#13281);
#10390=LINE('',#13282,#13283);
#10391=VERTEX_POINT('',#13284);
#10392=LINE('',#13285,#13286);
#10393=LINE('',#13287,#13288);
#10394=LINE('',#13289,#13290);
#10395=LINE('',#13291,#13292);
#10396=VERTEX_POINT('',#13293);
#10397=LINE('',#13294,#13295);
#10398=VERTEX_POINT('',#13296);
#10399=LINE('',#13297,#13298);
#10400=LINE('',#13299,#13300);
#10401=CIRCLE('',#13301,1.5);
#10402=VERTEX_POINT('',#13302);
#10403=VERTEX_POINT('',#13303);
#10404=CIRCLE('',#13304,1.5);
#10405=LINE('',#13305,#13306);
#10406=LINE('',#13307,#13308);
#10407=LINE('',#13309,#13310);
#10408=LINE('',#13311,#13312);
#10409=LINE('',#13313,#13314);
#10410=LINE('',#13315,#13316);
#10411=LINE('',#13317,#13318);
#10412=VERTEX_POINT('',#13319);
#10413=ELLIPSE('',#13320,2.12132034355964,1.5);
#10414=ELLIPSE('',#13321,2.12132034355964,1.5);
#10415=VERTEX_POINT('',#13322);
#10416=ELLIPSE('',#13323,2.12132034355964,1.5);
#10417=ELLIPSE('',#13324,2.12132034355964,1.5);
#10418=CIRCLE('',#13325,1.5);
#10419=VERTEX_POINT('',#13326);
#10420=CIRCLE('',#13327,1.5);
#10421=LINE('',#13328,#13329);
#10422=VERTEX_POINT('',#13330);
#10423=LINE('',#13331,#13332);
#10424=CIRCLE('',#13333,1.5);
#10425=CIRCLE('',#13334,1.5);
#10426=CIRCLE('',#13335,1.5);
#10427=VERTEX_POINT('',#13336);
#10428=VERTEX_POINT('',#13337);
#10429=LINE('',#13338,#13339);
#10430=VERTEX_POINT('',#13340);
#10431=LINE('',#13341,#13342);
#10432=VERTEX_POINT('',#13343);
#10433=LINE('',#13344,#13345);
#10434=LINE('',#13346,#13347);
#10435=VERTEX_POINT('',#13348);
#10436=VERTEX_POINT('',#13349);
#10437=LINE('',#13350,#13351);
#10438=VERTEX_POINT('',#13352);
#10439=LINE('',#13353,#13354);
#10440=VERTEX_POINT('',#13355);
#10441=LINE('',#13356,#13357);
#10442=LINE('',#13358,#13359);
#10443=VERTEX_POINT('',#13360);
#10444=VERTEX_POINT('',#13361);
#10445=CIRCLE('',#13362,1.91034380597093);
#10446=VERTEX_POINT('',#13363);
#10447=LINE('',#13364,#13365);
#10448=CIRCLE('',#13366,1.91034380597093);
#10449=CIRCLE('',#13367,1.91034380597093);
#10450=VERTEX_POINT('',#13368);
#10451=CIRCLE('',#13369,1.91034380597093);
#10452=LINE('',#13370,#13371);
#10453=CIRCLE('',#13372,1.91034380597093);
#10454=VERTEX_POINT('',#13373);
#10455=VERTEX_POINT('',#13374);
#10456=CIRCLE('',#13375,1.49999999999999);
#10457=CIRCLE('',#13376,1.49999999999999);
#10458=CIRCLE('',#13377,1.91034380597093);
#10459=VERTEX_POINT('',#13378);
#10460=VERTEX_POINT('',#13379);
#10461=CIRCLE('',#13380,1.49999999999999);
#10462=CIRCLE('',#13381,1.49999999999999);
#10463=CIRCLE('',#13382,1.91034380597093);
#10464=LINE('',#13383,#13384);
#10465=LINE('',#13385,#13386);
#10466=CIRCLE('',#13387,1.91034380597093);
#10467=VERTEX_POINT('',#13388);
#10468=VERTEX_POINT('',#13389);
#10469=LINE('',#13390,#13391);
#10470=VERTEX_POINT('',#13392);
#10471=CIRCLE('',#13393,0.15);
#10472=VERTEX_POINT('',#13394);
#10473=LINE('',#13395,#13396);
#10474=CIRCLE('',#13397,0.15);
#10475=VERTEX_POINT('',#13398);
#10476=VERTEX_POINT('',#13399);
#10477=LINE('',#13400,#13401);
#10478=VERTEX_POINT('',#13402);
#10479=CIRCLE('',#13403,0.15);
#10480=VERTEX_POINT('',#13404);
#10481=LINE('',#13405,#13406);
#10482=CIRCLE('',#13407,0.15);
#10483=VERTEX_POINT('',#13408);
#10484=VERTEX_POINT('',#13409);
#10485=LINE('',#13410,#13411);
#10486=VERTEX_POINT('',#13412);
#10487=CIRCLE('',#13413,0.15);
#10488=VERTEX_POINT('',#13414);
#10489=LINE('',#13415,#13416);
#10490=CIRCLE('',#13417,0.15);
#10491=VERTEX_POINT('',#13418);
#10492=VERTEX_POINT('',#13419);
#10493=LINE('',#13420,#13421);
#10494=VERTEX_POINT('',#13422);
#10495=CIRCLE('',#13423,0.15);
#10496=VERTEX_POINT('',#13424);
#10497=LINE('',#13425,#13426);
#10498=CIRCLE('',#13427,0.15);
#10499=VERTEX_POINT('',#13428);
#10500=VERTEX_POINT('',#13429);
#10501=LINE('',#13430,#13431);
#10502=VERTEX_POINT('',#13432);
#10503=CIRCLE('',#13433,0.15);
#10504=VERTEX_POINT('',#13434);
#10505=LINE('',#13435,#13436);
#10506=CIRCLE('',#13437,0.15);
#10507=VERTEX_POINT('',#13438);
#10508=VERTEX_POINT('',#13439);
#10509=LINE('',#13440,#13441);
#10510=VERTEX_POINT('',#13442);
#10511=CIRCLE('',#13443,0.15);
#10512=VERTEX_POINT('',#13444);
#10513=LINE('',#13445,#13446);
#10514=CIRCLE('',#13447,0.15);
#10515=VERTEX_POINT('',#13448);
#10516=VERTEX_POINT('',#13449);
#10517=LINE('',#13450,#13451);
#10518=VERTEX_POINT('',#13452);
#10519=CIRCLE('',#13453,0.129999999999999);
#10520=VERTEX_POINT('',#13454);
#10521=LINE('',#13455,#13456);
#10522=CIRCLE('',#13457,0.129999999999999);
#10523=VERTEX_POINT('',#13458);
#10524=VERTEX_POINT('',#13459);
#10525=LINE('',#13460,#13461);
#10526=VERTEX_POINT('',#13462);
#10527=CIRCLE('',#13463,0.129999999999995);
#10528=VERTEX_POINT('',#13464);
#10529=LINE('',#13465,#13466);
#10530=CIRCLE('',#13467,0.129999999999995);
#10531=VERTEX_POINT('',#13468);
#10532=VERTEX_POINT('',#13469);
#10533=LINE('',#13470,#13471);
#10534=VERTEX_POINT('',#13472);
#10535=CIRCLE('',#13473,0.129999999999999);
#10536=VERTEX_POINT('',#13474);
#10537=LINE('',#13475,#13476);
#10538=CIRCLE('',#13477,0.129999999999999);
#10539=VERTEX_POINT('',#13478);
#10540=VERTEX_POINT('',#13479);
#10541=LINE('',#13480,#13481);
#10542=VERTEX_POINT('',#13482);
#10543=CIRCLE('',#13483,0.15);
#10544=VERTEX_POINT('',#13484);
#10545=LINE('',#13485,#13486);
#10546=CIRCLE('',#13487,0.15);
#10547=VERTEX_POINT('',#13488);
#10548=VERTEX_POINT('',#13489);
#10549=LINE('',#13490,#13491);
#10550=VERTEX_POINT('',#13492);
#10551=CIRCLE('',#13493,0.15);
#10552=VERTEX_POINT('',#13494);
#10553=LINE('',#13495,#13496);
#10554=CIRCLE('',#13497,0.15);
#10555=VERTEX_POINT('',#13498);
#10556=VERTEX_POINT('',#13499);
#10557=LINE('',#13500,#13501);
#10558=VERTEX_POINT('',#13502);
#10559=CIRCLE('',#13503,0.13000000000001);
#10560=VERTEX_POINT('',#13504);
#10561=LINE('',#13505,#13506);
#10562=CIRCLE('',#13507,0.13000000000001);
#10563=VERTEX_POINT('',#13508);
#10564=VERTEX_POINT('',#13509);
#10565=LINE('',#13510,#13511);
#10566=VERTEX_POINT('',#13512);
#10567=CIRCLE('',#13513,0.129999999999995);
#10568=VERTEX_POINT('',#13514);
#10569=LINE('',#13515,#13516);
#10570=CIRCLE('',#13517,0.129999999999995);
#10571=VERTEX_POINT('',#13518);
#10572=VERTEX_POINT('',#13519);
#10573=LINE('',#13520,#13521);
#10574=VERTEX_POINT('',#13522);
#10575=CIRCLE('',#13523,0.129999999999999);
#10576=VERTEX_POINT('',#13524);
#10577=LINE('',#13525,#13526);
#10578=CIRCLE('',#13527,0.129999999999999);
#10579=VERTEX_POINT('',#13528);
#10580=VERTEX_POINT('',#13529);
#10581=LINE('',#13530,#13531);
#10582=VERTEX_POINT('',#13532);
#10583=CIRCLE('',#13533,1.5);
#10584=VERTEX_POINT('',#13534);
#10585=LINE('',#13535,#13536);
#10586=CIRCLE('',#13537,1.5);
#10587=VERTEX_POINT('',#13538);
#10588=VERTEX_POINT('',#13539);
#10589=LINE('',#13540,#13541);
#10590=VERTEX_POINT('',#13542);
#10591=CIRCLE('',#13543,0.190090814031194);
#10592=VERTEX_POINT('',#13544);
#10593=LINE('',#13545,#13546);
#10594=CIRCLE('',#13547,0.190090814031194);
#10595=VERTEX_POINT('',#13548);
#10596=VERTEX_POINT('',#13549);
#10597=LINE('',#13550,#13551);
#10598=VERTEX_POINT('',#13552);
#10599=CIRCLE('',#13553,0.5);
#10600=VERTEX_POINT('',#13554);
#10601=LINE('',#13555,#13556);
#10602=CIRCLE('',#13557,0.5);
#10603=VERTEX_POINT('',#13558);
#10604=VERTEX_POINT('',#13559);
#10605=LINE('',#13560,#13561);
#10606=VERTEX_POINT('',#13562);
#10607=CIRCLE('',#13563,0.5);
#10608=VERTEX_POINT('',#13564);
#10609=LINE('',#13565,#13566);
#10610=CIRCLE('',#13567,0.5);
#10611=VERTEX_POINT('',#13568);
#10612=VERTEX_POINT('',#13569);
#10613=LINE('',#13570,#13571);
#10614=VERTEX_POINT('',#13572);
#10615=CIRCLE('',#13573,0.5);
#10616=VERTEX_POINT('',#13574);
#10617=LINE('',#13575,#13576);
#10618=CIRCLE('',#13577,0.5);
#10619=VERTEX_POINT('',#13578);
#10620=VERTEX_POINT('',#13579);
#10621=LINE('',#13580,#13581);
#10622=VERTEX_POINT('',#13582);
#10623=CIRCLE('',#13583,0.174999999999997);
#10624=VERTEX_POINT('',#13584);
#10625=LINE('',#13585,#13586);
#10626=CIRCLE('',#13587,0.174999999999997);
#10627=VERTEX_POINT('',#13588);
#10628=VERTEX_POINT('',#13589);
#10629=LINE('',#13590,#13591);
#10630=VERTEX_POINT('',#13592);
#10631=CIRCLE('',#13593,0.174999999999997);
#10632=VERTEX_POINT('',#13594);
#10633=LINE('',#13595,#13596);
#10634=CIRCLE('',#13597,0.174999999999997);
#10635=VERTEX_POINT('',#13598);
#10636=VERTEX_POINT('',#13599);
#10637=LINE('',#13600,#13601);
#10638=VERTEX_POINT('',#13602);
#10639=CIRCLE('',#13603,0.174999999999997);
#10640=VERTEX_POINT('',#13604);
#10641=LINE('',#13605,#13606);
#10642=CIRCLE('',#13607,0.174999999999997);
#10643=VERTEX_POINT('',#13608);
#10644=VERTEX_POINT('',#13609);
#10645=LINE('',#13610,#13611);
#10646=VERTEX_POINT('',#13612);
#10647=CIRCLE('',#13613,0.129999999999995);
#10648=VERTEX_POINT('',#13614);
#10649=LINE('',#13615,#13616);
#10650=CIRCLE('',#13617,0.129999999999995);
#10651=VERTEX_POINT('',#13618);
#10652=VERTEX_POINT('',#13619);
#10653=LINE('',#13620,#13621);
#10654=VERTEX_POINT('',#13622);
#10655=CIRCLE('',#13623,0.5);
#10656=VERTEX_POINT('',#13624);
#10657=LINE('',#13625,#13626);
#10658=CIRCLE('',#13627,0.5);
#10659=VERTEX_POINT('',#13628);
#10660=VERTEX_POINT('',#13629);
#10661=LINE('',#13630,#13631);
#10662=VERTEX_POINT('',#13632);
#10663=CIRCLE('',#13633,0.199999999999868);
#10664=VERTEX_POINT('',#13634);
#10665=LINE('',#13635,#13636);
#10666=CIRCLE('',#13637,0.199999999999868);
#10667=VERTEX_POINT('',#13638);
#10668=VERTEX_POINT('',#13639);
#10669=LINE('',#13640,#13641);
#10670=VERTEX_POINT('',#13642);
#10671=CIRCLE('',#13643,1.5);
#10672=VERTEX_POINT('',#13644);
#10673=LINE('',#13645,#13646);
#10674=VERTEX_POINT('',#13647);
#10675=CIRCLE('',#13648,1.5);
#10676=CIRCLE('',#13649,1.5);
#10677=VERTEX_POINT('',#13650);
#10678=LINE('',#13651,#13652);
#10679=VERTEX_POINT('',#13653);
#10680=CIRCLE('',#13654,1.5);
#10681=VERTEX_POINT('',#13655);
#10682=LINE('',#13656,#13657);
#10683=VERTEX_POINT('',#13658);
#10684=CIRCLE('',#13659,0.765);
#10685=CIRCLE('',#13660,0.765);
#10686=VERTEX_POINT('',#13661);
#10687=VERTEX_POINT('',#13662);
#10688=LINE('',#13663,#13664);
#10689=CIRCLE('',#13665,0.765);
#10690=VERTEX_POINT('',#13666);
#10691=LINE('',#13667,#13668);
#10692=CIRCLE('',#13669,0.765);
#10693=VERTEX_POINT('',#13670);
#10694=VERTEX_POINT('',#13671);
#10695=LINE('',#13672,#13673);
#10696=VERTEX_POINT('',#13674);
#10697=CIRCLE('',#13675,2.9299999999993);
#10698=VERTEX_POINT('',#13676);
#10699=CIRCLE('',#13677,2.9299999999993);
#10700=VERTEX_POINT('',#13678);
#10701=LINE('',#13679,#13680);
#10702=CIRCLE('',#13681,2.9299999999993);
#10703=VERTEX_POINT('',#13682);
#10704=VERTEX_POINT('',#13683);
#10705=LINE('',#13684,#13685);
#10706=VERTEX_POINT('',#13686);
#10707=CIRCLE('',#13687,0.129999999999971);
#10708=VERTEX_POINT('',#13688);
#10709=LINE('',#13689,#13690);
#10710=CIRCLE('',#13691,0.129999999999971);
#10711=VERTEX_POINT('',#13692);
#10712=VERTEX_POINT('',#13693);
#10713=LINE('',#13694,#13695);
#10714=VERTEX_POINT('',#13696);
#10715=CIRCLE('',#13697,0.175000000000001);
#10716=VERTEX_POINT('',#13698);
#10717=LINE('',#13699,#13700);
#10718=CIRCLE('',#13701,0.175000000000001);
#10719=VERTEX_POINT('',#13702);
#10720=VERTEX_POINT('',#13703);
#10721=LINE('',#13704,#13705);
#10722=VERTEX_POINT('',#13706);
#10723=CIRCLE('',#13707,0.129999999999995);
#10724=VERTEX_POINT('',#13708);
#10725=LINE('',#13709,#13710);
#10726=CIRCLE('',#13711,0.129999999999995);
#10727=VERTEX_POINT('',#13712);
#10728=VERTEX_POINT('',#13713);
#10729=LINE('',#13714,#13715);
#10730=CIRCLE('',#13716,0.190090814031194);
#10731=CIRCLE('',#13717,0.190090814031194);
#10732=VERTEX_POINT('',#13718);
#10733=VERTEX_POINT('',#13719);
#10734=LINE('',#13720,#13721);
#10735=VERTEX_POINT('',#13722);
#10736=CIRCLE('',#13723,0.199999999999976);
#10737=VERTEX_POINT('',#13724);
#10738=LINE('',#13725,#13726);
#10739=CIRCLE('',#13727,0.199999999999976);
#10740=VERTEX_POINT('',#13728);
#10741=VERTEX_POINT('',#13729);
#10742=LINE('',#13730,#13731);
#10743=VERTEX_POINT('',#13732);
#10744=CIRCLE('',#13733,0.130000000000006);
#10745=VERTEX_POINT('',#13734);
#10746=LINE('',#13735,#13736);
#10747=CIRCLE('',#13737,0.130000000000006);
#10748=VERTEX_POINT('',#13738);
#10749=VERTEX_POINT('',#13739);
#10750=LINE('',#13740,#13741);
#10751=VERTEX_POINT('',#13742);
#10752=CIRCLE('',#13743,2.6);
#10753=VERTEX_POINT('',#13744);
#10754=LINE('',#13745,#13746);
#10755=CIRCLE('',#13747,2.6);
#10756=VERTEX_POINT('',#13748);
#10757=VERTEX_POINT('',#13749);
#10758=LINE('',#13750,#13751);
#10759=CIRCLE('',#13752,0.818323486672228);
#10760=CIRCLE('',#13753,0.818323486672228);
#10761=VERTEX_POINT('',#13754);
#10762=VERTEX_POINT('',#13755);
#10763=LINE('',#13756,#13757);
#10764=VERTEX_POINT('',#13758);
#10765=CIRCLE('',#13759,0.6);
#10766=VERTEX_POINT('',#13760);
#10767=LINE('',#13761,#13762);
#10768=CIRCLE('',#13763,0.6);
#10769=VERTEX_POINT('',#13764);
#10770=VERTEX_POINT('',#13765);
#10771=LINE('',#13766,#13767);
#10772=VERTEX_POINT('',#13768);
#10773=CIRCLE('',#13769,2.0);
#10774=VERTEX_POINT('',#13770);
#10775=LINE('',#13771,#13772);
#10776=CIRCLE('',#13773,2.0);
#10777=VERTEX_POINT('',#13774);
#10778=VERTEX_POINT('',#13775);
#10779=LINE('',#13776,#13777);
#10780=VERTEX_POINT('',#13778);
#10781=CIRCLE('',#13779,0.199999999999989);
#10782=VERTEX_POINT('',#13780);
#10783=LINE('',#13781,#13782);
#10784=CIRCLE('',#13783,0.199999999999989);
#10785=VERTEX_POINT('',#13784);
#10786=VERTEX_POINT('',#13785);
#10787=LINE('',#13786,#13787);
#10788=VERTEX_POINT('',#13788);
#10789=CIRCLE('',#13789,1.5);
#10790=VERTEX_POINT('',#13790);
#10791=LINE('',#13791,#13792);
#10792=CIRCLE('',#13793,1.5);
#10793=VERTEX_POINT('',#13794);
#10794=VERTEX_POINT('',#13795);
#10795=LINE('',#13796,#13797);
#10796=VERTEX_POINT('',#13798);
#10797=CIRCLE('',#13799,2.9299999999993);
#10798=VERTEX_POINT('',#13800);
#10799=CIRCLE('',#13801,2.9299999999993);
#10800=VERTEX_POINT('',#13802);
#10801=LINE('',#13803,#13804);
#10802=CIRCLE('',#13805,2.9299999999993);
#10803=VERTEX_POINT('',#13806);
#10804=VERTEX_POINT('',#13807);
#10805=LINE('',#13808,#13809);
#10806=VERTEX_POINT('',#13810);
#10807=CIRCLE('',#13811,2.0);
#10808=VERTEX_POINT('',#13812);
#10809=LINE('',#13813,#13814);
#10810=CIRCLE('',#13815,2.0);
#10811=VERTEX_POINT('',#13816);
#10812=VERTEX_POINT('',#13817);
#10813=LINE('',#13818,#13819);
#10814=VERTEX_POINT('',#13820);
#10815=CIRCLE('',#13821,0.765);
#10816=VERTEX_POINT('',#13822);
#10817=CIRCLE('',#13823,0.765);
#10818=VERTEX_POINT('',#13824);
#10819=LINE('',#13825,#13826);
#10820=CIRCLE('',#13827,0.765);
#10821=VERTEX_POINT('',#13828);
#10822=LINE('',#13829,#13830);
#10823=VERTEX_POINT('',#13831);
#10824=CIRCLE('',#13832,1.5);
#10825=VERTEX_POINT('',#13833);
#10826=CIRCLE('',#13834,1.5);
#10827=VERTEX_POINT('',#13835);
#10828=LINE('',#13836,#13837);
#10829=CIRCLE('',#13838,0.765);
#10830=VERTEX_POINT('',#13839);
#10831=VERTEX_POINT('',#13840);
#10832=LINE('',#13841,#13842);
#10833=VERTEX_POINT('',#13843);
#10834=B_SPLINE_CURVE_WITH_KNOTS('',3,(#13844,#13845,#13846,#13847,#13848,#13849,#13850,#13851,#13852,#13853,#13854,#13855,#13856,#13857,#13858,#13859,#13860,#13861,#13862,#13863,#13864,#13865,#13866,#13867,#13868,#13869,#13870,#13871,#13872,#13873,#13874,#13875,#13876,#13877,#13878,#13879,#13880,#13881,#13882,#13883,#13884,#13885,#13886,#13887,#13888,#13889,#13890,#13891,#13892),.UNSPECIFIED.,.F.,.F.,(4,3,3,3,3,3,3,3,3,3,3,3,3,3,3,3,4),(4.24952260281722E-14,0.0583597015663733,0.116873433461776,0.175689135486264,0.234942951446682,0.294754242389297,0.355221562068488,0.416419730112387,0.478398033693174,0.541179503344915,0.604761150775601,0.669115026318705,0.734189946193896,0.799913747993057,0.866195949917461,0.932930709788688,0.992176101421552),.UNSPECIFIED.);
#10835=VERTEX_POINT('',#13893);
#10836=LINE('',#13894,#13895);
#10837=CIRCLE('',#13896,0.3);
#10838=VERTEX_POINT('',#13897);
#10839=VERTEX_POINT('',#13898);
#10840=LINE('',#13899,#13900);
#10841=VERTEX_POINT('',#13901);
#10842=B_SPLINE_CURVE_WITH_KNOTS('',3,(#13902,#13903,#13904,#13905,#13906,#13907,#13908,#13909,#13910,#13911,#13912,#13913,#13914,#13915,#13916,#13917,#13918,#13919,#13920,#13921,#13922,#13923,#13924,#13925,#13926,#13927,#13928,#13929,#13930,#13931,#13932,#13933,#13934,#13935,#13936,#13937,#13938,#13939,#13940,#13941,#13942,#13943,#13944,#13945,#13946,#13947,#13948,#13949,#13950),.UNSPECIFIED.,.F.,.F.,(4,3,3,3,3,3,3,3,3,3,3,3,3,3,3,3,4),(0.0,0.0670692902113139,0.133804050082538,0.200086252006939,0.265810053806101,0.330884973681293,0.395238849224397,0.458820496655085,0.521601966306828,0.583580269887615,0.644778437931513,0.705245757610704,0.765057048553319,0.824310864513738,0.883126566538226,0.941640298433628,0.99319212225858),.UNSPECIFIED.);
#10843=VERTEX_POINT('',#13951);
#10844=LINE('',#13952,#13953);
#10845=CIRCLE('',#13954,0.3);
#10846=VERTEX_POINT('',#13955);
#10847=VERTEX_POINT('',#13956);
#10848=LINE('',#13957,#13958);
#10849=VERTEX_POINT('',#13959);
#10850=CIRCLE('',#13960,1.5);
#10851=LINE('',#13961,#13962);
#10852=CIRCLE('',#13963,1.5);
#10853=VERTEX_POINT('',#13964);
#10854=VERTEX_POINT('',#13965);
#10855=LINE('',#13966,#13967);
#10856=VERTEX_POINT('',#13968);
#10857=CIRCLE('',#13969,2.6);
#10858=VERTEX_POINT('',#13970);
#10859=LINE('',#13971,#13972);
#10860=CIRCLE('',#13973,2.6);
#10861=VERTEX_POINT('',#13974);
#10862=VERTEX_POINT('',#13975);
#10863=LINE('',#13976,#13977);
#10864=VERTEX_POINT('',#13978);
#10865=CIRCLE('',#13979,0.2);
#10866=VERTEX_POINT('',#13980);
#10867=LINE('',#13981,#13982);
#10868=CIRCLE('',#13983,0.2);
#10869=VERTEX_POINT('',#13984);
#10870=VERTEX_POINT('',#13985);
#10871=LINE('',#13986,#13987);
#10872=VERTEX_POINT('',#13988);
#10873=CIRCLE('',#13989,0.750000000000056);
#10874=VERTEX_POINT('',#13990);
#10875=LINE('',#13991,#13992);
#10876=CIRCLE('',#13993,0.750000000000056);
#10877=VERTEX_POINT('',#13994);
#10878=VERTEX_POINT('',#13995);
#10879=LINE('',#13996,#13997);
#10880=VERTEX_POINT('',#13998);
#10881=CIRCLE('',#13999,0.29999999999999);
#10882=VERTEX_POINT('',#14000);
#10883=LINE('',#14001,#14002);
#10884=CIRCLE('',#14003,0.29999999999999);
#10885=VERTEX_POINT('',#14004);
#10886=VERTEX_POINT('',#14005);
#10887=LINE('',#14006,#14007);
#10888=VERTEX_POINT('',#14008);
#10889=CIRCLE('',#14009,0.3);
#10890=VERTEX_POINT('',#14010);
#10891=LINE('',#14011,#14012);
#10892=CIRCLE('',#14013,0.3);
#10893=VERTEX_POINT('',#14014);
#10894=VERTEX_POINT('',#14015);
#10895=LINE('',#14016,#14017);
#10896=VERTEX_POINT('',#14018);
#10897=CIRCLE('',#14019,0.3);
#10898=VERTEX_POINT('',#14020);
#10899=LINE('',#14021,#14022);
#10900=CIRCLE('',#14023,0.3);
#10901=VERTEX_POINT('',#14024);
#10902=VERTEX_POINT('',#14025);
#10903=LINE('',#14026,#14027);
#10904=VERTEX_POINT('',#14028);
#10905=CIRCLE('',#14029,0.3);
#10906=VERTEX_POINT('',#14030);
#10907=LINE('',#14031,#14032);
#10908=CIRCLE('',#14033,0.3);
#10909=VERTEX_POINT('',#14034);
#10910=VERTEX_POINT('',#14035);
#10911=LINE('',#14036,#14037);
#10912=VERTEX_POINT('',#14038);
#10913=CIRCLE('',#14039,0.5);
#10914=VERTEX_POINT('',#14040);
#10915=LINE('',#14041,#14042);
#10916=CIRCLE('',#14043,0.5);
#10917=VERTEX_POINT('',#14044);
#10918=VERTEX_POINT('',#14045);
#10919=LINE('',#14046,#14047);
#10920=VERTEX_POINT('',#14048);
#10921=CIRCLE('',#14049,0.5);
#10922=VERTEX_POINT('',#14050);
#10923=LINE('',#14051,#14052);
#10924=CIRCLE('',#14053,0.5);
#10925=VERTEX_POINT('',#14054);
#10926=VERTEX_POINT('',#14055);
#10927=LINE('',#14056,#14057);
#10928=VERTEX_POINT('',#14058);
#10929=CIRCLE('',#14059,0.5);
#10930=VERTEX_POINT('',#14060);
#10931=LINE('',#14061,#14062);
#10932=CIRCLE('',#14063,0.5);
#10933=VERTEX_POINT('',#14064);
#10934=VERTEX_POINT('',#14065);
#10935=LINE('',#14066,#14067);
#10936=VERTEX_POINT('',#14068);
#10937=CIRCLE('',#14069,0.5);
#10938=VERTEX_POINT('',#14070);
#10939=LINE('',#14071,#14072);
#10940=CIRCLE('',#14073,0.5);
#10941=VERTEX_POINT('',#14074);
#10942=VERTEX_POINT('',#14075);
#10943=LINE('',#14076,#14077);
#10944=VERTEX_POINT('',#14078);
#10945=CIRCLE('',#14079,0.2);
#10946=VERTEX_POINT('',#14080);
#10947=LINE('',#14081,#14082);
#10948=CIRCLE('',#14083,0.2);
#10949=VERTEX_POINT('',#14084);
#10950=VERTEX_POINT('',#14085);
#10951=LINE('',#14086,#14087);
#10952=VERTEX_POINT('',#14088);
#10953=CIRCLE('',#14089,0.5);
#10954=VERTEX_POINT('',#14090);
#10955=LINE('',#14091,#14092);
#10956=CIRCLE('',#14093,0.5);
#10957=VERTEX_POINT('',#14094);
#10958=VERTEX_POINT('',#14095);
#10959=LINE('',#14096,#14097);
#10960=VERTEX_POINT('',#14098);
#10961=CIRCLE('',#14099,0.5);
#10962=VERTEX_POINT('',#14100);
#10963=LINE('',#14101,#14102);
#10964=CIRCLE('',#14103,0.5);
#10965=VERTEX_POINT('',#14104);
#10966=VERTEX_POINT('',#14105);
#10967=LINE('',#14106,#14107);
#10968=VERTEX_POINT('',#14108);
#10969=CIRCLE('',#14109,0.5);
#10970=VERTEX_POINT('',#14110);
#10971=LINE('',#14111,#14112);
#10972=CIRCLE('',#14113,0.5);
#10973=VERTEX_POINT('',#14114);
#10974=VERTEX_POINT('',#14115);
#10975=LINE('',#14116,#14117);
#10976=VERTEX_POINT('',#14118);
#10977=CIRCLE('',#14119,0.5);
#10978=VERTEX_POINT('',#14120);
#10979=LINE('',#14121,#14122);
#10980=CIRCLE('',#14123,0.5);
#10981=VERTEX_POINT('',#14124);
#10982=VERTEX_POINT('',#14125);
#10983=LINE('',#14126,#14127);
#10984=VERTEX_POINT('',#14128);
#10985=LINE('',#14129,#14130);
#10986=VERTEX_POINT('',#14131);
#10987=LINE('',#14132,#14133);
#10988=VERTEX_POINT('',#14134);
#10989=LINE('',#14135,#14136);
#10990=VERTEX_POINT('',#14137);
#10991=LINE('',#14138,#14139);
#10992=LINE('',#14140,#14141);
#10993=LINE('',#14142,#14143);
#10994=VERTEX_POINT('',#14144);
#10995=LINE('',#14145,#14146);
#10996=VERTEX_POINT('',#14147);
#10997=LINE('',#14148,#14149);
#10998=VERTEX_POINT('',#14150);
#10999=LINE('',#14151,#14152);
#11000=LINE('',#14153,#14154);
#11001=LINE('',#14155,#14156);
#11002=VERTEX_POINT('',#14157);
#11003=CIRCLE('',#14158,0.5);
#11004=LINE('',#14159,#14160);
#11005=VERTEX_POINT('',#14161);
#11006=CIRCLE('',#14162,0.5);
#11007=LINE('',#14163,#14164);
#11008=VERTEX_POINT('',#14165);
#11009=CIRCLE('',#14166,0.5);
#11010=LINE('',#14167,#14168);
#11011=CIRCLE('',#14169,0.5);
#11012=VERTEX_POINT('',#14170);
#11013=LINE('',#14171,#14172);
#11014=VERTEX_POINT('',#14173);
#11015=LINE('',#14174,#14175);
#11016=VERTEX_POINT('',#14176);
#11017=LINE('',#14177,#14178);
#11018=VERTEX_POINT('',#14179);
#11019=LINE('',#14180,#14181);
#11020=VERTEX_POINT('',#14182);
#11021=LINE('',#14183,#14184);
#11022=VERTEX_POINT('',#14185);
#11023=LINE('',#14186,#14187);
#11024=VERTEX_POINT('',#14188);
#11025=LINE('',#14189,#14190);
#11026=VERTEX_POINT('',#14191);
#11027=LINE('',#14192,#14193);
#11028=VERTEX_POINT('',#14194);
#11029=LINE('',#14195,#14196);
#11030=VERTEX_POINT('',#14197);
#11031=LINE('',#14198,#14199);
#11032=VERTEX_POINT('',#14200);
#11033=LINE('',#14201,#14202);
#11034=VERTEX_POINT('',#14203);
#11035=LINE('',#14204,#14205);
#11036=CIRCLE('',#14206,0.6);
#11037=LINE('',#14207,#14208);
#11038=VERTEX_POINT('',#14209);
#11039=CIRCLE('',#14210,0.199999999999989);
#11040=VERTEX_POINT('',#14211);
#11041=LINE('',#14212,#14213);
#11042=VERTEX_POINT('',#14214);
#11043=LINE('',#14215,#14216);
#11044=VERTEX_POINT('',#14217);
#11045=LINE('',#14218,#14219);
#11046=VERTEX_POINT('',#14220);
#11047=LINE('',#14221,#14222);
#11048=CIRCLE('',#14223,0.2);
#11049=VERTEX_POINT('',#14224);
#11050=LINE('',#14225,#14226);
#11051=VERTEX_POINT('',#14227);
#11052=CIRCLE('',#14228,0.5);
#11053=LINE('',#14229,#14230);
#11054=VERTEX_POINT('',#14231);
#11055=CIRCLE('',#14232,0.5);
#11056=LINE('',#14233,#14234);
#11057=VERTEX_POINT('',#14235);
#11058=CIRCLE('',#14236,0.5);
#11059=LINE('',#14237,#14238);
#11060=CIRCLE('',#14239,0.5);
#11061=VERTEX_POINT('',#14240);
#11062=VERTEX_POINT('',#14241);
#11063=LINE('',#14242,#14243);
#11064=VERTEX_POINT('',#14244);
#11065=LINE('',#14245,#14246);
#11066=VERTEX_POINT('',#14247);
#11067=LINE('',#14248,#14249);
#11068=LINE('',#14250,#14251);
#11069=VERTEX_POINT('',#14252);
#11070=VERTEX_POINT('',#14253);
#11071=LINE('',#14254,#14255);
#11072=VERTEX_POINT('',#14256);
#11073=LINE('',#14257,#14258);
#11074=VERTEX_POINT('',#14259);
#11075=LINE('',#14260,#14261);
#11076=LINE('',#14262,#14263);
#11077=VERTEX_POINT('',#14264);
#11078=VERTEX_POINT('',#14265);
#11079=LINE('',#14266,#14267);
#11080=VERTEX_POINT('',#14268);
#11081=LINE('',#14269,#14270);
#11082=VERTEX_POINT('',#14271);
#11083=LINE('',#14272,#14273);
#11084=LINE('',#14274,#14275);
#11085=VERTEX_POINT('',#14276);
#11086=VERTEX_POINT('',#14277);
#11087=LINE('',#14278,#14279);
#11088=VERTEX_POINT('',#14280);
#11089=LINE('',#14281,#14282);
#11090=VERTEX_POINT('',#14283);
#11091=LINE('',#14284,#14285);
#11092=VERTEX_POINT('',#14286);
#11093=LINE('',#14287,#14288);
#11094=LINE('',#14289,#14290);
#11095=VERTEX_POINT('',#14291);
#11096=VERTEX_POINT('',#14292);
#11097=LINE('',#14293,#14294);
#11098=LINE('',#14295,#14296);
#11099=LINE('',#14297,#14298);
#11100=VERTEX_POINT('',#14299);
#11101=VERTEX_POINT('',#14300);
#11102=LINE('',#14301,#14302);
#11103=VERTEX_POINT('',#14303);
#11104=LINE('',#14304,#14305);
#11105=VERTEX_POINT('',#14306);
#11106=LINE('',#14307,#14308);
#11107=LINE('',#14309,#14310);
#11108=VERTEX_POINT('',#14311);
#11109=LINE('',#14312,#14313);
#11110=VERTEX_POINT('',#14314);
#11111=LINE('',#14315,#14316);
#11112=LINE('',#14317,#14318);
#11113=VERTEX_POINT('',#14319);
#11114=CIRCLE('',#14320,0.2);
#11115=LINE('',#14321,#14322);
#11116=VERTEX_POINT('',#14323);
#11117=LINE('',#14324,#14325);
#11118=VERTEX_POINT('',#14326);
#11119=LINE('',#14327,#14328);
#11120=LINE('',#14329,#14330);
#11121=VERTEX_POINT('',#14331);
#11122=CIRCLE('',#14332,0.199999999999868);
#11123=VERTEX_POINT('',#14333);
#11124=LINE('',#14334,#14335);
#11125=LINE('',#14336,#14337);
#11126=LINE('',#14338,#14339);
#11127=VERTEX_POINT('',#14340);
#11128=LINE('',#14341,#14342);
#11129=VERTEX_POINT('',#14343);
#11130=CIRCLE('',#14344,2.9299999999993);
#11131=LINE('',#14345,#14346);
#11132=VERTEX_POINT('',#14347);
#11133=LINE('',#14348,#14349);
#11134=LINE('',#14350,#14351);
#11135=LINE('',#14352,#14353);
#11136=LINE('',#14354,#14355);
#11137=VERTEX_POINT('',#14356);
#11138=LINE('',#14357,#14358);
#11139=VERTEX_POINT('',#14359);
#11140=LINE('',#14360,#14361);
#11141=LINE('',#14362,#14363);
#11142=LINE('',#14364,#14365);
#11143=LINE('',#14366,#14367);
#11144=VERTEX_POINT('',#14368);
#11145=LINE('',#14369,#14370);
#11146=CIRCLE('',#14371,0.5);
#11147=CIRCLE('',#14372,0.5);
#11148=VERTEX_POINT('',#14373);
#11149=LINE('',#14374,#14375);
#11150=CIRCLE('',#14376,0.5);
#11151=VERTEX_POINT('',#14377);
#11152=LINE('',#14378,#14379);
#11153=CIRCLE('',#14380,0.5);
#11154=LINE('',#14381,#14382);
#11155=LINE('',#14383,#14384);
#11156=LINE('',#14385,#14386);
#11157=LINE('',#14387,#14388);
#11158=LINE('',#14389,#14390);
#11159=VERTEX_POINT('',#14391);
#11160=LINE('',#14392,#14393);
#11161=LINE('',#14394,#14395);
#11162=VERTEX_POINT('',#14396);
#11163=LINE('',#14397,#14398);
#11164=CIRCLE('',#14399,0.5);
#11165=VERTEX_POINT('',#14400);
#11166=LINE('',#14401,#14402);
#11167=CIRCLE('',#14403,0.5);
#11168=VERTEX_POINT('',#14404);
#11169=LINE('',#14405,#14406);
#11170=CIRCLE('',#14407,0.5);
#11171=CIRCLE('',#14408,0.5);
#11172=LINE('',#14409,#14410);
#11173=LINE('',#14411,#14412);
#11174=LINE('',#14413,#14414);
#11175=VERTEX_POINT('',#14415);
#11176=CIRCLE('',#14416,0.3);
#11177=VERTEX_POINT('',#14417);
#11178=LINE('',#14418,#14419);
#11179=CIRCLE('',#14420,0.3);
#11180=VERTEX_POINT('',#14421);
#11181=VERTEX_POINT('',#14422);
#11182=LINE('',#14423,#14424);
#11183=LINE('',#14425,#14426);
#11184=VERTEX_POINT('',#14427);
#11185=CIRCLE('',#14428,0.3);
#11186=CIRCLE('',#14429,0.2);
#11187=LINE('',#14430,#14431);
#11188=LINE('',#14432,#14433);
#11189=VERTEX_POINT('',#14434);
#11190=CIRCLE('',#14435,0.3);
#11191=VERTEX_POINT('',#14436);
#11192=LINE('',#14437,#14438);
#11193=VERTEX_POINT('',#14439);
#11194=LINE('',#14440,#14441);
#11195=CIRCLE('',#14442,0.750000000000056);
#11196=VERTEX_POINT('',#14443);
#11197=LINE('',#14444,#14445);
#11198=VERTEX_POINT('',#14446);
#11199=CIRCLE('',#14447,0.200000000000003);
#11200=LINE('',#14448,#14449);
#11201=VERTEX_POINT('',#14450);
#11202=CIRCLE('',#14451,0.29999999999999);
#11203=VERTEX_POINT('',#14452);
#11204=LINE('',#14453,#14454);
#11205=LINE('',#14455,#14456);
#11206=VERTEX_POINT('',#14457);
#11207=CIRCLE('',#14458,0.3);
#11208=LINE('',#14459,#14460);
#11209=VERTEX_POINT('',#14461);
#11210=VERTEX_POINT('',#14462);
#11211=LINE('',#14463,#14464);
#11212=LINE('',#14465,#14466);
#11213=CIRCLE('',#14467,0.2);
#11214=LINE('',#14468,#14469);
#11215=VERTEX_POINT('',#14470);
#11216=CIRCLE('',#14471,0.3);
#11217=LINE('',#14472,#14473);
#11218=LINE('',#14474,#14475);
#11219=VERTEX_POINT('',#14476);
#11220=LINE('',#14477,#14478);
#11221=VERTEX_POINT('',#14479);
#11222=LINE('',#14480,#14481);
#11223=CIRCLE('',#14482,0.29999999999999);
#11224=VERTEX_POINT('',#14483);
#11225=LINE('',#14484,#14485);
#11226=VERTEX_POINT('',#14486);
#11227=CIRCLE('',#14487,0.200000000000003);
#11228=LINE('',#14488,#14489);
#11229=VERTEX_POINT('',#14490);
#11230=CIRCLE('',#14491,0.750000000000056);
#11231=VERTEX_POINT('',#14492);
#11232=LINE('',#14493,#14494);
#11233=LINE('',#14495,#14496);
#11234=LINE('',#14497,#14498);
#11235=LINE('',#14499,#14500);
#11236=LINE('',#14501,#14502);
#11237=LINE('',#14503,#14504);
#11238=LINE('',#14505,#14506);
#11239=LINE('',#14507,#14508);
#11240=LINE('',#14509,#14510);
#11241=LINE('',#14511,#14512);
#11242=VERTEX_POINT('',#14513);
#11243=LINE('',#14514,#14515);
#11244=VERTEX_POINT('',#14516);
#11245=LINE('',#14517,#14518);
#11246=VERTEX_POINT('',#14519);
#11247=LINE('',#14520,#14521);
#11248=VERTEX_POINT('',#14522);
#11249=LINE('',#14523,#14524);
#11250=VERTEX_POINT('',#14525);
#11251=LINE('',#14526,#14527);
#11252=LINE('',#14528,#14529);
#11253=VERTEX_POINT('',#14530);
#11254=LINE('',#14531,#14532);
#11255=LINE('',#14533,#14534);
#11256=VERTEX_POINT('',#14535);
#11257=VERTEX_POINT('',#14536);
#11258=LINE('',#14537,#14538);
#11259=LINE('',#14539,#14540);
#11260=VERTEX_POINT('',#14541);
#11261=LINE('',#14542,#14543);
#11262=LINE('',#14544,#14545);
#11263=LINE('',#14546,#14547);
#11264=LINE('',#14548,#14549);
#11265=LINE('',#14550,#14551);
#11266=VERTEX_POINT('',#14552);
#11267=VERTEX_POINT('',#14553);
#11268=LINE('',#14554,#14555);
#11269=VERTEX_POINT('',#14556);
#11270=LINE('',#14557,#14558);
#11271=VERTEX_POINT('',#14559);
#11272=LINE('',#14560,#14561);
#11273=LINE('',#14562,#14563);
#11274=VERTEX_POINT('',#14564);
#11275=VERTEX_POINT('',#14565);
#11276=LINE('',#14566,#14567);
#11277=LINE('',#14568,#14569);
#11278=VERTEX_POINT('',#14570);
#11279=LINE('',#14571,#14572);
#11280=LINE('',#14573,#14574);
#11281=VERTEX_POINT('',#14575);
#11282=LINE('',#14576,#14577);
#11283=LINE('',#14578,#14579);
#11284=VERTEX_POINT('',#14580);
#11285=LINE('',#14581,#14582);
#11286=VERTEX_POINT('',#14583);
#11287=LINE('',#14584,#14585);
#11288=LINE('',#14586,#14587);
#11289=CIRCLE('',#14588,2.6);
#11290=CIRCLE('',#14589,2.6);
#11291=VERTEX_POINT('',#14590);
#11292=LINE('',#14591,#14592);
#11293=VERTEX_POINT('',#14593);
#11294=LINE('',#14594,#14595);
#11295=CIRCLE('',#14596,2.9299999999993);
#11296=VERTEX_POINT('',#14597);
#11297=LINE('',#14598,#14599);
#11298=VERTEX_POINT('',#14600);
#11299=LINE('',#14601,#14602);
#11300=LINE('',#14603,#14604);
#11301=VERTEX_POINT('',#14605);
#11302=LINE('',#14606,#14607);
#11303=VERTEX_POINT('',#14608);
#11304=LINE('',#14609,#14610);
#11305=LINE('',#14611,#14612);
#11306=VERTEX_POINT('',#14613);
#11307=LINE('',#14614,#14615);
#11308=VERTEX_POINT('',#14616);
#11309=LINE('',#14617,#14618);
#11310=LINE('',#14619,#14620);
#11311=VERTEX_POINT('',#14621);
#11312=LINE('',#14622,#14623);
#11313=LINE('',#14624,#14625);
#11314=CIRCLE('',#14626,1.5);
#11315=CIRCLE('',#14627,1.5);
#11316=LINE('',#14628,#14629);
#11317=VERTEX_POINT('',#14630);
#11318=VERTEX_POINT('',#14631);
#11319=LINE('',#14632,#14633);
#11320=VERTEX_POINT('',#14634);
#11321=LINE('',#14635,#14636);
#11322=VERTEX_POINT('',#14637);
#11323=LINE('',#14638,#14639);
#11324=LINE('',#14640,#14641);
#11325=VERTEX_POINT('',#14642);
#11326=VERTEX_POINT('',#14643);
#11327=LINE('',#14644,#14645);
#11328=VERTEX_POINT('',#14646);
#11329=LINE('',#14647,#14648);
#11330=LINE('',#14649,#14650);
#11331=VERTEX_POINT('',#14651);
#11332=LINE('',#14652,#14653);
#11333=LINE('',#14654,#14655);
#11334=VERTEX_POINT('',#14656);
#11335=VERTEX_POINT('',#14657);
#11336=LINE('',#14658,#14659);
#11337=VERTEX_POINT('',#14660);
#11338=LINE('',#14661,#14662);
#11339=VERTEX_POINT('',#14663);
#11340=LINE('',#14664,#14665);
#11341=LINE('',#14666,#14667);
#11342=VERTEX_POINT('',#14668);
#11343=CIRCLE('',#14669,0.3);
#11344=VERTEX_POINT('',#14670);
#11345=LINE('',#14671,#14672);
#11346=B_SPLINE_CURVE_WITH_KNOTS('',3,(#14673,#14674,#14675,#14676),.UNSPECIFIED.,.F.,.F.,(4,4),(0.99319212225858,1.0),.UNSPECIFIED.);
#11347=VERTEX_POINT('',#14677);
#11348=CIRCLE('',#14678,0.3);
#11349=VERTEX_POINT('',#14679);
#11350=LINE('',#14680,#14681);
#11351=B_SPLINE_CURVE_WITH_KNOTS('',3,(#14682,#14683,#14684,#14685),.UNSPECIFIED.,.F.,.F.,(4,4),(0.992176101421549,0.999999999999996),.UNSPECIFIED.);
#11352=VERTEX_POINT('',#14686);
#11353=LINE('',#14687,#14688);
#11354=LINE('',#14689,#14690);
#11355=LINE('',#14691,#14692);
#11356=VERTEX_POINT('',#14693);
#11357=LINE('',#14694,#14695);
#11358=VERTEX_POINT('',#14696);
#11359=LINE('',#14697,#14698);
#11360=VERTEX_POINT('',#14699);
#11361=LINE('',#14700,#14701);
#11362=LINE('',#14702,#14703);
#11363=VERTEX_POINT('',#14704);
#11364=LINE('',#14705,#14706);
#11365=LINE('',#14707,#14708);
#11366=VERTEX_POINT('',#14709);
#11367=LINE('',#14710,#14711);
#11368=LINE('',#14712,#14713);
#11369=LINE('',#14714,#14715);
#11370=LINE('',#14716,#14717);
#11371=LINE('',#14718,#14719);
#11372=CIRCLE('',#14720,1.5);
#11373=CIRCLE('',#14721,0.765);
#11374=LINE('',#14722,#14723);
#11375=CIRCLE('',#14724,0.765);
#11376=LINE('',#14725,#14726);
#11377=VERTEX_POINT('',#14727);
#11378=LINE('',#14728,#14729);
#11379=VERTEX_POINT('',#14730);
#11380=LINE('',#14731,#14732);
#11381=LINE('',#14733,#14734);
#11382=LINE('',#14735,#14736);
#11383=LINE('',#14737,#14738);
#11384=VERTEX_POINT('',#14739);
#11385=LINE('',#14740,#14741);
#11386=VERTEX_POINT('',#14742);
#11387=LINE('',#14743,#14744);
#11388=LINE('',#14745,#14746);
#11389=LINE('',#14747,#14748);
#11390=LINE('',#14749,#14750);
#11391=LINE('',#14751,#14752);
#11392=LINE('',#14753,#14754);
#11393=CIRCLE('',#14755,2.0);
#11394=CIRCLE('',#14756,2.0);
#11395=CIRCLE('',#14757,1.5);
#11396=LINE('',#14758,#14759);
#11397=LINE('',#14760,#14761);
#11398=LINE('',#14762,#14763);
#11399=LINE('',#14764,#14765);
#11400=VERTEX_POINT('',#14766);
#11401=LINE('',#14767,#14768);
#11402=LINE('',#14769,#14770);
#11403=CIRCLE('',#14771,2.9299999999993);
#11404=CIRCLE('',#14772,2.9299999999993);
#11405=LINE('',#14773,#14774);
#11406=VERTEX_POINT('',#14775);
#11407=LINE('',#14776,#14777);
#11408=VERTEX_POINT('',#14778);
#11409=LINE('',#14779,#14780);
#11410=VERTEX_POINT('',#14781);
#11411=LINE('',#14782,#14783);
#11412=LINE('',#14784,#14785);
#11413=VERTEX_POINT('',#14786);
#11414=VERTEX_POINT('',#14787);
#11415=LINE('',#14788,#14789);
#11416=VERTEX_POINT('',#14790);
#11417=LINE('',#14791,#14792);
#11418=VERTEX_POINT('',#14793);
#11419=LINE('',#14794,#14795);
#11420=LINE('',#14796,#14797);
#11421=VERTEX_POINT('',#14798);
#11422=VERTEX_POINT('',#14799);
#11423=LINE('',#14800,#14801);
#11424=VERTEX_POINT('',#14802);
#11425=LINE('',#14803,#14804);
#11426=VERTEX_POINT('',#14805);
#11427=LINE('',#14806,#14807);
#11428=LINE('',#14808,#14809);
#11429=LINE('',#14810,#14811);
#11430=LINE('',#14812,#14813);
#11431=VERTEX_POINT('',#14814);
#11432=LINE('',#14815,#14816);
#11433=VERTEX_POINT('',#14817);
#11434=LINE('',#14818,#14819);
#11435=LINE('',#14820,#14821);
#11436=VERTEX_POINT('',#14822);
#11437=VERTEX_POINT('',#14823);
#11438=LINE('',#14824,#14825);
#11439=VERTEX_POINT('',#14826);
#11440=LINE('',#14827,#14828);
#11441=VERTEX_POINT('',#14829);
#11442=LINE('',#14830,#14831);
#11443=LINE('',#14832,#14833);
#11444=VERTEX_POINT('',#14834);
#11445=VERTEX_POINT('',#14835);
#11446=LINE('',#14836,#14837);
#11447=VERTEX_POINT('',#14838);
#11448=LINE('',#14839,#14840);
#11449=VERTEX_POINT('',#14841);
#11450=LINE('',#14842,#14843);
#11451=LINE('',#14844,#14845);
#11452=VERTEX_POINT('',#14846);
#11453=VERTEX_POINT('',#14847);
#11454=LINE('',#14848,#14849);
#11455=VERTEX_POINT('',#14850);
#11456=LINE('',#14851,#14852);
#11457=VERTEX_POINT('',#14853);
#11458=LINE('',#14854,#14855);
#11459=LINE('',#14856,#14857);
#11460=VERTEX_POINT('',#14858);
#11461=VERTEX_POINT('',#14859);
#11462=LINE('',#14860,#14861);
#11463=VERTEX_POINT('',#14862);
#11464=LINE('',#14863,#14864);
#11465=VERTEX_POINT('',#14865);
#11466=LINE('',#14866,#14867);
#11467=LINE('',#14868,#14869);
#11468=VERTEX_POINT('',#14870);
#11469=VERTEX_POINT('',#14871);
#11470=LINE('',#14872,#14873);
#11471=VERTEX_POINT('',#14874);
#11472=LINE('',#14875,#14876);
#11473=VERTEX_POINT('',#14877);
#11474=LINE('',#14878,#14879);
#11475=LINE('',#14880,#14881);
#11476=LINE('',#14882,#14883);
#11477=LINE('',#14884,#14885);
#11478=VERTEX_POINT('',#14886);
#11479=VERTEX_POINT('',#14887);
#11480=LINE('',#14888,#14889);
#11481=VERTEX_POINT('',#14890);
#11482=LINE('',#14891,#14892);
#11483=VERTEX_POINT('',#14893);
#11484=LINE('',#14894,#14895);
#11485=LINE('',#14896,#14897);
#11486=VERTEX_POINT('',#14898);
#11487=VERTEX_POINT('',#14899);
#11488=LINE('',#14900,#14901);
#11489=VERTEX_POINT('',#14902);
#11490=LINE('',#14903,#14904);
#11491=VERTEX_POINT('',#14905);
#11492=LINE('',#14906,#14907);
#11493=LINE('',#14908,#14909);
#11494=VERTEX_POINT('',#14910);
#11495=LINE('',#14911,#14912);
#11496=VERTEX_POINT('',#14913);
#11497=LINE('',#14914,#14915);
#11498=LINE('',#14916,#14917);
#11499=VERTEX_POINT('',#14918);
#11500=VERTEX_POINT('',#14919);
#11501=LINE('',#14920,#14921);
#11502=VERTEX_POINT('',#14922);
#11503=LINE('',#14923,#14924);
#11504=VERTEX_POINT('',#14925);
#11505=LINE('',#14926,#14927);
#11506=LINE('',#14928,#14929);
#11507=LINE('',#14930,#14931);
#11508=LINE('',#14932,#14933);
#11509=VERTEX_POINT('',#14934);
#11510=VERTEX_POINT('',#14935);
#11511=LINE('',#14936,#14937);
#11512=VERTEX_POINT('',#14938);
#11513=LINE('',#14939,#14940);
#11514=VERTEX_POINT('',#14941);
#11515=LINE('',#14942,#14943);
#11516=LINE('',#14944,#14945);
#11517=LINE('',#14946,#14947);
#11518=CIRCLE('',#14948,2.0);
#11519=LINE('',#14949,#14950);
#11520=LINE('',#14951,#14952);
#11521=LINE('',#14953,#14954);
#11522=VERTEX_POINT('',#14955);
#11523=VERTEX_POINT('',#14956);
#11524=LINE('',#14957,#14958);
#11525=VERTEX_POINT('',#14959);
#11526=LINE('',#14960,#14961);
#11527=VERTEX_POINT('',#14962);
#11528=LINE('',#14963,#14964);
#11529=LINE('',#14965,#14966);
#11530=VERTEX_POINT('',#14967);
#11531=LINE('',#14968,#14969);
#11532=VERTEX_POINT('',#14970);
#11533=LINE('',#14971,#14972);
#11534=LINE('',#14973,#14974);
#11535=VERTEX_POINT('',#14975);
#11536=VERTEX_POINT('',#14976);
#11537=LINE('',#14977,#14978);
#11538=VERTEX_POINT('',#14979);
#11539=LINE('',#14980,#14981);
#11540=VERTEX_POINT('',#14982);
#11541=LINE('',#14983,#14984);
#11542=LINE('',#14985,#14986);
#11543=LINE('',#14987,#14988);
#11544=VERTEX_POINT('',#14989);
#11545=LINE('',#14990,#14991);
#11546=CIRCLE('',#14992,0.129999999999995);
#11547=VERTEX_POINT('',#14993);
#11548=CIRCLE('',#14994,0.376458155330873);
#11549=CIRCLE('',#14995,0.129999999999971);
#11550=LINE('',#14996,#14997);
#11551=LINE('',#14998,#14999);
#11552=VERTEX_POINT('',#15000);
#11553=VERTEX_POINT('',#15001);
#11554=LINE('',#15002,#15003);
#11555=VERTEX_POINT('',#15004);
#11556=LINE('',#15005,#15006);
#11557=VERTEX_POINT('',#15007);
#11558=LINE('',#15008,#15009);
#11559=LINE('',#15010,#15011);
#11560=VERTEX_POINT('',#15012);
#11561=LINE('',#15013,#15014);
#11562=CIRCLE('',#15015,0.5);
#11563=VERTEX_POINT('',#15016);
#11564=LINE('',#15017,#15018);
#11565=CIRCLE('',#15019,0.5);
#11566=VERTEX_POINT('',#15020);
#11567=LINE('',#15021,#15022);
#11568=CIRCLE('',#15023,0.5);
#11569=VERTEX_POINT('',#15024);
#11570=LINE('',#15025,#15026);
#11571=CIRCLE('',#15027,0.5);
#11572=VERTEX_POINT('',#15028);
#11573=VERTEX_POINT('',#15029);
#11574=LINE('',#15030,#15031);
#11575=VERTEX_POINT('',#15032);
#11576=LINE('',#15033,#15034);
#11577=LINE('',#15035,#15036);
#11578=VERTEX_POINT('',#15037);
#11579=LINE('',#15038,#15039);
#11580=VERTEX_POINT('',#15040);
#11581=LINE('',#15041,#15042);
#11582=VERTEX_POINT('',#15043);
#11583=LINE('',#15044,#15045);
#11584=VERTEX_POINT('',#15046);
#11585=LINE('',#15047,#15048);
#11586=LINE('',#15049,#15050);
#11587=VERTEX_POINT('',#15051);
#11588=LINE('',#15052,#15053);
#11589=VERTEX_POINT('',#15054);
#11590=LINE('',#15055,#15056);
#11591=VERTEX_POINT('',#15057);
#11592=LINE('',#15058,#15059);
#11593=VERTEX_POINT('',#15060);
#11594=LINE('',#15061,#15062);
#11595=VERTEX_POINT('',#15063);
#11596=LINE('',#15064,#15065);
#11597=VERTEX_POINT('',#15066);
#11598=LINE('',#15067,#15068);
#11599=VERTEX_POINT('',#15069);
#11600=LINE('',#15070,#15071);
#11601=VERTEX_POINT('',#15072);
#11602=LINE('',#15073,#15074);
#11603=LINE('',#15075,#15076);
#11604=VERTEX_POINT('',#15077);
#11605=VERTEX_POINT('',#15078);
#11606=LINE('',#15079,#15080);
#11607=LINE('',#15081,#15082);
#11608=VERTEX_POINT('',#15083);
#11609=LINE('',#15084,#15085);
#11610=VERTEX_POINT('',#15086);
#11611=LINE('',#15087,#15088);
#11612=VERTEX_POINT('',#15089);
#11613=LINE('',#15090,#15091);
#11614=VERTEX_POINT('',#15092);
#11615=LINE('',#15093,#15094);
#11616=VERTEX_POINT('',#15095);
#11617=LINE('',#15096,#15097);
#11618=VERTEX_POINT('',#15098);
#11619=LINE('',#15099,#15100);
#11620=VERTEX_POINT('',#15101);
#11621=LINE('',#15102,#15103);
#11622=VERTEX_POINT('',#15104);
#11623=LINE('',#15105,#15106);
#11624=VERTEX_POINT('',#15107);
#11625=LINE('',#15108,#15109);
#11626=VERTEX_POINT('',#15110);
#11627=LINE('',#15111,#15112);
#11628=VERTEX_POINT('',#15113);
#11629=LINE('',#15114,#15115);
#11630=VERTEX_POINT('',#15116);
#11631=LINE('',#15117,#15118);
#11632=VERTEX_POINT('',#15119);
#11633=LINE('',#15120,#15121);
#11634=VERTEX_POINT('',#15122);
#11635=LINE('',#15123,#15124);
#11636=VERTEX_POINT('',#15125);
#11637=LINE('',#15126,#15127);
#11638=VERTEX_POINT('',#15128);
#11639=LINE('',#15129,#15130);
#11640=LINE('',#15131,#15132);
#11641=VERTEX_POINT('',#15133);
#11642=LINE('',#15134,#15135);
#11643=VERTEX_POINT('',#15136);
#11644=LINE('',#15137,#15138);
#11645=VERTEX_POINT('',#15139);
#11646=LINE('',#15140,#15141);
#11647=VERTEX_POINT('',#15142);
#11648=LINE('',#15143,#15144);
#11649=VERTEX_POINT('',#15145);
#11650=LINE('',#15146,#15147);
#11651=VERTEX_POINT('',#15148);
#11652=LINE('',#15149,#15150);
#11653=VERTEX_POINT('',#15151);
#11654=LINE('',#15152,#15153);
#11655=VERTEX_POINT('',#15154);
#11656=LINE('',#15155,#15156);
#11657=VERTEX_POINT('',#15157);
#11658=LINE('',#15158,#15159);
#11659=VERTEX_POINT('',#15160);
#11660=LINE('',#15161,#15162);
#11661=VERTEX_POINT('',#15163);
#11662=LINE('',#15164,#15165);
#11663=VERTEX_POINT('',#15166);
#11664=LINE('',#15167,#15168);
#11665=VERTEX_POINT('',#15169);
#11666=LINE('',#15170,#15171);
#11667=VERTEX_POINT('',#15172);
#11668=LINE('',#15173,#15174);
#11669=VERTEX_POINT('',#15175);
#11670=LINE('',#15176,#15177);
#11671=VERTEX_POINT('',#15178);
#11672=LINE('',#15179,#15180);
#11673=VERTEX_POINT('',#15181);
#11674=LINE('',#15182,#15183);
#11675=VERTEX_POINT('',#15184);
#11676=LINE('',#15185,#15186);
#11677=VERTEX_POINT('',#15187);
#11678=LINE('',#15188,#15189);
#11679=VERTEX_POINT('',#15190);
#11680=LINE('',#15191,#15192);
#11681=VERTEX_POINT('',#15193);
#11682=LINE('',#15194,#15195);
#11683=VERTEX_POINT('',#15196);
#11684=LINE('',#15197,#15198);
#11685=VERTEX_POINT('',#15199);
#11686=LINE('',#15200,#15201);
#11687=LINE('',#15202,#15203);
#11688=VERTEX_POINT('',#15204);
#11689=LINE('',#15205,#15206);
#11690=VERTEX_POINT('',#15207);
#11691=LINE('',#15208,#15209);
#11692=VERTEX_POINT('',#15210);
#11693=LINE('',#15211,#15212);
#11694=VERTEX_POINT('',#15213);
#11695=LINE('',#15214,#15215);
#11696=VERTEX_POINT('',#15216);
#11697=LINE('',#15217,#15218);
#11698=VERTEX_POINT('',#15219);
#11699=LINE('',#15220,#15221);
#11700=VERTEX_POINT('',#15222);
#11701=LINE('',#15223,#15224);
#11702=VERTEX_POINT('',#15225);
#11703=LINE('',#15226,#15227);
#11704=VERTEX_POINT('',#15228);
#11705=LINE('',#15229,#15230);
#11706=VERTEX_POINT('',#15231);
#11707=LINE('',#15232,#15233);
#11708=LINE('',#15234,#15235);
#11709=LINE('',#15236,#15237);
#11710=VERTEX_POINT('',#15238);
#11711=VERTEX_POINT('',#15239);
#11712=LINE('',#15240,#15241);
#11713=VERTEX_POINT('',#15242);
#11714=LINE('',#15243,#15244);
#11715=VERTEX_POINT('',#15245);
#11716=LINE('',#15246,#15247);
#11717=VERTEX_POINT('',#15248);
#11718=LINE('',#15249,#15250);
#11719=VERTEX_POINT('',#15251);
#11720=LINE('',#15252,#15253);
#11721=VERTEX_POINT('',#15254);
#11722=LINE('',#15255,#15256);
#11723=VERTEX_POINT('',#15257);
#11724=LINE('',#15258,#15259);
#11725=VERTEX_POINT('',#15260);
#11726=LINE('',#15261,#15262);
#11727=VERTEX_POINT('',#15263);
#11728=LINE('',#15264,#15265);
#11729=VERTEX_POINT('',#15266);
#11730=LINE('',#15267,#15268);
#11731=VERTEX_POINT('',#15269);
#11732=LINE('',#15270,#15271);
#11733=VERTEX_POINT('',#15272);
#11734=LINE('',#15273,#15274);
#11735=VERTEX_POINT('',#15275);
#11736=LINE('',#15276,#15277);
#11737=VERTEX_POINT('',#15278);
#11738=LINE('',#15279,#15280);
#11739=VERTEX_POINT('',#15281);
#11740=LINE('',#15282,#15283);
#11741=VERTEX_POINT('',#15284);
#11742=LINE('',#15285,#15286);
#11743=VERTEX_POINT('',#15287);
#11744=LINE('',#15288,#15289);
#11745=VERTEX_POINT('',#15290);
#11746=LINE('',#15291,#15292);
#11747=VERTEX_POINT('',#15293);
#11748=LINE('',#15294,#15295);
#11749=VERTEX_POINT('',#15296);
#11750=LINE('',#15297,#15298);
#11751=VERTEX_POINT('',#15299);
#11752=LINE('',#15300,#15301);
#11753=VERTEX_POINT('',#15302);
#11754=LINE('',#15303,#15304);
#11755=VERTEX_POINT('',#15305);
#11756=LINE('',#15306,#15307);
#11757=VERTEX_POINT('',#15308);
#11758=LINE('',#15309,#15310);
#11759=VERTEX_POINT('',#15311);
#11760=LINE('',#15312,#15313);
#11761=VERTEX_POINT('',#15314);
#11762=LINE('',#15315,#15316);
#11763=VERTEX_POINT('',#15317);
#11764=LINE('',#15318,#15319);
#11765=VERTEX_POINT('',#15320);
#11766=LINE('',#15321,#15322);
#11767=VERTEX_POINT('',#15323);
#11768=LINE('',#15324,#15325);
#11769=VERTEX_POINT('',#15326);
#11770=LINE('',#15327,#15328);
#11771=LINE('',#15329,#15330);
#11772=VERTEX_POINT('',#15331);
#11773=LINE('',#15332,#15333);
#11774=VERTEX_POINT('',#15334);
#11775=LINE('',#15335,#15336);
#11776=VERTEX_POINT('',#15337);
#11777=LINE('',#15338,#15339);
#11778=VERTEX_POINT('',#15340);
#11779=LINE('',#15341,#15342);
#11780=VERTEX_POINT('',#15343);
#11781=LINE('',#15344,#15345);
#11782=VERTEX_POINT('',#15346);
#11783=LINE('',#15347,#15348);
#11784=VERTEX_POINT('',#15349);
#11785=LINE('',#15350,#15351);
#11786=VERTEX_POINT('',#15352);
#11787=LINE('',#15353,#15354);
#11788=VERTEX_POINT('',#15355);
#11789=LINE('',#15356,#15357);
#11790=VERTEX_POINT('',#15358);
#11791=LINE('',#15359,#15360);
#11792=VERTEX_POINT('',#15361);
#11793=LINE('',#15362,#15363);
#11794=VERTEX_POINT('',#15364);
#11795=LINE('',#15365,#15366);
#11796=VERTEX_POINT('',#15367);
#11797=LINE('',#15368,#15369);
#11798=VERTEX_POINT('',#15370);
#11799=LINE('',#15371,#15372);
#11800=VERTEX_POINT('',#15373);
#11801=LINE('',#15374,#15375);
#11802=VERTEX_POINT('',#15376);
#11803=LINE('',#15377,#15378);
#11804=VERTEX_POINT('',#15379);
#11805=LINE('',#15380,#15381);
#11806=LINE('',#15382,#15383);
#11807=VERTEX_POINT('',#15384);
#11808=CIRCLE('',#15385,0.175000000000001);
#11809=LINE('',#15386,#15387);
#11810=VERTEX_POINT('',#15388);
#11811=CIRCLE('',#15389,0.174999999999997);
#11812=LINE('',#15390,#15391);
#11813=VERTEX_POINT('',#15392);
#11814=CIRCLE('',#15393,0.174999999999997);
#11815=LINE('',#15394,#15395);
#11816=VERTEX_POINT('',#15396);
#11817=CIRCLE('',#15397,0.174999999999997);
#11818=LINE('',#15398,#15399);
#11819=VERTEX_POINT('',#15400);
#11820=VERTEX_POINT('',#15401);
#11821=LINE('',#15402,#15403);
#11822=VERTEX_POINT('',#15404);
#11823=LINE('',#15405,#15406);
#11824=VERTEX_POINT('',#15407);
#11825=LINE('',#15408,#15409);
#11826=VERTEX_POINT('',#15410);
#11827=LINE('',#15411,#15412);
#11828=VERTEX_POINT('',#15413);
#11829=LINE('',#15414,#15415);
#11830=VERTEX_POINT('',#15416);
#11831=LINE('',#15417,#15418);
#11832=VERTEX_POINT('',#15419);
#11833=LINE('',#15420,#15421);
#11834=VERTEX_POINT('',#15422);
#11835=LINE('',#15423,#15424);
#11836=VERTEX_POINT('',#15425);
#11837=LINE('',#15426,#15427);
#11838=VERTEX_POINT('',#15428);
#11839=LINE('',#15429,#15430);
#11840=VERTEX_POINT('',#15431);
#11841=LINE('',#15432,#15433);
#11842=VERTEX_POINT('',#15434);
#11843=LINE('',#15435,#15436);
#11844=LINE('',#15437,#15438);
#11845=VERTEX_POINT('',#15439);
#11846=LINE('',#15440,#15441);
#11847=VERTEX_POINT('',#15442);
#11848=LINE('',#15443,#15444);
#11849=VERTEX_POINT('',#15445);
#11850=LINE('',#15446,#15447);
#11851=VERTEX_POINT('',#15448);
#11852=LINE('',#15449,#15450);
#11853=VERTEX_POINT('',#15451);
#11854=LINE('',#15452,#15453);
#11855=VERTEX_POINT('',#15454);
#11856=LINE('',#15455,#15456);
#11857=VERTEX_POINT('',#15457);
#11858=LINE('',#15458,#15459);
#11859=VERTEX_POINT('',#15460);
#11860=LINE('',#15461,#15462);
#11861=VERTEX_POINT('',#15463);
#11862=LINE('',#15464,#15465);
#11863=VERTEX_POINT('',#15466);
#11864=LINE('',#15467,#15468);
#11865=VERTEX_POINT('',#15469);
#11866=LINE('',#15470,#15471);
#11867=VERTEX_POINT('',#15472);
#11868=LINE('',#15473,#15474);
#11869=VERTEX_POINT('',#15475);
#11870=LINE('',#15476,#15477);
#11871=VERTEX_POINT('',#15478);
#11872=LINE('',#15479,#15480);
#11873=VERTEX_POINT('',#15481);
#11874=LINE('',#15482,#15483);
#11875=VERTEX_POINT('',#15484);
#11876=LINE('',#15485,#15486);
#11877=VERTEX_POINT('',#15487);
#11878=LINE('',#15488,#15489);
#11879=VERTEX_POINT('',#15490);
#11880=LINE('',#15491,#15492);
#11881=VERTEX_POINT('',#15493);
#11882=LINE('',#15494,#15495);
#11883=VERTEX_POINT('',#15496);
#11884=LINE('',#15497,#15498);
#11885=VERTEX_POINT('',#15499);
#11886=LINE('',#15500,#15501);
#11887=VERTEX_POINT('',#15502);
#11888=LINE('',#15503,#15504);
#11889=VERTEX_POINT('',#15505);
#11890=LINE('',#15506,#15507);
#11891=VERTEX_POINT('',#15508);
#11892=LINE('',#15509,#15510);
#11893=VERTEX_POINT('',#15511);
#11894=LINE('',#15512,#15513);
#11895=VERTEX_POINT('',#15514);
#11896=LINE('',#15515,#15516);
#11897=VERTEX_POINT('',#15517);
#11898=LINE('',#15518,#15519);
#11899=VERTEX_POINT('',#15520);
#11900=LINE('',#15521,#15522);
#11901=VERTEX_POINT('',#15523);
#11902=LINE('',#15524,#15525);
#11903=VERTEX_POINT('',#15526);
#11904=LINE('',#15527,#15528);
#11905=VERTEX_POINT('',#15529);
#11906=LINE('',#15530,#15531);
#11907=VERTEX_POINT('',#15532);
#11908=LINE('',#15533,#15534);
#11909=VERTEX_POINT('',#15535);
#11910=LINE('',#15536,#15537);
#11911=VERTEX_POINT('',#15538);
#11912=LINE('',#15539,#15540);
#11913=VERTEX_POINT('',#15541);
#11914=LINE('',#15542,#15543);
#11915=VERTEX_POINT('',#15544);
#11916=LINE('',#15545,#15546);
#11917=VERTEX_POINT('',#15547);
#11918=LINE('',#15548,#15549);
#11919=VERTEX_POINT('',#15550);
#11920=LINE('',#15551,#15552);
#11921=VERTEX_POINT('',#15553);
#11922=LINE('',#15554,#15555);
#11923=VERTEX_POINT('',#15556);
#11924=LINE('',#15557,#15558);
#11925=VERTEX_POINT('',#15559);
#11926=LINE('',#15560,#15561);
#11927=VERTEX_POINT('',#15562);
#11928=LINE('',#15563,#15564);
#11929=VERTEX_POINT('',#15565);
#11930=LINE('',#15566,#15567);
#11931=VERTEX_POINT('',#15568);
#11932=LINE('',#15569,#15570);
#11933=VERTEX_POINT('',#15571);
#11934=LINE('',#15572,#15573);
#11935=VERTEX_POINT('',#15574);
#11936=LINE('',#15575,#15576);
#11937=VERTEX_POINT('',#15577);
#11938=LINE('',#15578,#15579);
#11939=VERTEX_POINT('',#15580);
#11940=LINE('',#15581,#15582);
#11941=VERTEX_POINT('',#15583);
#11942=LINE('',#15584,#15585);
#11943=VERTEX_POINT('',#15586);
#11944=LINE('',#15587,#15588);
#11945=VERTEX_POINT('',#15589);
#11946=LINE('',#15590,#15591);
#11947=VERTEX_POINT('',#15592);
#11948=LINE('',#15593,#15594);
#11949=VERTEX_POINT('',#15595);
#11950=LINE('',#15596,#15597);
#11951=VERTEX_POINT('',#15598);
#11952=LINE('',#15599,#15600);
#11953=VERTEX_POINT('',#15601);
#11954=LINE('',#15602,#15603);
#11955=VERTEX_POINT('',#15604);
#11956=LINE('',#15605,#15606);
#11957=VERTEX_POINT('',#15607);
#11958=LINE('',#15608,#15609);
#11959=VERTEX_POINT('',#15610);
#11960=LINE('',#15611,#15612);
#11961=VERTEX_POINT('',#15613);
#11962=LINE('',#15614,#15615);
#11963=VERTEX_POINT('',#15616);
#11964=LINE('',#15617,#15618);
#11965=VERTEX_POINT('',#15619);
#11966=LINE('',#15620,#15621);
#11967=VERTEX_POINT('',#15622);
#11968=LINE('',#15623,#15624);
#11969=VERTEX_POINT('',#15625);
#11970=LINE('',#15626,#15627);
#11971=LINE('',#15628,#15629);
#11972=VERTEX_POINT('',#15630);
#11973=LINE('',#15631,#15632);
#11974=LINE('',#15633,#15634);
#11975=LINE('',#15635,#15636);
#11976=VERTEX_POINT('',#15637);
#11977=LINE('',#15638,#15639);
#11978=VERTEX_POINT('',#15640);
#11979=LINE('',#15641,#15642);
#11980=LINE('',#15643,#15644);
#11981=LINE('',#15645,#15646);
#11982=VERTEX_POINT('',#15647);
#11983=VERTEX_POINT('',#15648);
#11984=LINE('',#15649,#15650);
#11985=LINE('',#15651,#15652);
#11986=LINE('',#15653,#15654);
#11987=VERTEX_POINT('',#15655);
#11988=VERTEX_POINT('',#15656);
#11989=LINE('',#15657,#15658);
#11990=LINE('',#15659,#15660);
#11991=LINE('',#15661,#15662);
#11992=VERTEX_POINT('',#15663);
#11993=VERTEX_POINT('',#15664);
#11994=LINE('',#15665,#15666);
#11995=VERTEX_POINT('',#15667);
#11996=LINE('',#15668,#15669);
#11997=VERTEX_POINT('',#15670);
#11998=LINE('',#15671,#15672);
#11999=LINE('',#15673,#15674);
#12000=VERTEX_POINT('',#15675);
#12001=LINE('',#15676,#15677);
#12002=VERTEX_POINT('',#15678);
#12003=LINE('',#15679,#15680);
#12004=LINE('',#15681,#15682);
#12005=VERTEX_POINT('',#15683);
#12006=LINE('',#15684,#15685);
#12007=VERTEX_POINT('',#15686);
#12008=LINE('',#15687,#15688);
#12009=LINE('',#15689,#15690);
#12010=VERTEX_POINT('',#15691);
#12011=CIRCLE('',#15692,0.199999999999976);
#12012=VERTEX_POINT('',#15693);
#12013=LINE('',#15694,#15695);
#12014=VERTEX_POINT('',#15696);
#12015=LINE('',#15697,#15698);
#12016=VERTEX_POINT('',#15699);
#12017=LINE('',#15700,#15701);
#12018=VERTEX_POINT('',#15702);
#12019=LINE('',#15703,#15704);
#12020=CIRCLE('',#15705,0.199999999999989);
#12021=VERTEX_POINT('',#15706);
#12022=CIRCLE('',#15707,0.6);
#12023=VERTEX_POINT('',#15708);
#12024=LINE('',#15709,#15710);
#12025=VERTEX_POINT('',#15711);
#12026=LINE('',#15712,#15713);
#12027=LINE('',#15714,#15715);
#12028=VERTEX_POINT('',#15716);
#12029=LINE('',#15717,#15718);
#12030=VERTEX_POINT('',#15719);
#12031=CIRCLE('',#15720,0.5);
#12032=LINE('',#15721,#15722);
#12033=VERTEX_POINT('',#15723);
#12034=CIRCLE('',#15724,0.5);
#12035=LINE('',#15725,#15726);
#12036=VERTEX_POINT('',#15727);
#12037=CIRCLE('',#15728,0.5);
#12038=LINE('',#15729,#15730);
#12039=CIRCLE('',#15731,0.5);
#12040=LINE('',#15732,#15733);
#12041=VERTEX_POINT('',#15734);
#12042=LINE('',#15735,#15736);
#12043=LINE('',#15737,#15738);
#12044=VERTEX_POINT('',#15739);
#12045=VERTEX_POINT('',#15740);
#12046=LINE('',#15741,#15742);
#12047=LINE('',#15743,#15744);
#12048=LINE('',#15745,#15746);
#12049=VERTEX_POINT('',#15747);
#12050=VERTEX_POINT('',#15748);
#12051=LINE('',#15749,#15750);
#12052=LINE('',#15751,#15752);
#12053=LINE('',#15753,#15754);
#12054=VERTEX_POINT('',#15755);
#12055=VERTEX_POINT('',#15756);
#12056=LINE('',#15757,#15758);
#12057=LINE('',#15759,#15760);
#12058=LINE('',#15761,#15762);
#12059=VERTEX_POINT('',#15763);
#12060=LINE('',#15764,#15765);
#12061=LINE('',#15766,#15767);
#12062=VERTEX_POINT('',#15768);
#12063=LINE('',#15769,#15770);
#12064=LINE('',#15771,#15772);
#12065=VERTEX_POINT('',#15773);
#12066=VERTEX_POINT('',#15774);
#12067=LINE('',#15775,#15776);
#12068=LINE('',#15777,#15778);
#12069=LINE('',#15779,#15780);
#12070=VERTEX_POINT('',#15781);
#12071=VERTEX_POINT('',#15782);
#12072=LINE('',#15783,#15784);
#12073=LINE('',#15785,#15786);
#12074=LINE('',#15787,#15788);
#12075=VERTEX_POINT('',#15789);
#12076=VERTEX_POINT('',#15790);
#12077=LINE('',#15791,#15792);
#12078=LINE('',#15793,#15794);
#12079=LINE('',#15795,#15796);
#12080=VERTEX_POINT('',#15797);
#12081=VERTEX_POINT('',#15798);
#12082=LINE('',#15799,#15800);
#12083=LINE('',#15801,#15802);
#12084=LINE('',#15803,#15804);
#12085=VERTEX_POINT('',#15805);
#12086=VERTEX_POINT('',#15806);
#12087=LINE('',#15807,#15808);
#12088=VERTEX_POINT('',#15809);
#12089=LINE('',#15810,#15811);
#12090=VERTEX_POINT('',#15812);
#12091=LINE('',#15813,#15814);
#12092=LINE('',#15815,#15816);
#12093=VERTEX_POINT('',#15817);
#12094=LINE('',#15818,#15819);
#12095=VERTEX_POINT('',#15820);
#12096=LINE('',#15821,#15822);
#12097=LINE('',#15823,#15824);
#12098=VERTEX_POINT('',#15825);
#12099=VERTEX_POINT('',#15826);
#12100=LINE('',#15827,#15828);
#12101=VERTEX_POINT('',#15829);
#12102=LINE('',#15830,#15831);
#12103=VERTEX_POINT('',#15832);
#12104=LINE('',#15833,#15834);
#12105=LINE('',#15835,#15836);
#12106=VERTEX_POINT('',#15837);
#12107=VERTEX_POINT('',#15838);
#12108=LINE('',#15839,#15840);
#12109=LINE('',#15841,#15842);
#12110=LINE('',#15843,#15844);
#12111=VERTEX_POINT('',#15845);
#12112=VERTEX_POINT('',#15846);
#12113=LINE('',#15847,#15848);
#12114=VERTEX_POINT('',#15849);
#12115=LINE('',#15850,#15851);
#12116=VERTEX_POINT('',#15852);
#12117=LINE('',#15853,#15854);
#12118=LINE('',#15855,#15856);
#12119=VERTEX_POINT('',#15857);
#12120=VERTEX_POINT('',#15858);
#12121=LINE('',#15859,#15860);
#12122=VERTEX_POINT('',#15861);
#12123=LINE('',#15862,#15863);
#12124=VERTEX_POINT('',#15864);
#12125=LINE('',#15865,#15866);
#12126=LINE('',#15867,#15868);
#12127=VERTEX_POINT('',#15869);
#12128=LINE('',#15870,#15871);
#12129=LINE('',#15872,#15873);
#12130=VERTEX_POINT('',#15874);
#12131=LINE('',#15875,#15876);
#12132=LINE('',#15877,#15878);
#12133=VERTEX_POINT('',#15879);
#12134=LINE('',#15880,#15881);
#12135=LINE('',#15882,#15883);
#12136=VERTEX_POINT('',#15884);
#12137=VERTEX_POINT('',#15885);
#12138=LINE('',#15886,#15887);
#12139=VERTEX_POINT('',#15888);
#12140=LINE('',#15889,#15890);
#12141=VERTEX_POINT('',#15891);
#12142=LINE('',#15892,#15893);
#12143=VERTEX_POINT('',#15894);
#12144=LINE('',#15895,#15896);
#12145=VERTEX_POINT('',#15897);
#12146=LINE('',#15898,#15899);
#12147=VERTEX_POINT('',#15900);
#12148=LINE('',#15901,#15902);
#12149=VERTEX_POINT('',#15903);
#12150=LINE('',#15904,#15905);
#12151=LINE('',#15906,#15907);
#12152=VERTEX_POINT('',#15908);
#12153=LINE('',#15909,#15910);
#12154=VERTEX_POINT('',#15911);
#12155=LINE('',#15912,#15913);
#12156=VERTEX_POINT('',#15914);
#12157=LINE('',#15915,#15916);
#12158=VERTEX_POINT('',#15917);
#12159=LINE('',#15918,#15919);
#12160=VERTEX_POINT('',#15920);
#12161=LINE('',#15921,#15922);
#12162=VERTEX_POINT('',#15923);
#12163=LINE('',#15924,#15925);
#12164=VERTEX_POINT('',#15926);
#12165=LINE('',#15927,#15928);
#12166=VERTEX_POINT('',#15929);
#12167=LINE('',#15930,#15931);
#12168=VERTEX_POINT('',#15932);
#12169=LINE('',#15933,#15934);
#12170=VERTEX_POINT('',#15935);
#12171=LINE('',#15936,#15937);
#12172=VERTEX_POINT('',#15938);
#12173=LINE('',#15939,#15940);
#12174=VERTEX_POINT('',#15941);
#12175=LINE('',#15942,#15943);
#12176=LINE('',#15944,#15945);
#12177=VERTEX_POINT('',#15946);
#12178=LINE('',#15947,#15948);
#12179=VERTEX_POINT('',#15949);
#12180=LINE('',#15950,#15951);
#12181=VERTEX_POINT('',#15952);
#12182=LINE('',#15953,#15954);
#12183=VERTEX_POINT('',#15955);
#12184=LINE('',#15956,#15957);
#12185=VERTEX_POINT('',#15958);
#12186=LINE('',#15959,#15960);
#12187=VERTEX_POINT('',#15961);
#12188=LINE('',#15962,#15963);
#12189=VERTEX_POINT('',#15964);
#12190=LINE('',#15965,#15966);
#12191=VERTEX_POINT('',#15967);
#12192=LINE('',#15968,#15969);
#12193=VERTEX_POINT('',#15970);
#12194=LINE('',#15971,#15972);
#12195=VERTEX_POINT('',#15973);
#12196=LINE('',#15974,#15975);
#12197=VERTEX_POINT('',#15976);
#12198=LINE('',#15977,#15978);
#12199=VERTEX_POINT('',#15979);
#12200=LINE('',#15980,#15981);
#12201=VERTEX_POINT('',#15982);
#12202=LINE('',#15983,#15984);
#12203=VERTEX_POINT('',#15985);
#12204=LINE('',#15986,#15987);
#12205=VERTEX_POINT('',#15988);
#12206=LINE('',#15989,#15990);
#12207=VERTEX_POINT('',#15991);
#12208=LINE('',#15992,#15993);
#12209=VERTEX_POINT('',#15994);
#12210=LINE('',#15995,#15996);
#12211=VERTEX_POINT('',#15997);
#12212=LINE('',#15998,#15999);
#12213=VERTEX_POINT('',#16000);
#12214=LINE('',#16001,#16002);
#12215=VERTEX_POINT('',#16003);
#12216=LINE('',#16004,#16005);
#12217=VERTEX_POINT('',#16006);
#12218=LINE('',#16007,#16008);
#12219=LINE('',#16009,#16010);
#12220=VERTEX_POINT('',#16011);
#12221=LINE('',#16012,#16013);
#12222=VERTEX_POINT('',#16014);
#12223=LINE('',#16015,#16016);
#12224=LINE('',#16017,#16018);
#12225=VERTEX_POINT('',#16019);
#12226=VERTEX_POINT('',#16020);
#12227=LINE('',#16021,#16022);
#12228=VERTEX_POINT('',#16023);
#12229=LINE('',#16024,#16025);
#12230=VERTEX_POINT('',#16026);
#12231=LINE('',#16027,#16028);
#12232=LINE('',#16029,#16030);
#12233=LINE('',#16031,#16032);
#12234=LINE('',#16033,#16034);
#12235=VERTEX_POINT('',#16035);
#12236=LINE('',#16036,#16037);
#12237=LINE('',#16038,#16039);
#12238=VERTEX_POINT('',#16040);
#12239=LINE('',#16041,#16042);
#12240=VERTEX_POINT('',#16043);
#12241=LINE('',#16044,#16045);
#12242=LINE('',#16046,#16047);
#12243=LINE('',#16048,#16049);
#12244=LINE('',#16050,#16051);
#12245=LINE('',#16052,#16053);
#12246=VERTEX_POINT('',#16054);
#12247=LINE('',#16055,#16056);
#12248=LINE('',#16057,#16058);
#12249=VERTEX_POINT('',#16059);
#12250=LINE('',#16060,#16061);
#12251=VERTEX_POINT('',#16062);
#12252=LINE('',#16063,#16064);
#12253=LINE('',#16065,#16066);
#12254=CIRCLE('',#16067,2.0);
#12255=VERTEX_POINT('',#16068);
#12256=VERTEX_POINT('',#16069);
#12257=LINE('',#16070,#16071);
#12258=LINE('',#16072,#16073);
#12259=LINE('',#16074,#16075);
#12260=VERTEX_POINT('',#16076);
#12261=VERTEX_POINT('',#16077);
#12262=LINE('',#16078,#16079);
#12263=LINE('',#16080,#16081);
#12264=LINE('',#16082,#16083);
#12265=VERTEX_POINT('',#16084);
#12266=VERTEX_POINT('',#16085);
#12267=LINE('',#16086,#16087);
#12268=VERTEX_POINT('',#16088);
#12269=LINE('',#16089,#16090);
#12270=VERTEX_POINT('',#16091);
#12271=LINE('',#16092,#16093);
#12272=LINE('',#16094,#16095);
#12273=LINE('',#16096,#16097);
#12274=VERTEX_POINT('',#16098);
#12275=VERTEX_POINT('',#16099);
#12276=LINE('',#16100,#16101);
#12277=LINE('',#16102,#16103);
#12278=LINE('',#16104,#16105);
#12279=LINE('',#16106,#16107);
#12280=LINE('',#16108,#16109);
#12281=VERTEX_POINT('',#16110);
#12282=LINE('',#16111,#16112);
#12283=LINE('',#16113,#16114);
#12284=VERTEX_POINT('',#16115);
#12285=LINE('',#16116,#16117);
#12286=LINE('',#16118,#16119);
#12287=LINE('',#16120,#16121);
#12288=VERTEX_POINT('',#16122);
#12289=LINE('',#16123,#16124);
#12290=VERTEX_POINT('',#16125);
#12291=LINE('',#16126,#16127);
#12292=LINE('',#16128,#16129);
#12293=VERTEX_POINT('',#16130);
#12294=VERTEX_POINT('',#16131);
#12295=LINE('',#16132,#16133);
#12296=LINE('',#16134,#16135);
#12297=LINE('',#16136,#16137);
#12298=VERTEX_POINT('',#16138);
#12299=LINE('',#16139,#16140);
#12300=VERTEX_POINT('',#16141);
#12301=LINE('',#16142,#16143);
#12302=LINE('',#16144,#16145);
#12303=LINE('',#16146,#16147);
#12304=VERTEX_POINT('',#16148);
#12305=LINE('',#16149,#16150);
#12306=VERTEX_POINT('',#16151);
#12307=LINE('',#16152,#16153);
#12308=LINE('',#16154,#16155);
#12309=VERTEX_POINT('',#16156);
#12310=LINE('',#16157,#16158);
#12311=LINE('',#16159,#16160);
#12312=VERTEX_POINT('',#16161);
#12313=LINE('',#16162,#16163);
#12314=LINE('',#16164,#16165);
#12315=LINE('',#16166,#16167);
#12316=LINE('',#16168,#16169);
#12317=LINE('',#16170,#16171);
#12318=LINE('',#16172,#16173);
#12319=LINE('',#16174,#16175);
#12320=VERTEX_POINT('',#16176);
#12321=LINE('',#16177,#16178);
#12322=LINE('',#16179,#16180);
#12323=LINE('',#16181,#16182);
#12324=VERTEX_POINT('',#16183);
#12325=LINE('',#16184,#16185);
#12326=LINE('',#16186,#16187);
#12327=VERTEX_POINT('',#16188);
#12328=LINE('',#16189,#16190);
#12329=VERTEX_POINT('',#16191);
#12330=LINE('',#16192,#16193);
#12331=LINE('',#16194,#16195);
#12332=LINE('',#16196,#16197);
#12333=LINE('',#16198,#16199);
#12334=LINE('',#16200,#16201);
#12335=LINE('',#16202,#16203);
#12336=VERTEX_POINT('',#16204);
#12337=VERTEX_POINT('',#16205);
#12338=LINE('',#16206,#16207);
#12339=VERTEX_POINT('',#16208);
#12340=LINE('',#16209,#16210);
#12341=VERTEX_POINT('',#16211);
#12342=LINE('',#16212,#16213);
#12343=LINE('',#16214,#16215);
#12344=VERTEX_POINT('',#16216);
#12345=LINE('',#16217,#16218);
#12346=VERTEX_POINT('',#16219);
#12347=LINE('',#16220,#16221);
#12348=LINE('',#16222,#16223);
#12349=VERTEX_POINT('',#16224);
#12350=LINE('',#16225,#16226);
#12351=VERTEX_POINT('',#16227);
#12352=LINE('',#16228,#16229);
#12353=LINE('',#16230,#16231);
#12354=LINE('',#16232,#16233);
#12355=LINE('',#16234,#16235);
#12356=VERTEX_POINT('',#16236);
#12357=VERTEX_POINT('',#16237);
#12358=LINE('',#16238,#16239);
#12359=LINE('',#16240,#16241);
#12360=LINE('',#16242,#16243);
#12361=LINE('',#16244,#16245);
#12362=LINE('',#16246,#16247);
#12363=LINE('',#16248,#16249);
#12364=VERTEX_POINT('',#16250);
#12365=VERTEX_POINT('',#16251);
#12366=LINE('',#16252,#16253);
#12367=LINE('',#16254,#16255);
#12368=LINE('',#16256,#16257);
#12369=VERTEX_POINT('',#16258);
#12370=LINE('',#16259,#16260);
#12371=LINE('',#16261,#16262);
#12372=LINE('',#16263,#16264);
#12373=VERTEX_POINT('',#16265);
#12374=LINE('',#16266,#16267);
#12375=LINE('',#16268,#16269);
#12376=VERTEX_POINT('',#16270);
#12377=VERTEX_POINT('',#16271);
#12378=LINE('',#16272,#16273);
#12379=LINE('',#16274,#16275);
#12380=LINE('',#16276,#16277);
#12381=CIRCLE('',#16278,0.818323486672228);
#12382=CIRCLE('',#16279,0.818323486672228);
#12383=LINE('',#16280,#16281);
#12384=LINE('',#16282,#16283);
#12385=LINE('',#16284,#16285);
#12386=LINE('',#16286,#16287);
#12387=CIRCLE('',#16288,2.6);
#12388=CIRCLE('',#16289,2.6);
#12389=LINE('',#16290,#16291);
#12390=CIRCLE('',#16292,0.129999999999995);
#12391=VERTEX_POINT('',#16293);
#12392=CIRCLE('',#16294,0.376458155330835);
#12393=CIRCLE('',#16295,0.130000000000006);
#12394=CIRCLE('',#16296,2.9299999999993);
#12395=CIRCLE('',#16297,1.5);
#12396=VERTEX_POINT('',#16298);
#12397=LINE('',#16299,#16300);
#12398=LINE('',#16301,#16302);
#12399=VERTEX_POINT('',#16303);
#12400=LINE('',#16304,#16305);
#12401=CIRCLE('',#16306,0.130000000000006);
#12402=LINE('',#16307,#16308);
#12403=CIRCLE('',#16309,0.376458155330835);
#12404=VERTEX_POINT('',#16310);
#12405=VERTEX_POINT('',#16311);
#12406=LINE('',#16312,#16313);
#12407=LINE('',#16314,#16315);
#12408=LINE('',#16316,#16317);
#12409=LINE('',#16318,#16319);
#12410=LINE('',#16320,#16321);
#12411=VERTEX_POINT('',#16322);
#12412=LINE('',#16323,#16324);
#12413=VERTEX_POINT('',#16325);
#12414=LINE('',#16326,#16327);
#12415=VERTEX_POINT('',#16328);
#12416=LINE('',#16329,#16330);
#12417=LINE('',#16331,#16332);
#12418=LINE('',#16333,#16334);
#12419=LINE('',#16335,#16336);
#12420=LINE('',#16337,#16338);
#12421=LINE('',#16339,#16340);
#12422=LINE('',#16341,#16342);
#12423=VERTEX_POINT('',#16343);
#12424=LINE('',#16344,#16345);
#12425=LINE('',#16346,#16347);
#12426=VERTEX_POINT('',#16348);
#12427=LINE('',#16349,#16350);
#12428=LINE('',#16351,#16352);
#12429=VERTEX_POINT('',#16353);
#12430=LINE('',#16354,#16355);
#12431=LINE('',#16356,#16357);
#12432=VERTEX_POINT('',#16358);
#12433=LINE('',#16359,#16360);
#12434=LINE('',#16361,#16362);
#12435=VERTEX_POINT('',#16363);
#12436=LINE('',#16364,#16365);
#12437=LINE('',#16366,#16367);
#12438=VERTEX_POINT('',#16368);
#12439=LINE('',#16369,#16370);
#12440=LINE('',#16371,#16372);
#12441=VERTEX_POINT('',#16373);
#12442=LINE('',#16374,#16375);
#12443=LINE('',#16376,#16377);
#12444=LINE('',#16378,#16379);
#12445=LINE('',#16380,#16381);
#12446=VERTEX_POINT('',#16382);
#12447=CIRCLE('',#16383,0.199999999999976);
#12448=LINE('',#16384,#16385);
#12449=LINE('',#16386,#16387);
#12450=VERTEX_POINT('',#16388);
#12451=LINE('',#16389,#16390);
#12452=LINE('',#16391,#16392);
#12453=LINE('',#16393,#16394);
#12454=VERTEX_POINT('',#16395);
#12455=LINE('',#16396,#16397);
#12456=VERTEX_POINT('',#16398);
#12457=LINE('',#16399,#16400);
#12458=LINE('',#16401,#16402);
#12459=VERTEX_POINT('',#16403);
#12460=LINE('',#16404,#16405);
#12461=LINE('',#16406,#16407);
#12462=VERTEX_POINT('',#16408);
#12463=LINE('',#16409,#16410);
#12464=LINE('',#16411,#16412);
#12465=VERTEX_POINT('',#16413);
#12466=CIRCLE('',#16414,0.190090814031194);
#12467=VERTEX_POINT('',#16415);
#12468=LINE('',#16416,#16417);
#12469=CIRCLE('',#16418,0.190090814031194);
#12470=VERTEX_POINT('',#16419);
#12471=LINE('',#16420,#16421);
#12472=VERTEX_POINT('',#16422);
#12473=LINE('',#16423,#16424);
#12474=LINE('',#16425,#16426);
#12475=LINE('',#16427,#16428);
#12476=LINE('',#16429,#16430);
#12477=LINE('',#16431,#16432);
#12478=VERTEX_POINT('',#16433);
#12479=LINE('',#16434,#16435);
#12480=LINE('',#16436,#16437);
#12481=VERTEX_POINT('',#16438);
#12482=LINE('',#16439,#16440);
#12483=LINE('',#16441,#16442);
#12484=LINE('',#16443,#16444);
#12485=LINE('',#16445,#16446);
#12486=VERTEX_POINT('',#16447);
#12487=LINE('',#16448,#16449);
#12488=VERTEX_POINT('',#16450);
#12489=LINE('',#16451,#16452);
#12490=LINE('',#16453,#16454);
#12491=LINE('',#16455,#16456);
#12492=LINE('',#16457,#16458);
#12493=VERTEX_POINT('',#16459);
#12494=LINE('',#16460,#16461);
#12495=LINE('',#16462,#16463);
#12496=VERTEX_POINT('',#16464);
#12497=LINE('',#16465,#16466);
#12498=LINE('',#16467,#16468);
#12499=LINE('',#16469,#16470);
#12500=LINE('',#16471,#16472);
#12501=VERTEX_POINT('',#16473);
#12502=LINE('',#16474,#16475);
#12503=VERTEX_POINT('',#16476);
#12504=LINE('',#16477,#16478);
#12505=LINE('',#16479,#16480);
#12506=VERTEX_POINT('',#16481);
#12507=LINE('',#16482,#16483);
#12508=CIRCLE('',#16484,0.129999999999995);
#12509=LINE('',#16485,#16486);
#12510=VERTEX_POINT('',#16487);
#12511=CIRCLE('',#16488,0.175000000000001);
#12512=LINE('',#16489,#16490);
#12513=VERTEX_POINT('',#16491);
#12514=LINE('',#16492,#16493);
#12515=CIRCLE('',#16494,0.129999999999971);
#12516=LINE('',#16495,#16496);
#12517=CIRCLE('',#16497,1.5);
#12518=VERTEX_POINT('',#16498);
#12519=VERTEX_POINT('',#16499);
#12520=LINE('',#16500,#16501);
#12521=LINE('',#16502,#16503);
#12522=LINE('',#16504,#16505);
#12523=VERTEX_POINT('',#16506);
#12524=LINE('',#16507,#16508);
#12525=LINE('',#16509,#16510);
#12526=VERTEX_POINT('',#16511);
#12527=LINE('',#16512,#16513);
#12528=LINE('',#16514,#16515);
#12529=VERTEX_POINT('',#16516);
#12530=VERTEX_POINT('',#16517);
#12531=LINE('',#16518,#16519);
#12532=LINE('',#16520,#16521);
#12533=LINE('',#16522,#16523);
#12534=VERTEX_POINT('',#16524);
#12535=LINE('',#16525,#16526);
#12536=LINE('',#16527,#16528);
#12537=VERTEX_POINT('',#16529);
#12538=VERTEX_POINT('',#16530);
#12539=LINE('',#16531,#16532);
#12540=LINE('',#16533,#16534);
#12541=LINE('',#16535,#16536);
#12542=VERTEX_POINT('',#16537);
#12543=VERTEX_POINT('',#16538);
#12544=LINE('',#16539,#16540);
#12545=LINE('',#16541,#16542);
#12546=LINE('',#16543,#16544);
#12547=VERTEX_POINT('',#16545);
#12548=LINE('',#16546,#16547);
#12549=LINE('',#16548,#16549);
#12550=VERTEX_POINT('',#16550);
#12551=LINE('',#16551,#16552);
#12552=LINE('',#16553,#16554);
#12553=VERTEX_POINT('',#16555);
#12554=LINE('',#16556,#16557);
#12555=LINE('',#16558,#16559);
#12556=VERTEX_POINT('',#16560);
#12557=LINE('',#16561,#16562);
#12558=LINE('',#16563,#16564);
#12559=VERTEX_POINT('',#16565);
#12560=LINE('',#16566,#16567);
#12561=LINE('',#16568,#16569);
#12562=VERTEX_POINT('',#16570);
#12563=LINE('',#16571,#16572);
#12564=LINE('',#16573,#16574);
#12565=VERTEX_POINT('',#16575);
#12566=LINE('',#16576,#16577);
#12567=LINE('',#16578,#16579);
#12568=VERTEX_POINT('',#16580);
#12569=LINE('',#16581,#16582);
#12570=LINE('',#16583,#16584);
#12571=VERTEX_POINT('',#16585);
#12572=VERTEX_POINT('',#16586);
#12573=LINE('',#16587,#16588);
#12574=LINE('',#16589,#16590);
#12575=LINE('',#16591,#16592);
#12576=VERTEX_POINT('',#16593);
#12577=VERTEX_POINT('',#16594);
#12578=LINE('',#16595,#16596);
#12579=LINE('',#16597,#16598);
#12580=LINE('',#16599,#16600);
#12581=VERTEX_POINT('',#16601);
#12582=LINE('',#16602,#16603);
#12583=LINE('',#16604,#16605);
#12584=VERTEX_POINT('',#16606);
#12585=LINE('',#16607,#16608);
#12586=LINE('',#16609,#16610);
#12587=LINE('',#16611,#16612);
#12588=VERTEX_POINT('',#16613);
#12589=LINE('',#16614,#16615);
#12590=LINE('',#16616,#16617);
#12591=VERTEX_POINT('',#16618);
#12592=LINE('',#16619,#16620);
#12593=LINE('',#16621,#16622);
#12594=VERTEX_POINT('',#16623);
#12595=LINE('',#16624,#16625);
#12596=LINE('',#16626,#16627);
#12597=VERTEX_POINT('',#16628);
#12598=LINE('',#16629,#16630);
#12599=LINE('',#16631,#16632);
#12600=VERTEX_POINT('',#16633);
#12601=LINE('',#16634,#16635);
#12602=LINE('',#16636,#16637);
#12603=VERTEX_POINT('',#16638);
#12604=LINE('',#16639,#16640);
#12605=LINE('',#16641,#16642);
#12606=VERTEX_POINT('',#16643);
#12607=LINE('',#16644,#16645);
#12608=LINE('',#16646,#16647);
#12609=LINE('',#16648,#16649);
#12610=CIRCLE('',#16650,1.5);
#12611=LINE('',#16651,#16652);
#12612=LINE('',#16653,#16654);
#12613=LINE('',#16655,#16656);
#12614=VERTEX_POINT('',#16657);
#12615=LINE('',#16658,#16659);
#12616=LINE('',#16660,#16661);
#12617=LINE('',#16662,#16663);
#12618=LINE('',#16664,#16665);
#12619=CIRCLE('',#16666,0.765);
#12620=LINE('',#16667,#16668);
#12621=LINE('',#16669,#16670);
#12622=LINE('',#16671,#16672);
#12623=LINE('',#16673,#16674);
#12624=LINE('',#16675,#16676);
#12625=VERTEX_POINT('',#16677);
#12626=LINE('',#16678,#16679);
#12627=LINE('',#16680,#16681);
#12628=VERTEX_POINT('',#16682);
#12629=VERTEX_POINT('',#16683);
#12630=LINE('',#16684,#16685);
#12631=LINE('',#16686,#16687);
#12632=LINE('',#16688,#16689);
#12633=VERTEX_POINT('',#16690);
#12634=LINE('',#16691,#16692);
#12635=LINE('',#16693,#16694);
#12636=VERTEX_POINT('',#16695);
#12637=LINE('',#16696,#16697);
#12638=LINE('',#16698,#16699);
#12639=LINE('',#16700,#16701);
#12640=CIRCLE('',#16702,2.9299999999993);
#12641=VERTEX_POINT('',#16703);
#12642=LINE('',#16704,#16705);
#12643=LINE('',#16706,#16707);
#12644=VERTEX_POINT('',#16708);
#12645=LINE('',#16709,#16710);
#12646=LINE('',#16711,#16712);
#12647=LINE('',#16713,#16714);
#12648=VERTEX_POINT('',#16715);
#12649=VERTEX_POINT('',#16716);
#12650=LINE('',#16717,#16718);
#12651=VERTEX_POINT('',#16719);
#12652=LINE('',#16720,#16721);
#12653=VERTEX_POINT('',#16722);
#12654=LINE('',#16723,#16724);
#12655=LINE('',#16725,#16726);
#12656=LINE('',#16727,#16728);
#12657=VERTEX_POINT('',#16729);
#12658=LINE('',#16730,#16731);
#12659=LINE('',#16732,#16733);
#12660=CIRCLE('',#16734,0.765);
#12661=CIRCLE('',#16735,1.5);
#12662=LINE('',#16736,#16737);
#12663=LINE('',#16738,#16739);
#12664=VERTEX_POINT('',#16740);
#12665=LINE('',#16741,#16742);
#12666=VERTEX_POINT('',#16743);
#12667=LINE('',#16744,#16745);
#12668=LINE('',#16746,#16747);
#12669=VERTEX_POINT('',#16748);
#12670=LINE('',#16749,#16750);
#12671=LINE('',#16751,#16752);
#12672=LINE('',#16753,#16754);
#12673=LINE('',#16755,#16756);
#12674=LINE('',#16757,#16758);
#12675=LINE('',#16759,#16760);
#12676=LINE('',#16761,#16762);
#12677=LINE('',#16763,#16764);
#12678=LINE('',#16765,#16766);
#12679=LINE('',#16767,#16768);
#12680=VERTEX_POINT('',#16769);
#12681=LINE('',#16770,#16771);
#12682=LINE('',#16772,#16773);
#12683=LINE('',#16774,#16775);
#12684=VERTEX_POINT('',#16776);
#12685=CIRCLE('',#16777,0.199999999999868);
#12686=LINE('',#16778,#16779);
#12687=VERTEX_POINT('',#16780);
#12688=LINE('',#16781,#16782);
#12689=LINE('',#16783,#16784);
#12690=LINE('',#16785,#16786);
#12691=LINE('',#16787,#16788);
#12692=LINE('',#16789,#16790);
#12693=VERTEX_POINT('',#16791);
#12694=LINE('',#16792,#16793);
#12695=LINE('',#16794,#16795);
#12696=LINE('',#16796,#16797);
#12697=LINE('',#16798,#16799);
#12698=VERTEX_POINT('',#16800);
#12699=LINE('',#16801,#16802);
#12700=LINE('',#16803,#16804);
#12701=VERTEX_POINT('',#16805);
#12702=LINE('',#16806,#16807);
#12703=LINE('',#16808,#16809);
#12704=VERTEX_POINT('',#16810);
#12705=LINE('',#16811,#16812);
#12706=LINE('',#16813,#16814);
#12707=VERTEX_POINT('',#16815);
#12708=LINE('',#16816,#16817);
#12709=LINE('',#16818,#16819);
#12710=LINE('',#16820,#16821);
#12711=LINE('',#16822,#16823);
#12712=LINE('',#16824,#16825);
#12713=LINE('',#16826,#16827);
#12714=VERTEX_POINT('',#16828);
#12715=LINE('',#16829,#16830);
#12716=LINE('',#16831,#16832);
#12717=LINE('',#16833,#16834);
#12718=LINE('',#16835,#16836);
#12719=LINE('',#16837,#16838);
#12720=VERTEX_POINT('',#16839);
#12721=LINE('',#16840,#16841);
#12722=LINE('',#16842,#16843);
#12723=LINE('',#16844,#16845);
#12724=LINE('',#16846,#16847);
#12725=LINE('',#16848,#16849);
#12726=LINE('',#16850,#16851);
#12727=LINE('',#16852,#16853);
#12728=LINE('',#16854,#16855);
#12729=VERTEX_POINT('',#16856);
#12730=VERTEX_POINT('',#16857);
#12731=LINE('',#16858,#16859);
#12732=LINE('',#16860,#16861);
#12733=LINE('',#16862,#16863);
#12734=VERTEX_POINT('',#16864);
#12735=VERTEX_POINT('',#16865);
#12736=LINE('',#16866,#16867);
#12737=LINE('',#16868,#16869);
#12738=LINE('',#16870,#16871);
#12739=VERTEX_POINT('',#16872);
#12740=VERTEX_POINT('',#16873);
#12741=LINE('',#16874,#16875);
#12742=LINE('',#16876,#16877);
#12743=LINE('',#16878,#16879);
#12744=VERTEX_POINT('',#16880);
#12745=LINE('',#16881,#16882);
#12746=LINE('',#16883,#16884);
#12747=VERTEX_POINT('',#16885);
#12748=LINE('',#16886,#16887);
#12749=LINE('',#16888,#16889);
#12750=VERTEX_POINT('',#16890);
#12751=LINE('',#16891,#16892);
#12752=LINE('',#16893,#16894);
#12753=VERTEX_POINT('',#16895);
#12754=LINE('',#16896,#16897);
#12755=LINE('',#16898,#16899);
#12756=VERTEX_POINT('',#16900);
#12757=LINE('',#16901,#16902);
#12758=LINE('',#16903,#16904);
#12759=VERTEX_POINT('',#16905);
#12760=LINE('',#16906,#16907);
#12761=LINE('',#16908,#16909);
#12762=VERTEX_POINT('',#16910);
#12763=LINE('',#16911,#16912);
#12764=LINE('',#16913,#16914);
#12765=VERTEX_POINT('',#16915);
#12766=LINE('',#16916,#16917);
#12767=LINE('',#16918,#16919);
#12768=VERTEX_POINT('',#16920);
#12769=LINE('',#16921,#16922);
#12770=LINE('',#16923,#16924);
#12771=VERTEX_POINT('',#16925);
#12772=LINE('',#16926,#16927);
#12773=LINE('',#16928,#16929);
#12774=VERTEX_POINT('',#16930);
#12775=LINE('',#16931,#16932);
#12776=LINE('',#16933,#16934);
#12777=VERTEX_POINT('',#16935);
#12778=LINE('',#16936,#16937);
#12779=LINE('',#16938,#16939);
#12780=VERTEX_POINT('',#16940);
#12781=LINE('',#16941,#16942);
#12782=LINE('',#16943,#16944);
#12783=VERTEX_POINT('',#16945);
#12784=LINE('',#16946,#16947);
#12785=LINE('',#16948,#16949);
#12786=VERTEX_POINT('',#16950);
#12787=LINE('',#16951,#16952);
#12788=LINE('',#16953,#16954);
#12789=VERTEX_POINT('',#16955);
#12790=LINE('',#16956,#16957);
#12791=LINE('',#16958,#16959);
#12792=VERTEX_POINT('',#16960);
#12793=LINE('',#16961,#16962);
#12794=LINE('',#16963,#16964);
#12795=VERTEX_POINT('',#16965);
#12796=LINE('',#16966,#16967);
#12797=LINE('',#16968,#16969);
#12798=VERTEX_POINT('',#16970);
#12799=LINE('',#16971,#16972);
#12800=LINE('',#16973,#16974);
#12801=VERTEX_POINT('',#16975);
#12802=LINE('',#16976,#16977);
#12803=LINE('',#16978,#16979);
#12804=VERTEX_POINT('',#16980);
#12805=LINE('',#16981,#16982);
#12806=LINE('',#16983,#16984);
#12807=VERTEX_POINT('',#16985);
#12808=LINE('',#16986,#16987);
#12809=LINE('',#16988,#16989);
#12810=VERTEX_POINT('',#16990);
#12811=VERTEX_POINT('',#16991);
#12812=LINE('',#16992,#16993);
#12813=LINE('',#16994,#16995);
#12814=LINE('',#16996,#16997);
#12815=LINE('',#16998,#16999);
#12816=VERTEX_POINT('',#17000);
#12817=LINE('',#17001,#17002);
#12818=LINE('',#17003,#17004);
#12819=VERTEX_POINT('',#17005);
#12820=LINE('',#17006,#17007);
#12821=LINE('',#17008,#17009);
#12822=VERTEX_POINT('',#17010);
#12823=LINE('',#17011,#17012);
#12824=LINE('',#17013,#17014);
#12825=VERTEX_POINT('',#17015);
#12826=VERTEX_POINT('',#17016);
#12827=LINE('',#17017,#17018);
#12828=LINE('',#17019,#17020);
#12829=LINE('',#17021,#17022);
#12830=LINE('',#17023,#17024);
#12831=LINE('',#17025,#17026);
#12832=LINE('',#17027,#17028);
#12833=VERTEX_POINT('',#17029);
#12834=LINE('',#17030,#17031);
#12835=LINE('',#17032,#17033);
#12836=LINE('',#17034,#17035);
#12837=VERTEX_POINT('',#17036);
#12838=LINE('',#17037,#17038);
#12839=LINE('',#17039,#17040);
#12840=LINE('',#17041,#17042);
#12841=LINE('',#17043,#17044);
#12842=CIRCLE('',#17045,0.376458155330873);
#12843=LINE('',#17046,#17047);
#12844=LINE('',#17048,#17049);
#12845=LINE('',#17050,#17051);
#12846=LINE('',#17052,#17053);
#12847=CIRCLE('',#17054,0.129999999999995);
#12848=LINE('',#17055,#17056);
#12849=LINE('',#17057,#17058);
#12850=LINE('',#17059,#17060);
#12851=LINE('',#17061,#17062);
#12852=VERTEX_POINT('',#17063);
#12853=CIRCLE('',#17064,0.174999999999997);
#12854=LINE('',#17065,#17066);
#12855=VERTEX_POINT('',#17067);
#12856=LINE('',#17068,#17069);
#12857=LINE('',#17070,#17071);
#12858=CIRCLE('',#17072,0.174999999999997);
#12859=VERTEX_POINT('',#17073);
#12860=LINE('',#17074,#17075);
#12861=LINE('',#17076,#17077);
#12862=CIRCLE('',#17078,0.174999999999997);
#12863=LINE('',#17079,#17080);
#12864=VERTEX_POINT('',#17081);
#12865=LINE('',#17082,#17083);
#12866=LINE('',#17084,#17085);
#12867=VERTEX_POINT('',#17086);
#12868=LINE('',#17087,#17088);
#12869=LINE('',#17089,#17090);
#12870=LINE('',#17091,#17092);
#12871=VERTEX_POINT('',#17093);
#12872=LINE('',#17094,#17095);
#12873=LINE('',#17096,#17097);
#12874=LINE('',#17098,#17099);
#12875=VERTEX_POINT('',#17100);
#12876=LINE('',#17101,#17102);
#12877=LINE('',#17103,#17104);
#12878=LINE('',#17105,#17106);
#12879=LINE('',#17107,#17108);
#12880=LINE('',#17109,#17110);
#12881=LINE('',#17111,#17112);
#12882=LINE('',#17113,#17114);
#12883=LINE('',#17115,#17116);
#12884=LINE('',#17117,#17118);
#12885=VERTEX_POINT('',#17119);
#12886=LINE('',#17120,#17121);
#12887=LINE('',#17122,#17123);
#12888=LINE('',#17124,#17125);
#12889=LINE('',#17126,#17127);
#12890=LINE('',#17128,#17129);
#12891=LINE('',#17130,#17131);
#12892=VERTEX_POINT('',#17132);
#12893=VERTEX_POINT('',#17133);
#12894=LINE('',#17134,#17135);
#12895=LINE('',#17136,#17137);
#12896=LINE('',#17138,#17139);
#12897=LINE('',#17140,#17141);
#12898=VERTEX_POINT('',#17142);
#12899=LINE('',#17143,#17144);
#12900=LINE('',#17145,#17146);
#12901=LINE('',#17147,#17148);
#12902=LINE('',#17149,#17150);
#12903=VERTEX_POINT('',#17151);
#12904=LINE('',#17152,#17153);
#12905=LINE('',#17154,#17155);
#12906=LINE('',#17156,#17157);
#12907=CIRCLE('',#17158,0.190090814031194);
#12908=LINE('',#17159,#17160);
#12909=LINE('',#17161,#17162);
#12910=LINE('',#17163,#17164);
#12911=LINE('',#17165,#17166);
#12912=LINE('',#17167,#17168);
#12913=LINE('',#17169,#17170);
#12914=CIRCLE('',#17171,0.190090814031194);
#12915=LINE('',#17172,#17173);
#12916=CARTESIAN_POINT('',(6.75124363753948,15.9899999999993,3.77317302021968));
#12917=CARTESIAN_POINT('',(6.75124363753948,10.59,3.77317302021968));
#12918=CARTESIAN_POINT('',(6.75124363753948,13.2899999999997,3.77317302021968));
#12919=VECTOR('',#17174,1.0);
#12920=CARTESIAN_POINT('',(8.25,15.9899999999993,3.73000000000001));
#12921=AXIS2_PLACEMENT_3D('',#17175,#17176,#17177);
#12922=CARTESIAN_POINT('',(8.25,10.59,3.73));
#12923=CARTESIAN_POINT('',(8.25,10.59,3.73));
#12924=VECTOR('',#17178,1.0);
#12925=AXIS2_PLACEMENT_3D('',#17179,#17180,#17181);
#12926=CARTESIAN_POINT('',(8.26373148970973,10.59,3.68596351937593));
#12927=CARTESIAN_POINT('',(8.26373148970973,15.9899999999993,3.68596351937593));
#12928=CARTESIAN_POINT('',(8.26373148970973,13.2899999999997,3.68596351937593));
#12929=VECTOR('',#17182,1.0);
#12930=CARTESIAN_POINT('',(6.735,10.59,3.73));
#12931=AXIS2_PLACEMENT_3D('',#17183,#17184,#17185);
#12932=CARTESIAN_POINT('',(6.735,15.9899999999993,3.73000000000001));
#12933=CARTESIAN_POINT('',(6.735,10.59,3.73));
#12934=VECTOR('',#17186,1.0);
#12935=AXIS2_PLACEMENT_3D('',#17187,#17188,#17189);
#12936=CARTESIAN_POINT('',(6.75080144394726,10.59,3.6953369994303));
#12937=CARTESIAN_POINT('',(6.75080144394726,15.9899999999993,3.6953369994303));
#12938=CARTESIAN_POINT('',(6.75080144394726,13.2899999999997,3.6953369994303));
#12939=VECTOR('',#17190,1.0);
#12940=AXIS2_PLACEMENT_3D('',#17191,#17192,#17193);
#12941=AXIS2_PLACEMENT_3D('',#17194,#17195,#17196);
#12942=CARTESIAN_POINT('',(8.26418252717379,15.9899999999993,3.7653562605811));
#12943=CARTESIAN_POINT('',(8.26418252717379,10.59,3.7653562605811));
#12944=CARTESIAN_POINT('',(8.26418252717379,13.2899999999997,3.7653562605811));
#12945=VECTOR('',#17197,1.0);
#12946=AXIS2_PLACEMENT_3D('',#17198,#17199,#17200);
#12947=AXIS2_PLACEMENT_3D('',#17201,#17202,#17203);
#12948=CARTESIAN_POINT('',(8.265,10.59,3.73));
#12949=AXIS2_PLACEMENT_3D('',#17204,#17205,#17206);
#12950=AXIS2_PLACEMENT_3D('',#17207,#17208,#17209);
#12951=CARTESIAN_POINT('',(6.75,10.59,3.73));
#12952=AXIS2_PLACEMENT_3D('',#17210,#17211,#17212);
#12953=AXIS2_PLACEMENT_3D('',#17213,#17214,#17215);
#12954=CARTESIAN_POINT('',(8.265,15.9899999999993,3.73));
#12955=AXIS2_PLACEMENT_3D('',#17216,#17217,#17218);
#12956=AXIS2_PLACEMENT_3D('',#17219,#17220,#17221);
#12957=CARTESIAN_POINT('',(6.75,15.9899999999993,3.73000000000001));
#12958=AXIS2_PLACEMENT_3D('',#17222,#17223,#17224);
#12959=AXIS2_PLACEMENT_3D('',#17225,#17226,#17227);
#12960=CARTESIAN_POINT('',(8.265,10.59,3.73));
#12961=VECTOR('',#17228,1.0);
#12962=CARTESIAN_POINT('',(6.75,10.59,3.73));
#12963=VECTOR('',#17229,1.0);
#12964=CARTESIAN_POINT('',(6.1999999999998,2.77000000000016,3.22999999999994));
#12965=CARTESIAN_POINT('',(6.19999999999957,7.77000000000031,3.22999999999994));
#12966=CARTESIAN_POINT('',(6.1999999999998,2.77000000000016,3.22999999999994));
#12967=VECTOR('',#17230,1.0);
#12968=CARTESIAN_POINT('',(8.79999999999976,2.77000000000016,3.22999999999989));
#12969=CARTESIAN_POINT('',(65.4110968965141,2.7700000000002,3.22999999999887));
#12970=VECTOR('',#17231,1.0);
#12971=CARTESIAN_POINT('',(8.79999999999953,7.77000000000031,3.22999999999989));
#12972=CARTESIAN_POINT('',(8.79999999999976,2.77000000000016,3.22999999999989));
#12973=VECTOR('',#17232,1.0);
#12974=CARTESIAN_POINT('',(65.4110968965139,7.77000000000035,3.22999999999887));
#12975=VECTOR('',#17233,1.0);
#12976=CARTESIAN_POINT('',(5.59999999999977,2.77000000000016,7.93000000000005));
#12977=CARTESIAN_POINT('',(5.60000000000028,7.76999999999961,7.93000000000005));
#12978=CARTESIAN_POINT('',(5.6,5.26999999999984,7.93000000000005));
#12979=VECTOR('',#17234,1.0);
#12980=CARTESIAN_POINT('',(5.6000000000002,7.76999999999961,2.13000000000006));
#12981=CARTESIAN_POINT('',(5.59999999999918,7.7699999999996,-54.7900768086925));
#12982=VECTOR('',#17235,1.0);
#12983=CARTESIAN_POINT('',(5.59999999999969,2.77000000000016,2.13000000000006));
#12984=CARTESIAN_POINT('',(5.59999999999991,5.26999999999984,2.12999999999996));
#12985=VECTOR('',#17236,1.0);
#12986=CARTESIAN_POINT('',(5.59999999999866,2.77000000000016,-54.7900768086925));
#12987=VECTOR('',#17237,1.0);
#12988=CARTESIAN_POINT('',(6.19999999999965,7.77000000000031,6.83000000000005));
#12989=CARTESIAN_POINT('',(6.19999999999854,7.7700000000003,-54.7900768086926));
#12990=VECTOR('',#17238,1.0);
#12991=CARTESIAN_POINT('',(6.20000000000002,6.01833147735468,6.82999999999993));
#12992=CARTESIAN_POINT('',(6.19999999999988,2.77000000000016,6.83000000000005));
#12993=VECTOR('',#17239,1.0);
#12994=CARTESIAN_POINT('',(6.20000000000016,4.52166852264501,6.82999999999993));
#12995=CARTESIAN_POINT('',(6.19999999999988,2.77000000000016,6.82999999999993));
#12996=VECTOR('',#17240,1.0);
#12997=CARTESIAN_POINT('',(6.19999999999988,2.77000000000016,6.83000000000005));
#12998=CARTESIAN_POINT('',(6.19999999999988,2.77000000000016,6.83000000000005));
#12999=VECTOR('',#17241,1.0);
#13000=CARTESIAN_POINT('',(6.19999999999877,2.77000000000015,-54.7900768086926));
#13001=VECTOR('',#17242,1.0);
#13002=CARTESIAN_POINT('',(8.79999999999985,2.77000000000016,6.83));
#13003=CARTESIAN_POINT('',(8.79999999999874,2.77000000000015,-54.7900768086926));
#13004=VECTOR('',#17243,1.0);
#13005=CARTESIAN_POINT('',(8.80000000000005,4.52166852264494,6.82999999999989));
#13006=CARTESIAN_POINT('',(8.79999999999985,2.77000000000016,6.83));
#13007=VECTOR('',#17244,1.0);
#13008=CARTESIAN_POINT('',(8.80000000000005,6.01833147735475,6.82999999999989));
#13009=CARTESIAN_POINT('',(8.79999999999985,2.77000000000016,6.82999999999989));
#13010=VECTOR('',#17245,1.0);
#13011=CARTESIAN_POINT('',(8.79999999999962,7.77000000000031,6.83));
#13012=CARTESIAN_POINT('',(8.79999999999985,2.77000000000016,6.83));
#13013=VECTOR('',#17246,1.0);
#13014=CARTESIAN_POINT('',(8.79999999999851,7.7700000000003,-54.7900768086926));
#13015=VECTOR('',#17247,1.0);
#13016=CARTESIAN_POINT('',(8.90000000000015,4.73148351928624,8.43));
#13017=CARTESIAN_POINT('',(8.9000000000001,2.76999999999987,8.43));
#13018=CARTESIAN_POINT('',(8.90000000000035,5.26999999999964,8.43));
#13019=VECTOR('',#17248,1.0);
#13020=CARTESIAN_POINT('',(6.09999999999977,4.73148351928682,8.43000000000004));
#13021=AXIS2_PLACEMENT_3D('',#17249,#17250,#17251);
#13022=CARTESIAN_POINT('',(6.10000000000034,2.76999999999965,8.43000000000004));
#13023=CARTESIAN_POINT('',(6.09999999999983,5.27000000000006,8.43000000000004));
#13024=VECTOR('',#17252,1.0);
#13025=CARTESIAN_POINT('',(65.4110968965142,2.7700000000002,8.42999999999897));
#13026=VECTOR('',#17253,1.0);
#13027=CARTESIAN_POINT('',(9.39999999999967,7.77000000000023,7.92999999999998));
#13028=CARTESIAN_POINT('',(9.39999999999987,2.77000000000009,7.92999999999998));
#13029=CARTESIAN_POINT('',(9.40000000000015,5.26999999999985,7.92999999999998));
#13030=VECTOR('',#17254,1.0);
#13031=CARTESIAN_POINT('',(9.39999999999978,2.77000000000009,2.12999999999999));
#13032=CARTESIAN_POINT('',(9.39999999999876,2.77000000000008,-54.7900768086926));
#13033=VECTOR('',#17255,1.0);
#13034=CARTESIAN_POINT('',(9.39999999999958,7.77000000000023,2.12999999999999));
#13035=CARTESIAN_POINT('',(9.40000000000007,5.26999999999985,2.12999999999989));
#13036=VECTOR('',#17256,1.0);
#13037=CARTESIAN_POINT('',(9.39999999999856,7.77000000000022,-54.7900768086926));
#13038=VECTOR('',#17257,1.0);
#13039=CARTESIAN_POINT('',(8.89999999999973,7.77000000000004,1.63));
#13040=CARTESIAN_POINT('',(6.09999999999997,7.76999999999983,1.63000000000004));
#13041=CARTESIAN_POINT('',(65.4110968965138,7.77000000000035,1.62999999999888));
#13042=VECTOR('',#17258,1.0);
#13043=CARTESIAN_POINT('',(62.5200768086915,7.77000000000034,-54.7900768086936));
#13044=VECTOR('',#17259,1.0);
#13045=CARTESIAN_POINT('',(6.10000000000011,7.76999999999983,8.43000000000004));
#13046=CARTESIAN_POINT('',(-57.1200768086941,7.76999999999941,-54.7900768086914));
#13047=VECTOR('',#17260,1.0);
#13048=CARTESIAN_POINT('',(8.89999999999987,7.77000000000004,8.43));
#13049=CARTESIAN_POINT('',(65.411096896514,7.77000000000035,8.42999999999897));
#13050=VECTOR('',#17261,1.0);
#13051=CARTESIAN_POINT('',(72.1200768086914,7.77000000000049,-54.7900768086937));
#13052=VECTOR('',#17262,1.0);
#13053=CARTESIAN_POINT('',(-47.5200768086939,7.76999999999941,-54.7900768086916));
#13054=VECTOR('',#17263,1.0);
#13055=CARTESIAN_POINT('',(65.411096896514,7.77000000000035,6.82999999999898));
#13056=VECTOR('',#17264,1.0);
#13057=CARTESIAN_POINT('',(8.89999999999995,2.76999999999987,1.63));
#13058=CARTESIAN_POINT('',(8.90000000000021,5.26999999999964,1.6299999999999));
#13059=VECTOR('',#17265,1.0);
#13060=CARTESIAN_POINT('',(6.1000000000002,2.76999999999965,1.63000000000004));
#13061=CARTESIAN_POINT('',(65.4110968965141,2.7700000000002,1.62999999999888));
#13062=VECTOR('',#17266,1.0);
#13063=CARTESIAN_POINT('',(6.09999999999969,5.27000000000006,1.62999999999994));
#13064=VECTOR('',#17267,1.0);
#13065=AXIS2_PLACEMENT_3D('',#17268,#17269,#17270);
#13066=CARTESIAN_POINT('',(8.89999999999981,5.80851648071365,8.43));
#13067=CARTESIAN_POINT('',(6.09999999999991,5.80851648071329,8.43000000000004));
#13068=AXIS2_PLACEMENT_3D('',#17271,#17272,#17273);
#13069=CARTESIAN_POINT('',(8.90000000000035,5.26999999999964,8.43));
#13070=VECTOR('',#17274,1.0);
#13071=CARTESIAN_POINT('',(6.09999999999983,5.27000000000006,8.43000000000004));
#13072=VECTOR('',#17275,1.0);
#13073=CARTESIAN_POINT('',(72.1200768086915,2.77000000000048,-54.7900768086937));
#13074=VECTOR('',#17276,1.0);
#13075=CARTESIAN_POINT('',(-57.120076808694,2.76999999999905,-54.7900768086914));
#13076=VECTOR('',#17277,1.0);
#13077=CARTESIAN_POINT('',(62.5200768086917,2.77000000000019,-54.7900768086936));
#13078=VECTOR('',#17278,1.0);
#13079=CARTESIAN_POINT('',(-47.5200768086939,2.76999999999905,-54.7900768086916));
#13080=VECTOR('',#17279,1.0);
#13081=CARTESIAN_POINT('',(65.4110968965142,2.7700000000002,6.82999999999898));
#13082=VECTOR('',#17280,1.0);
#13083=CARTESIAN_POINT('',(8.99999999999983,5.27000000000007,8.32999999999989));
#13084=AXIS2_PLACEMENT_3D('',#17281,#17282,#17283);
#13085=AXIS2_PLACEMENT_3D('',#17284,#17285,#17286);
#13086=CARTESIAN_POINT('',(6.00000000000032,5.26999999999963,8.33000000000004));
#13087=AXIS2_PLACEMENT_3D('',#17287,#17288,#17289);
#13088=AXIS2_PLACEMENT_3D('',#17290,#17291,#17292);
#13089=AXIS2_PLACEMENT_3D('',#17293,#17294,#17295);
#13090=CARTESIAN_POINT('',(6.00000000000032,5.26999999999963,6.82999999999993));
#13091=AXIS2_PLACEMENT_3D('',#17296,#17297,#17298);
#13092=CARTESIAN_POINT('',(6.00000000000035,5.26999999999963,8.43000000000004));
#13093=VECTOR('',#17299,1.0);
#13094=CARTESIAN_POINT('',(8.99999999999983,5.27000000000007,6.82999999999989));
#13095=CARTESIAN_POINT('',(8.99999999999986,5.27000000000007,8.43));
#13096=VECTOR('',#17300,1.0);
#13097=AXIS2_PLACEMENT_3D('',#17301,#17302,#17303);
#13098=AXIS2_PLACEMENT_3D('',#17304,#17305,#17306);
#13099=AXIS2_PLACEMENT_3D('',#17307,#17308,#17309);
#13100=CARTESIAN_POINT('',(9.0757832600374,4.1898790987351,13.63));
#13101=CARTESIAN_POINT('',(6.41987909873507,6.84578326003743,13.63));
#13102=CARTESIAN_POINT('',(7.74783117938627,5.51783117938623,13.63));
#13103=VECTOR('',#17310,1.0);
#13104=CARTESIAN_POINT('',(6.41987909873507,6.84578326003743,12.63));
#13105=CARTESIAN_POINT('',(6.41987909873507,6.84578326003743,12.8238194187433));
#13106=VECTOR('',#17311,1.0);
#13107=CARTESIAN_POINT('',(9.0757832600374,4.1898790987351,12.63));
#13108=CARTESIAN_POINT('',(7.74783117938627,5.51783117938623,12.63));
#13109=VECTOR('',#17312,1.0);
#13110=CARTESIAN_POINT('',(9.0757832600374,4.1898790987351,12.8238194187433));
#13111=VECTOR('',#17313,1.0);
#13112=CARTESIAN_POINT('',(5.92490435190449,6.35080851320685,12.63));
#13113=CARTESIAN_POINT('',(8.58080851320682,3.69490435190452,12.63));
#13114=CARTESIAN_POINT('',(7.25285643255569,5.02285643255565,12.63));
#13115=VECTOR('',#17314,1.0);
#13116=CARTESIAN_POINT('',(5.92490435190449,6.35080851320685,13.63));
#13117=CARTESIAN_POINT('',(5.92490435190449,6.35080851320685,12.8238194187433));
#13118=VECTOR('',#17315,1.0);
#13119=CARTESIAN_POINT('',(8.58080851320682,3.69490435190452,13.63));
#13120=CARTESIAN_POINT('',(7.25285643255569,5.02285643255565,13.63));
#13121=VECTOR('',#17316,1.0);
#13122=CARTESIAN_POINT('',(8.58080851320682,3.69490435190452,12.8238194187433));
#13123=VECTOR('',#17317,1.0);
#13124=CARTESIAN_POINT('',(8.85116086557072,6.62116086557068,12.0176388374866));
#13125=CARTESIAN_POINT('',(6.14952674637124,3.91952674637119,12.0176388374866));
#13126=AXIS2_PLACEMENT_3D('',#17318,#17319,#17320);
#13127=CARTESIAN_POINT('',(8.85116086557072,6.62116086557068,13.63));
#13128=CARTESIAN_POINT('',(8.85116086557072,6.62116086557068,12.8238194187433));
#13129=VECTOR('',#17321,1.0);
#13130=AXIS2_PLACEMENT_3D('',#17322,#17323,#17324);
#13131=AXIS2_PLACEMENT_3D('',#17325,#17326,#17327);
#13132=CARTESIAN_POINT('',(6.14952674637124,3.91952674637119,13.63));
#13133=AXIS2_PLACEMENT_3D('',#17328,#17329,#17330);
#13134=CARTESIAN_POINT('',(6.14952674637124,3.91952674637119,12.8238194187433));
#13135=VECTOR('',#17331,1.0);
#13136=AXIS2_PLACEMENT_3D('',#17332,#17333,#17334);
#13137=CARTESIAN_POINT('',(6.43968363419116,4.20968363419111,12.0176388374866));
#13138=CARTESIAN_POINT('',(8.5610039777508,6.33100397775075,12.0176388374866));
#13139=AXIS2_PLACEMENT_3D('',#17335,#17336,#17337);
#13140=AXIS2_PLACEMENT_3D('',#17338,#17339,#17340);
#13141=AXIS2_PLACEMENT_3D('',#17341,#17342,#17343);
#13142=CARTESIAN_POINT('',(6.43968363419116,4.20968363419111,6.82999999999999));
#13143=CARTESIAN_POINT('',(8.5610039777508,6.33100397775075,6.82999999999999));
#13144=AXIS2_PLACEMENT_3D('',#17344,#17345,#17346);
#13145=AXIS2_PLACEMENT_3D('',#17347,#17348,#17349);
#13146=AXIS2_PLACEMENT_3D('',#17350,#17351,#17352);
#13147=CARTESIAN_POINT('',(6.43968363419116,4.20968363419111,8.76943375672969));
#13148=VECTOR('',#17353,1.0);
#13149=CARTESIAN_POINT('',(8.5610039777508,6.33100397775075,8.76943375672969));
#13150=VECTOR('',#17354,1.0);
#13151=AXIS2_PLACEMENT_3D('',#17355,#17356,#17357);
#13152=CARTESIAN_POINT('',(1.75124363753948,15.9899999999993,3.77317302021968));
#13153=CARTESIAN_POINT('',(1.75124363753948,10.59,3.77317302021968));
#13154=CARTESIAN_POINT('',(1.75124363753948,13.2899999999997,3.77317302021968));
#13155=VECTOR('',#17358,1.0);
#13156=CARTESIAN_POINT('',(3.25,15.9899999999993,3.73000000000001));
#13157=AXIS2_PLACEMENT_3D('',#17359,#17360,#17361);
#13158=CARTESIAN_POINT('',(3.25,10.59,3.73));
#13159=CARTESIAN_POINT('',(3.25,10.59,3.73));
#13160=VECTOR('',#17362,1.0);
#13161=AXIS2_PLACEMENT_3D('',#17363,#17364,#17365);
#13162=CARTESIAN_POINT('',(3.26373148970973,10.59,3.68596351937593));
#13163=CARTESIAN_POINT('',(3.26373148970973,15.9899999999993,3.68596351937593));
#13164=CARTESIAN_POINT('',(3.26373148970973,13.2899999999997,3.68596351937593));
#13165=VECTOR('',#17366,1.0);
#13166=CARTESIAN_POINT('',(1.735,10.59,3.73));
#13167=AXIS2_PLACEMENT_3D('',#17367,#17368,#17369);
#13168=CARTESIAN_POINT('',(1.735,15.9899999999993,3.73000000000001));
#13169=CARTESIAN_POINT('',(1.735,10.59,3.73));
#13170=VECTOR('',#17370,1.0);
#13171=AXIS2_PLACEMENT_3D('',#17371,#17372,#17373);
#13172=CARTESIAN_POINT('',(1.75080144394726,10.59,3.6953369994303));
#13173=CARTESIAN_POINT('',(1.75080144394726,15.9899999999993,3.6953369994303));
#13174=CARTESIAN_POINT('',(1.75080144394726,13.2899999999997,3.6953369994303));
#13175=VECTOR('',#17374,1.0);
#13176=AXIS2_PLACEMENT_3D('',#17375,#17376,#17377);
#13177=AXIS2_PLACEMENT_3D('',#17378,#17379,#17380);
#13178=CARTESIAN_POINT('',(3.26418252717379,15.9899999999993,3.7653562605811));
#13179=CARTESIAN_POINT('',(3.26418252717379,10.59,3.7653562605811));
#13180=CARTESIAN_POINT('',(3.26418252717379,13.2899999999997,3.7653562605811));
#13181=VECTOR('',#17381,1.0);
#13182=AXIS2_PLACEMENT_3D('',#17382,#17383,#17384);
#13183=AXIS2_PLACEMENT_3D('',#17385,#17386,#17387);
#13184=CARTESIAN_POINT('',(3.265,10.59,3.73));
#13185=AXIS2_PLACEMENT_3D('',#17388,#17389,#17390);
#13186=AXIS2_PLACEMENT_3D('',#17391,#17392,#17393);
#13187=CARTESIAN_POINT('',(1.75,10.59,3.73));
#13188=AXIS2_PLACEMENT_3D('',#17394,#17395,#17396);
#13189=AXIS2_PLACEMENT_3D('',#17397,#17398,#17399);
#13190=CARTESIAN_POINT('',(3.265,15.9899999999993,3.73));
#13191=AXIS2_PLACEMENT_3D('',#17400,#17401,#17402);
#13192=AXIS2_PLACEMENT_3D('',#17403,#17404,#17405);
#13193=CARTESIAN_POINT('',(1.75,15.9899999999993,3.73000000000001));
#13194=AXIS2_PLACEMENT_3D('',#17406,#17407,#17408);
#13195=AXIS2_PLACEMENT_3D('',#17409,#17410,#17411);
#13196=CARTESIAN_POINT('',(3.265,10.59,3.73));
#13197=VECTOR('',#17412,1.0);
#13198=CARTESIAN_POINT('',(1.75,10.59,3.73));
#13199=VECTOR('',#17413,1.0);
#13200=CARTESIAN_POINT('',(1.1999999999998,2.77000000000016,3.22999999999994));
#13201=CARTESIAN_POINT('',(1.19999999999957,7.77000000000031,3.22999999999994));
#13202=CARTESIAN_POINT('',(1.1999999999998,2.77000000000016,3.22999999999994));
#13203=VECTOR('',#17414,1.0);
#13204=CARTESIAN_POINT('',(3.79999999999976,2.77000000000016,3.22999999999989));
#13205=CARTESIAN_POINT('',(60.4110968965141,2.7700000000002,3.22999999999887));
#13206=VECTOR('',#17415,1.0);
#13207=CARTESIAN_POINT('',(3.79999999999953,7.77000000000031,3.22999999999989));
#13208=CARTESIAN_POINT('',(3.79999999999976,2.77000000000016,3.22999999999989));
#13209=VECTOR('',#17416,1.0);
#13210=CARTESIAN_POINT('',(60.4110968965139,7.77000000000035,3.22999999999887));
#13211=VECTOR('',#17417,1.0);
#13212=CARTESIAN_POINT('',(0.599999999999773,2.77000000000016,7.93000000000005));
#13213=CARTESIAN_POINT('',(0.600000000000284,7.76999999999961,7.93000000000005));
#13214=CARTESIAN_POINT('',(0.6,5.26999999999984,7.93000000000005));
#13215=VECTOR('',#17418,1.0);
#13216=CARTESIAN_POINT('',(0.600000000000199,7.76999999999961,2.13000000000006));
#13217=CARTESIAN_POINT('',(0.599999999999176,7.7699999999996,-54.7900768086925));
#13218=VECTOR('',#17419,1.0);
#13219=CARTESIAN_POINT('',(0.599999999999687,2.77000000000016,2.13000000000006));
#13220=CARTESIAN_POINT('',(0.599999999999915,5.26999999999984,2.12999999999996));
#13221=VECTOR('',#17420,1.0);
#13222=CARTESIAN_POINT('',(0.599999999998664,2.77000000000016,-54.7900768086925));
#13223=VECTOR('',#17421,1.0);
#13224=CARTESIAN_POINT('',(1.19999999999965,7.77000000000031,6.83000000000005));
#13225=CARTESIAN_POINT('',(1.19999999999854,7.7700000000003,-54.7900768086926));
#13226=VECTOR('',#17422,1.0);
#13227=CARTESIAN_POINT('',(1.20000000000002,6.01833147735468,6.82999999999993));
#13228=CARTESIAN_POINT('',(1.19999999999988,2.77000000000016,6.83000000000005));
#13229=VECTOR('',#17423,1.0);
#13230=CARTESIAN_POINT('',(1.20000000000016,4.52166852264501,6.82999999999993));
#13231=CARTESIAN_POINT('',(1.19999999999988,2.77000000000016,6.82999999999993));
#13232=VECTOR('',#17424,1.0);
#13233=CARTESIAN_POINT('',(1.19999999999988,2.77000000000016,6.83000000000005));
#13234=CARTESIAN_POINT('',(1.19999999999988,2.77000000000016,6.83000000000005));
#13235=VECTOR('',#17425,1.0);
#13236=CARTESIAN_POINT('',(1.19999999999877,2.77000000000015,-54.7900768086926));
#13237=VECTOR('',#17426,1.0);
#13238=CARTESIAN_POINT('',(3.79999999999985,2.77000000000016,6.83));
#13239=CARTESIAN_POINT('',(3.79999999999874,2.77000000000015,-54.7900768086926));
#13240=VECTOR('',#17427,1.0);
#13241=CARTESIAN_POINT('',(3.80000000000005,4.52166852264494,6.82999999999989));
#13242=CARTESIAN_POINT('',(3.79999999999985,2.77000000000016,6.83));
#13243=VECTOR('',#17428,1.0);
#13244=CARTESIAN_POINT('',(3.80000000000005,6.01833147735475,6.82999999999989));
#13245=CARTESIAN_POINT('',(3.79999999999985,2.77000000000016,6.82999999999989));
#13246=VECTOR('',#17429,1.0);
#13247=CARTESIAN_POINT('',(3.79999999999962,7.77000000000031,6.83));
#13248=CARTESIAN_POINT('',(3.79999999999985,2.77000000000016,6.83));
#13249=VECTOR('',#17430,1.0);
#13250=CARTESIAN_POINT('',(3.79999999999851,7.7700000000003,-54.7900768086926));
#13251=VECTOR('',#17431,1.0);
#13252=CARTESIAN_POINT('',(3.90000000000015,4.73148351928624,8.43));
#13253=CARTESIAN_POINT('',(3.9000000000001,2.76999999999987,8.43));
#13254=CARTESIAN_POINT('',(3.90000000000035,5.26999999999964,8.43));
#13255=VECTOR('',#17432,1.0);
#13256=CARTESIAN_POINT('',(1.09999999999977,4.73148351928682,8.43000000000004));
#13257=AXIS2_PLACEMENT_3D('',#17433,#17434,#17435);
#13258=CARTESIAN_POINT('',(1.10000000000034,2.76999999999965,8.43000000000004));
#13259=CARTESIAN_POINT('',(1.09999999999983,5.27000000000006,8.43000000000004));
#13260=VECTOR('',#17436,1.0);
#13261=CARTESIAN_POINT('',(60.4110968965142,2.7700000000002,8.42999999999897));
#13262=VECTOR('',#17437,1.0);
#13263=CARTESIAN_POINT('',(4.39999999999967,7.77000000000023,7.92999999999998));
#13264=CARTESIAN_POINT('',(4.39999999999987,2.77000000000009,7.92999999999998));
#13265=CARTESIAN_POINT('',(4.40000000000015,5.26999999999985,7.92999999999998));
#13266=VECTOR('',#17438,1.0);
#13267=CARTESIAN_POINT('',(4.39999999999978,2.77000000000009,2.12999999999999));
#13268=CARTESIAN_POINT('',(4.39999999999876,2.77000000000008,-54.7900768086926));
#13269=VECTOR('',#17439,1.0);
#13270=CARTESIAN_POINT('',(4.39999999999958,7.77000000000023,2.12999999999999));
#13271=CARTESIAN_POINT('',(4.40000000000007,5.26999999999985,2.12999999999989));
#13272=VECTOR('',#17440,1.0);
#13273=CARTESIAN_POINT('',(4.39999999999856,7.77000000000022,-54.7900768086926));
#13274=VECTOR('',#17441,1.0);
#13275=CARTESIAN_POINT('',(3.89999999999973,7.77000000000004,1.63));
#13276=CARTESIAN_POINT('',(1.09999999999997,7.76999999999983,1.63000000000004));
#13277=CARTESIAN_POINT('',(60.4110968965138,7.77000000000035,1.62999999999888));
#13278=VECTOR('',#17442,1.0);
#13279=CARTESIAN_POINT('',(57.5200768086915,7.77000000000034,-54.7900768086936));
#13280=VECTOR('',#17443,1.0);
#13281=CARTESIAN_POINT('',(1.10000000000011,7.76999999999983,8.43000000000004));
#13282=CARTESIAN_POINT('',(-62.1200768086941,7.76999999999941,-54.7900768086914));
#13283=VECTOR('',#17444,1.0);
#13284=CARTESIAN_POINT('',(3.89999999999987,7.77000000000004,8.43));
#13285=CARTESIAN_POINT('',(60.411096896514,7.77000000000035,8.42999999999897));
#13286=VECTOR('',#17445,1.0);
#13287=CARTESIAN_POINT('',(67.1200768086914,7.77000000000049,-54.7900768086937));
#13288=VECTOR('',#17446,1.0);
#13289=CARTESIAN_POINT('',(-52.5200768086939,7.76999999999941,-54.7900768086916));
#13290=VECTOR('',#17447,1.0);
#13291=CARTESIAN_POINT('',(60.4110968965139,7.77000000000035,6.82999999999898));
#13292=VECTOR('',#17448,1.0);
#13293=CARTESIAN_POINT('',(3.89999999999995,2.76999999999987,1.63));
#13294=CARTESIAN_POINT('',(3.90000000000021,5.26999999999964,1.6299999999999));
#13295=VECTOR('',#17449,1.0);
#13296=CARTESIAN_POINT('',(1.1000000000002,2.76999999999965,1.63000000000004));
#13297=CARTESIAN_POINT('',(60.4110968965141,2.7700000000002,1.62999999999888));
#13298=VECTOR('',#17450,1.0);
#13299=CARTESIAN_POINT('',(1.09999999999969,5.27000000000006,1.62999999999994));
#13300=VECTOR('',#17451,1.0);
#13301=AXIS2_PLACEMENT_3D('',#17452,#17453,#17454);
#13302=CARTESIAN_POINT('',(3.89999999999981,5.80851648071365,8.43));
#13303=CARTESIAN_POINT('',(1.09999999999991,5.80851648071329,8.43000000000004));
#13304=AXIS2_PLACEMENT_3D('',#17455,#17456,#17457);
#13305=CARTESIAN_POINT('',(3.90000000000035,5.26999999999964,8.43));
#13306=VECTOR('',#17458,1.0);
#13307=CARTESIAN_POINT('',(1.09999999999983,5.27000000000006,8.43000000000004));
#13308=VECTOR('',#17459,1.0);
#13309=CARTESIAN_POINT('',(67.1200768086915,2.77000000000048,-54.7900768086937));
#13310=VECTOR('',#17460,1.0);
#13311=CARTESIAN_POINT('',(-62.120076808694,2.76999999999905,-54.7900768086914));
#13312=VECTOR('',#17461,1.0);
#13313=CARTESIAN_POINT('',(57.5200768086917,2.77000000000019,-54.7900768086936));
#13314=VECTOR('',#17462,1.0);
#13315=CARTESIAN_POINT('',(-52.5200768086939,2.76999999999905,-54.7900768086916));
#13316=VECTOR('',#17463,1.0);
#13317=CARTESIAN_POINT('',(60.4110968965142,2.7700000000002,6.82999999999898));
#13318=VECTOR('',#17464,1.0);
#13319=CARTESIAN_POINT('',(3.99999999999984,5.27000000000007,8.32999999999989));
#13320=AXIS2_PLACEMENT_3D('',#17465,#17466,#17467);
#13321=AXIS2_PLACEMENT_3D('',#17468,#17469,#17470);
#13322=CARTESIAN_POINT('',(1.00000000000032,5.26999999999963,8.33000000000004));
#13323=AXIS2_PLACEMENT_3D('',#17471,#17472,#17473);
#13324=AXIS2_PLACEMENT_3D('',#17474,#17475,#17476);
#13325=AXIS2_PLACEMENT_3D('',#17477,#17478,#17479);
#13326=CARTESIAN_POINT('',(1.00000000000032,5.26999999999963,6.82999999999993));
#13327=AXIS2_PLACEMENT_3D('',#17480,#17481,#17482);
#13328=CARTESIAN_POINT('',(1.00000000000035,5.26999999999963,8.43000000000004));
#13329=VECTOR('',#17483,1.0);
#13330=CARTESIAN_POINT('',(3.99999999999984,5.27000000000007,6.82999999999989));
#13331=CARTESIAN_POINT('',(3.99999999999986,5.27000000000007,8.43));
#13332=VECTOR('',#17484,1.0);
#13333=AXIS2_PLACEMENT_3D('',#17485,#17486,#17487);
#13334=AXIS2_PLACEMENT_3D('',#17488,#17489,#17490);
#13335=AXIS2_PLACEMENT_3D('',#17491,#17492,#17493);
#13336=CARTESIAN_POINT('',(4.0757832600374,4.1898790987351,13.63));
#13337=CARTESIAN_POINT('',(1.41987909873507,6.84578326003743,13.63));
#13338=CARTESIAN_POINT('',(2.74783117938627,5.51783117938623,13.63));
#13339=VECTOR('',#17494,1.0);
#13340=CARTESIAN_POINT('',(1.41987909873507,6.84578326003743,12.63));
#13341=CARTESIAN_POINT('',(1.41987909873507,6.84578326003743,12.8238194187433));
#13342=VECTOR('',#17495,1.0);
#13343=CARTESIAN_POINT('',(4.0757832600374,4.1898790987351,12.63));
#13344=CARTESIAN_POINT('',(2.74783117938627,5.51783117938623,12.63));
#13345=VECTOR('',#17496,1.0);
#13346=CARTESIAN_POINT('',(4.0757832600374,4.1898790987351,12.8238194187433));
#13347=VECTOR('',#17497,1.0);
#13348=CARTESIAN_POINT('',(0.924904351904491,6.35080851320685,12.63));
#13349=CARTESIAN_POINT('',(3.58080851320682,3.69490435190452,12.63));
#13350=CARTESIAN_POINT('',(2.25285643255569,5.02285643255565,12.63));
#13351=VECTOR('',#17498,1.0);
#13352=CARTESIAN_POINT('',(0.924904351904491,6.35080851320685,13.63));
#13353=CARTESIAN_POINT('',(0.924904351904491,6.35080851320685,12.8238194187433));
#13354=VECTOR('',#17499,1.0);
#13355=CARTESIAN_POINT('',(3.58080851320682,3.69490435190452,13.63));
#13356=CARTESIAN_POINT('',(2.25285643255569,5.02285643255565,13.63));
#13357=VECTOR('',#17500,1.0);
#13358=CARTESIAN_POINT('',(3.58080851320682,3.69490435190452,12.8238194187433));
#13359=VECTOR('',#17501,1.0);
#13360=CARTESIAN_POINT('',(3.85116086557072,6.62116086557068,12.0176388374866));
#13361=CARTESIAN_POINT('',(1.14952674637124,3.91952674637119,12.0176388374866));
#13362=AXIS2_PLACEMENT_3D('',#17502,#17503,#17504);
#13363=CARTESIAN_POINT('',(3.85116086557072,6.62116086557068,13.63));
#13364=CARTESIAN_POINT('',(3.85116086557072,6.62116086557068,12.8238194187433));
#13365=VECTOR('',#17505,1.0);
#13366=AXIS2_PLACEMENT_3D('',#17506,#17507,#17508);
#13367=AXIS2_PLACEMENT_3D('',#17509,#17510,#17511);
#13368=CARTESIAN_POINT('',(1.14952674637124,3.91952674637119,13.63));
#13369=AXIS2_PLACEMENT_3D('',#17512,#17513,#17514);
#13370=CARTESIAN_POINT('',(1.14952674637124,3.91952674637119,12.8238194187433));
#13371=VECTOR('',#17515,1.0);
#13372=AXIS2_PLACEMENT_3D('',#17516,#17517,#17518);
#13373=CARTESIAN_POINT('',(1.43968363419116,4.20968363419111,12.0176388374866));
#13374=CARTESIAN_POINT('',(3.5610039777508,6.33100397775075,12.0176388374866));
#13375=AXIS2_PLACEMENT_3D('',#17519,#17520,#17521);
#13376=AXIS2_PLACEMENT_3D('',#17522,#17523,#17524);
#13377=AXIS2_PLACEMENT_3D('',#17525,#17526,#17527);
#13378=CARTESIAN_POINT('',(1.43968363419116,4.20968363419111,6.82999999999999));
#13379=CARTESIAN_POINT('',(3.5610039777508,6.33100397775075,6.82999999999999));
#13380=AXIS2_PLACEMENT_3D('',#17528,#17529,#17530);
#13381=AXIS2_PLACEMENT_3D('',#17531,#17532,#17533);
#13382=AXIS2_PLACEMENT_3D('',#17534,#17535,#17536);
#13383=CARTESIAN_POINT('',(1.43968363419116,4.20968363419111,8.76943375672969));
#13384=VECTOR('',#17537,1.0);
#13385=CARTESIAN_POINT('',(3.5610039777508,6.33100397775075,8.76943375672969));
#13386=VECTOR('',#17538,1.0);
#13387=AXIS2_PLACEMENT_3D('',#17539,#17540,#17541);
#13388=CARTESIAN_POINT('',(8.49999849085606,1.7195242171578,15.0));
#13389=CARTESIAN_POINT('',(8.49999849085606,1.7195242171578,14.8));
#13390=CARTESIAN_POINT('',(8.5,1.72000000000015,15.0));
#13391=VECTOR('',#17542,1.0);
#13392=CARTESIAN_POINT('',(8.35,1.57000000000015,14.8));
#13393=AXIS2_PLACEMENT_3D('',#17543,#17544,#17545);
#13394=CARTESIAN_POINT('',(8.35,1.57000000000015,15.0));
#13395=CARTESIAN_POINT('',(8.35,1.57000000000015,15.0));
#13396=VECTOR('',#17546,1.0);
#13397=AXIS2_PLACEMENT_3D('',#17547,#17548,#17549);
#13398=CARTESIAN_POINT('',(8.35047578284236,2.66999849085622,15.0));
#13399=CARTESIAN_POINT('',(8.35047578284236,2.66999849085622,14.8));
#13400=CARTESIAN_POINT('',(8.35,2.67000000000015,15.0));
#13401=VECTOR('',#17550,1.0);
#13402=CARTESIAN_POINT('',(8.5,2.52000000000015,14.8));
#13403=AXIS2_PLACEMENT_3D('',#17551,#17552,#17553);
#13404=CARTESIAN_POINT('',(8.5,2.52000000000015,15.0));
#13405=CARTESIAN_POINT('',(8.5,2.52000000000015,15.0));
#13406=VECTOR('',#17554,1.0);
#13407=AXIS2_PLACEMENT_3D('',#17555,#17556,#17557);
#13408=CARTESIAN_POINT('',(6.64952421715765,1.57000150914411,15.0));
#13409=CARTESIAN_POINT('',(6.64952421715765,1.57000150914411,14.8));
#13410=CARTESIAN_POINT('',(6.65000000000001,1.57000000000017,15.0));
#13411=VECTOR('',#17558,1.0);
#13412=CARTESIAN_POINT('',(6.50000000000001,1.72000000000017,14.8));
#13413=AXIS2_PLACEMENT_3D('',#17559,#17560,#17561);
#13414=CARTESIAN_POINT('',(6.50000000000001,1.72000000000017,15.0));
#13415=CARTESIAN_POINT('',(6.50000000000001,1.72000000000017,15.0));
#13416=VECTOR('',#17562,1.0);
#13417=AXIS2_PLACEMENT_3D('',#17563,#17564,#17565);
#13418=CARTESIAN_POINT('',(3.49999849085606,2.52047578284253,15.0));
#13419=CARTESIAN_POINT('',(3.49999849085606,2.52047578284253,14.8));
#13420=CARTESIAN_POINT('',(3.5,2.52000000000017,15.0));
#13421=VECTOR('',#17566,1.0);
#13422=CARTESIAN_POINT('',(3.35,2.67000000000017,15.0));
#13423=AXIS2_PLACEMENT_3D('',#17567,#17568,#17569);
#13424=CARTESIAN_POINT('',(3.35,2.67000000000017,14.8));
#13425=CARTESIAN_POINT('',(3.35,2.67000000000017,15.0));
#13426=VECTOR('',#17570,1.0);
#13427=AXIS2_PLACEMENT_3D('',#17571,#17572,#17573);
#13428=CARTESIAN_POINT('',(3.35047578284235,1.57000150914411,15.0));
#13429=CARTESIAN_POINT('',(3.35047578284235,1.57000150914411,14.8));
#13430=CARTESIAN_POINT('',(3.34999999999999,1.57000000000017,15.0));
#13431=VECTOR('',#17574,1.0);
#13432=CARTESIAN_POINT('',(3.49999999999999,1.72000000000017,15.0));
#13433=AXIS2_PLACEMENT_3D('',#17575,#17576,#17577);
#13434=CARTESIAN_POINT('',(3.49999999999999,1.72000000000017,14.8));
#13435=CARTESIAN_POINT('',(3.49999999999999,1.72000000000017,15.0));
#13436=VECTOR('',#17578,1.0);
#13437=AXIS2_PLACEMENT_3D('',#17579,#17580,#17581);
#13438=CARTESIAN_POINT('',(6.50000150914395,2.52047578284253,15.0));
#13439=CARTESIAN_POINT('',(6.50000150914395,2.52047578284253,14.8));
#13440=CARTESIAN_POINT('',(6.50000000000001,2.52000000000017,15.0));
#13441=VECTOR('',#17582,1.0);
#13442=CARTESIAN_POINT('',(6.65000000000001,2.67000000000017,14.8));
#13443=AXIS2_PLACEMENT_3D('',#17583,#17584,#17585);
#13444=CARTESIAN_POINT('',(6.65000000000001,2.67000000000017,15.0));
#13445=CARTESIAN_POINT('',(6.65000000000001,2.67000000000017,15.0));
#13446=VECTOR('',#17586,1.0);
#13447=AXIS2_PLACEMENT_3D('',#17587,#17588,#17589);
#13448=CARTESIAN_POINT('',(1.13797860024079E-15,6.34779601084699,13.7111098031842));
#13449=CARTESIAN_POINT('',(-0.03,6.34779601084699,13.7111098031842));
#13450=CARTESIAN_POINT('',(1.13797860024079E-15,6.34738366571694,13.711111111109));
#13451=VECTOR('',#17590,1.0);
#13452=CARTESIAN_POINT('',(1.13797860024079E-15,6.47738366571695,13.581111111109));
#13453=AXIS2_PLACEMENT_3D('',#17591,#17592,#17593);
#13454=CARTESIAN_POINT('',(-0.03,6.47738366571695,13.581111111109));
#13455=CARTESIAN_POINT('',(1.13797860024079E-15,6.47738366571695,13.581111111109));
#13456=VECTOR('',#17594,1.0);
#13457=AXIS2_PLACEMENT_3D('',#17595,#17596,#17597);
#13458=CARTESIAN_POINT('',(1.13797860024079E-15,5.44112257931877,12.2040305798347));
#13459=CARTESIAN_POINT('',(-0.03,5.44112257931877,12.2040305798347));
#13460=CARTESIAN_POINT('',(1.13797860024079E-15,5.44112377334595,12.2044245622044));
#13461=VECTOR('',#17598,1.0);
#13462=CARTESIAN_POINT('',(1.13797860024079E-15,5.30982471923255,12.074431052911));
#13463=AXIS2_PLACEMENT_3D('',#17599,#17600,#17601);
#13464=CARTESIAN_POINT('',(-0.03,5.30982471923255,12.074431052911));
#13465=CARTESIAN_POINT('',(1.13797860024079E-15,5.30982471923255,12.074431052911));
#13466=VECTOR('',#17602,1.0);
#13467=AXIS2_PLACEMENT_3D('',#17603,#17604,#17605);
#13468=CARTESIAN_POINT('',(1.13797860024079E-15,5.7591223177379,11.6888901968146));
#13469=CARTESIAN_POINT('',(-0.03,5.7591223177379,11.6888901968146));
#13470=CARTESIAN_POINT('',(1.13797860024079E-15,5.75953466286795,11.6888888888899));
#13471=VECTOR('',#17606,1.0);
#13472=CARTESIAN_POINT('',(1.13797860024079E-15,5.62953466286795,11.8188888888899));
#13473=AXIS2_PLACEMENT_3D('',#17607,#17608,#17609);
#13474=CARTESIAN_POINT('',(-0.03,5.62953466286795,11.8188888888899));
#13475=CARTESIAN_POINT('',(1.13797860024079E-15,5.62953466286795,11.8188888888899));
#13476=VECTOR('',#17610,1.0);
#13477=AXIS2_PLACEMENT_3D('',#17611,#17612,#17613);
#13478=CARTESIAN_POINT('',(1.50000150914394,1.71952421715781,15.0));
#13479=CARTESIAN_POINT('',(1.50000150914394,1.71952421715781,14.8));
#13480=CARTESIAN_POINT('',(1.5,1.72000000000016,15.0));
#13481=VECTOR('',#17614,1.0);
#13482=CARTESIAN_POINT('',(1.65,1.57000000000016,15.0));
#13483=AXIS2_PLACEMENT_3D('',#17615,#17616,#17617);
#13484=CARTESIAN_POINT('',(1.65,1.57000000000016,14.8));
#13485=CARTESIAN_POINT('',(1.65,1.57000000000016,15.0));
#13486=VECTOR('',#17618,1.0);
#13487=AXIS2_PLACEMENT_3D('',#17619,#17620,#17621);
#13488=CARTESIAN_POINT('',(1.64952421715764,2.66999849085623,15.0));
#13489=CARTESIAN_POINT('',(1.64952421715764,2.66999849085623,14.8));
#13490=CARTESIAN_POINT('',(1.65,2.67000000000017,15.0));
#13491=VECTOR('',#17622,1.0);
#13492=CARTESIAN_POINT('',(1.5,2.52000000000017,15.0));
#13493=AXIS2_PLACEMENT_3D('',#17623,#17624,#17625);
#13494=CARTESIAN_POINT('',(1.5,2.52000000000017,14.8));
#13495=CARTESIAN_POINT('',(1.5,2.52000000000017,15.0));
#13496=VECTOR('',#17626,1.0);
#13497=AXIS2_PLACEMENT_3D('',#17627,#17628,#17629);
#13498=CARTESIAN_POINT('',(1.13797860024079E-15,6.47738235779221,11.8184765437598));
#13499=CARTESIAN_POINT('',(-0.03,6.47738235779221,11.8184765437598));
#13500=CARTESIAN_POINT('',(1.13797860024079E-15,6.47738366571695,11.8188888888899));
#13501=VECTOR('',#17630,1.0);
#13502=CARTESIAN_POINT('',(1.13797860024079E-15,6.34738366571694,11.6888888888899));
#13503=AXIS2_PLACEMENT_3D('',#17631,#17632,#17633);
#13504=CARTESIAN_POINT('',(-0.03,6.34738366571694,11.6888888888899));
#13505=CARTESIAN_POINT('',(1.13797860024079E-15,6.34738366571694,11.6888888888899));
#13506=VECTOR('',#17634,1.0);
#13507=AXIS2_PLACEMENT_3D('',#17635,#17636,#17637);
#13508=CARTESIAN_POINT('',(1.13797860024079E-15,5.6295359707927,13.581523456239));
#13509=CARTESIAN_POINT('',(-0.03,5.6295359707927,13.581523456239));
#13510=CARTESIAN_POINT('',(1.13797860024079E-15,5.62953466286795,13.581111111109));
#13511=VECTOR('',#17638,1.0);
#13512=CARTESIAN_POINT('',(1.13797860024079E-15,5.75953466286795,13.711111111109));
#13513=AXIS2_PLACEMENT_3D('',#17639,#17640,#17641);
#13514=CARTESIAN_POINT('',(-0.03,5.75953466286795,13.711111111109));
#13515=CARTESIAN_POINT('',(1.13797860024079E-15,5.75953466286795,13.711111111109));
#13516=VECTOR('',#17642,1.0);
#13517=AXIS2_PLACEMENT_3D('',#17643,#17644,#17645);
#13518=CARTESIAN_POINT('',(1.13797860024079E-15,5.31021869386293,13.7109990538963));
#13519=CARTESIAN_POINT('',(-0.03,5.31021869386293,13.7109990538963));
#13520=CARTESIAN_POINT('',(1.13797860024079E-15,5.30982471923255,13.7109963109068));
#13521=VECTOR('',#17646,1.0);
#13522=CARTESIAN_POINT('',(1.13797860024079E-15,5.44112377334595,13.5810028016134));
#13523=AXIS2_PLACEMENT_3D('',#17647,#17648,#17649);
#13524=CARTESIAN_POINT('',(-0.03,5.44112377334595,13.5810028016134));
#13525=CARTESIAN_POINT('',(1.13797860024079E-15,5.44112377334595,13.5810028016134));
#13526=VECTOR('',#17650,1.0);
#13527=AXIS2_PLACEMENT_3D('',#17651,#17652,#17653);
#13528=CARTESIAN_POINT('',(2.56932600113941,6.76839711210565,12.0186751345947));
#13529=CARTESIAN_POINT('',(2.56932600113941,6.76839711210565,11.3300001772836));
#13530=CARTESIAN_POINT('',(2.56932600113941,6.76839711210564,11.6743376559391));
#13531=VECTOR('',#17654,1.0);
#13532=CARTESIAN_POINT('',(2.43067399886059,3.7716028878947,12.0186751345947));
#13533=AXIS2_PLACEMENT_3D('',#17655,#17656,#17657);
#13534=CARTESIAN_POINT('',(2.43067399886059,3.77160288789471,11.3300001772836));
#13535=CARTESIAN_POINT('',(2.43067399886059,3.7716028878947,11.6743376559391));
#13536=VECTOR('',#17658,1.0);
#13537=AXIS2_PLACEMENT_3D('',#17659,#17660,#17661);
#13538=CARTESIAN_POINT('',(1.13797860024079E-15,5.34555360950541,12.8988061392293));
#13539=CARTESIAN_POINT('',(-0.03,5.34555360950541,12.8988061392293));
#13540=CARTESIAN_POINT('',(-0.0149999999999994,5.3455536095054,12.8988061392293));
#13541=VECTOR('',#17662,1.0);
#13542=CARTESIAN_POINT('',(1.13797860024079E-15,5.72542003213814,12.8878637464856));
#13543=AXIS2_PLACEMENT_3D('',#17663,#17664,#17665);
#13544=CARTESIAN_POINT('',(-0.03,5.72542003213814,12.8878637464856));
#13545=CARTESIAN_POINT('',(1.13797860024079E-15,5.72542003213814,12.8878637464856));
#13546=VECTOR('',#17666,1.0);
#13547=AXIS2_PLACEMENT_3D('',#17667,#17668,#17669);
#13548=CARTESIAN_POINT('',(1.13797860024079E-15,8.45998993904054,9.19682811438403));
#13549=CARTESIAN_POINT('',(-0.03,8.45998993904054,9.19682811438403));
#13550=CARTESIAN_POINT('',(-0.0149999999999994,8.45998993904054,9.19682811438403));
#13551=VECTOR('',#17670,1.0);
#13552=CARTESIAN_POINT('',(1.13797860024079E-15,7.96000000000013,8.69999999999974));
#13553=AXIS2_PLACEMENT_3D('',#17671,#17672,#17673);
#13554=CARTESIAN_POINT('',(-0.03,7.96000000000013,8.69999999999974));
#13555=CARTESIAN_POINT('',(1.13797860024079E-15,7.96000000000013,8.69999999999974));
#13556=VECTOR('',#17674,1.0);
#13557=AXIS2_PLACEMENT_3D('',#17675,#17676,#17677);
#13558=CARTESIAN_POINT('',(1.13797860024079E-15,1.97176826378591,8.70001006095933));
#13559=CARTESIAN_POINT('',(-0.03,1.97176826378591,8.70001006095933));
#13560=CARTESIAN_POINT('',(-0.0149999999999994,1.97176826378591,8.70001006095933));
#13561=VECTOR('',#17678,1.0);
#13562=CARTESIAN_POINT('',(1.13797860024079E-15,1.47494014940163,9.19999999999974));
#13563=AXIS2_PLACEMENT_3D('',#17679,#17680,#17681);
#13564=CARTESIAN_POINT('',(-0.03,1.47494014940163,9.19999999999974));
#13565=CARTESIAN_POINT('',(1.13797860024079E-15,1.47494014940163,9.19999999999974));
#13566=VECTOR('',#17682,1.0);
#13567=AXIS2_PLACEMENT_3D('',#17683,#17684,#17685);
#13568=CARTESIAN_POINT('',(1.13797860024079E-15,1.47495021036121,14.0031718856158));
#13569=CARTESIAN_POINT('',(-0.03,1.47495021036121,14.0031718856158));
#13570=CARTESIAN_POINT('',(-0.0149999999999994,1.47495021036121,14.0031718856158));
#13571=VECTOR('',#17686,1.0);
#13572=CARTESIAN_POINT('',(1.13797860024079E-15,1.97494014940163,14.5000000000001));
#13573=AXIS2_PLACEMENT_3D('',#17687,#17688,#17689);
#13574=CARTESIAN_POINT('',(-0.03,1.97494014940163,14.5000000000001));
#13575=CARTESIAN_POINT('',(1.13797860024079E-15,1.97494014940163,14.5000000000001));
#13576=VECTOR('',#17690,1.0);
#13577=AXIS2_PLACEMENT_3D('',#17691,#17692,#17693);
#13578=CARTESIAN_POINT('',(-0.03,4.216456512789,13.8261101599579));
#13579=CARTESIAN_POINT('',(1.13797860024079E-15,4.216456512789,13.8261101599579));
#13580=CARTESIAN_POINT('',(-0.0149999999999994,4.216456512789,13.8261101599579));
#13581=VECTOR('',#17694,1.0);
#13582=CARTESIAN_POINT('',(-0.03,4.39145299145315,13.9999999999924));
#13583=AXIS2_PLACEMENT_3D('',#17695,#17696,#17697);
#13584=CARTESIAN_POINT('',(1.13797860024079E-15,4.39145299145315,13.9999999999924));
#13585=CARTESIAN_POINT('',(1.13797860024079E-15,4.39145299145315,13.9999999999924));
#13586=VECTOR('',#17698,1.0);
#13587=AXIS2_PLACEMENT_3D('',#17699,#17700,#17701);
#13588=CARTESIAN_POINT('',(-0.03,4.39034283148764,11.4000035213356));
#13589=CARTESIAN_POINT('',(1.13797860024079E-15,4.39034283148764,11.4000035213356));
#13590=CARTESIAN_POINT('',(-0.0149999999999994,4.39034283148764,11.4000035213356));
#13591=VECTOR('',#17702,1.0);
#13592=CARTESIAN_POINT('',(-0.03,4.21645299145315,11.5749999999997));
#13593=AXIS2_PLACEMENT_3D('',#17703,#17704,#17705);
#13594=CARTESIAN_POINT('',(1.13797860024079E-15,4.21645299145315,11.5749999999997));
#13595=CARTESIAN_POINT('',(1.13797860024079E-15,4.21645299145315,11.5749999999997));
#13596=VECTOR('',#17706,1.0);
#13597=AXIS2_PLACEMENT_3D('',#17707,#17708,#17709);
#13598=CARTESIAN_POINT('',(-0.03,6.75999647866429,11.5738898400342));
#13599=CARTESIAN_POINT('',(1.13797860024079E-15,6.75999647866429,11.5738898400342));
#13600=CARTESIAN_POINT('',(-0.0149999999999994,6.75999647866429,11.5738898400342));
#13601=VECTOR('',#17710,1.0);
#13602=CARTESIAN_POINT('',(-0.03,6.58500000000015,11.3999999999997));
#13603=AXIS2_PLACEMENT_3D('',#17711,#17712,#17713);
#13604=CARTESIAN_POINT('',(1.13797860024079E-15,6.58500000000015,11.3999999999997));
#13605=CARTESIAN_POINT('',(1.13797860024079E-15,6.58500000000015,11.3999999999997));
#13606=VECTOR('',#17714,1.0);
#13607=AXIS2_PLACEMENT_3D('',#17715,#17716,#17717);
#13608=CARTESIAN_POINT('',(1.13797860024079E-15,5.44109587740746,13.3392982568471));
#13609=CARTESIAN_POINT('',(-0.03,5.44109587740746,13.3392982568471));
#13610=CARTESIAN_POINT('',(-0.0149999999999994,5.44109587740746,13.3392982568471));
#13611=VECTOR('',#17718,1.0);
#13612=CARTESIAN_POINT('',(1.13797860024079E-15,5.36867385426015,13.2254237151077));
#13613=AXIS2_PLACEMENT_3D('',#17719,#17720,#17721);
#13614=CARTESIAN_POINT('',(-0.03,5.36867385426015,13.2254237151077));
#13615=CARTESIAN_POINT('',(1.13797860024079E-15,5.36867385426015,13.2254237151077));
#13616=VECTOR('',#17722,1.0);
#13617=AXIS2_PLACEMENT_3D('',#17723,#17724,#17725);
#13618=CARTESIAN_POINT('',(1.13797860024079E-15,7.96317188561584,14.4999899390405));
#13619=CARTESIAN_POINT('',(-0.03,7.96317188561584,14.4999899390405));
#13620=CARTESIAN_POINT('',(-0.0149999999999994,7.96317188561584,14.4999899390405));
#13621=VECTOR('',#17726,1.0);
#13622=CARTESIAN_POINT('',(1.13797860024079E-15,8.46000000000013,14.0000000000001));
#13623=AXIS2_PLACEMENT_3D('',#17727,#17728,#17729);
#13624=CARTESIAN_POINT('',(-0.03,8.46000000000013,14.0000000000001));
#13625=CARTESIAN_POINT('',(1.13797860024079E-15,8.46000000000013,14.0000000000001));
#13626=VECTOR('',#17730,1.0);
#13627=AXIS2_PLACEMENT_3D('',#17731,#17732,#17733);
#13628=CARTESIAN_POINT('',(9.55,-0.229995975616183,9.40126875424637));
#13629=CARTESIAN_POINT('',(0.450000000000004,-0.229995975616172,9.40126875424637));
#13630=CARTESIAN_POINT('',(2.55126575,-0.229995975616172,9.40126875424637));
#13631=VECTOR('',#17734,1.0);
#13632=CARTESIAN_POINT('',(9.55,-0.0300000000001428,9.59999999999995));
#13633=AXIS2_PLACEMENT_3D('',#17735,#17736,#17737);
#13634=CARTESIAN_POINT('',(0.450000000000004,-0.0300000000001322,9.59999999999995));
#13635=CARTESIAN_POINT('',(2.5,-0.0300000000001322,9.59999999999988));
#13636=VECTOR('',#17738,1.0);
#13637=AXIS2_PLACEMENT_3D('',#17739,#17740,#17741);
#13638=CARTESIAN_POINT('',(2.56932600113941,18.0700000000002,2.23160288789453));
#13639=CARTESIAN_POINT('',(2.56932600113941,16.7200000000002,2.23160288789453));
#13640=CARTESIAN_POINT('',(2.56932600113941,17.3950000000002,2.23160288789453));
#13641=VECTOR('',#17742,1.0);
#13642=CARTESIAN_POINT('',(2.43067399886059,18.0700000000002,5.22839711210547));
#13643=AXIS2_PLACEMENT_3D('',#17743,#17744,#17745);
#13644=CARTESIAN_POINT('',(2.43067399886059,16.7200000000002,5.22839711210547));
#13645=CARTESIAN_POINT('',(2.43067399886059,17.3950000000002,5.22839711210547));
#13646=VECTOR('',#17746,1.0);
#13647=CARTESIAN_POINT('',(2.41365395956065,16.7200000000002,5.22751272492104));
#13648=AXIS2_PLACEMENT_3D('',#17747,#17748,#17749);
#13649=AXIS2_PLACEMENT_3D('',#17750,#17751,#17752);
#13650=CARTESIAN_POINT('',(2.45596351937593,15.9850000000002,4.49373148970973));
#13651=CARTESIAN_POINT('',(2.41259586502275,16.7383811764708,5.24586342203019));
#13652=VECTOR('',#17753,1.0);
#13653=CARTESIAN_POINT('',(2.58634604043935,16.7200000000002,2.23248727507896));
#13654=AXIS2_PLACEMENT_3D('',#17754,#17755,#17756);
#13655=CARTESIAN_POINT('',(2.54403648062407,15.9850000000002,2.96626851029027));
#13656=CARTESIAN_POINT('',(2.58740413497725,16.7383811764708,2.21413657796981));
#13657=VECTOR('',#17757,1.0);
#13658=CARTESIAN_POINT('',(2.4646437394189,15.9850000000002,4.49418252717379));
#13659=AXIS2_PLACEMENT_3D('',#17758,#17759,#17760);
#13660=AXIS2_PLACEMENT_3D('',#17761,#17762,#17763);
#13661=CARTESIAN_POINT('',(2.5353562605811,15.9850000000002,2.96581747282621));
#13662=CARTESIAN_POINT('',(2.5353562605811,10.5850000000009,2.96581747282621));
#13663=CARTESIAN_POINT('',(2.5353562605811,13.2850000000005,2.96581747282621));
#13664=VECTOR('',#17764,1.0);
#13665=AXIS2_PLACEMENT_3D('',#17765,#17766,#17767);
#13666=CARTESIAN_POINT('',(2.4646437394189,10.5850000000009,4.49418252717379));
#13667=CARTESIAN_POINT('',(2.4646437394189,13.2850000000005,4.49418252717379));
#13668=VECTOR('',#17768,1.0);
#13669=AXIS2_PLACEMENT_3D('',#17769,#17770,#17771);
#13670=CARTESIAN_POINT('',(2.39885792906445,9.74000000000018,0.816746206100176));
#13671=CARTESIAN_POINT('',(2.39885792906445,18.0700000000002,0.816746206100176));
#13672=CARTESIAN_POINT('',(2.39885792906445,13.9050000000002,0.816746206100176));
#13673=VECTOR('',#17772,1.0);
#13674=CARTESIAN_POINT('',(1.0221637438465,9.74000000000018,1.21500000000015));
#13675=AXIS2_PLACEMENT_3D('',#17773,#17774,#17775);
#13676=CARTESIAN_POINT('',(0.372871654083832,9.74000000000018,1.73000000000002));
#13677=AXIS2_PLACEMENT_3D('',#17776,#17777,#17778);
#13678=CARTESIAN_POINT('',(0.372871654083832,18.0700000000002,1.73000000000002));
#13679=CARTESIAN_POINT('',(0.372871654083832,9.74000000000018,1.73000000000002));
#13680=VECTOR('',#17779,1.0);
#13681=AXIS2_PLACEMENT_3D('',#17780,#17781,#17782);
#13682=CARTESIAN_POINT('',(1.13797860024079E-15,5.69958220399534,13.2266408938745));
#13683=CARTESIAN_POINT('',(-0.03,5.69958220399534,13.2266408938745));
#13684=CARTESIAN_POINT('',(-0.0149999999999994,5.69958220399534,13.2266408938745));
#13685=VECTOR('',#17783,1.0);
#13686=CARTESIAN_POINT('',(1.13797860024079E-15,5.62953466286797,13.3419912414038));
#13687=AXIS2_PLACEMENT_3D('',#17784,#17785,#17786);
#13688=CARTESIAN_POINT('',(-0.03,5.62953466286797,13.3419912414038));
#13689=CARTESIAN_POINT('',(1.13797860024079E-15,5.62953466286795,13.3419912414038));
#13690=VECTOR('',#17787,1.0);
#13691=AXIS2_PLACEMENT_3D('',#17788,#17789,#17790);
#13692=CARTESIAN_POINT('',(-0.03,6.58611015996565,13.9999964786565));
#13693=CARTESIAN_POINT('',(1.13797860024079E-15,6.58611015996565,13.9999964786565));
#13694=CARTESIAN_POINT('',(-0.0149999999999994,6.58611015996565,13.9999964786565));
#13695=VECTOR('',#17791,1.0);
#13696=CARTESIAN_POINT('',(-0.03,6.76000000000015,13.8249999999924));
#13697=AXIS2_PLACEMENT_3D('',#17792,#17793,#17794);
#13698=CARTESIAN_POINT('',(1.13797860024079E-15,6.76000000000015,13.8249999999924));
#13699=CARTESIAN_POINT('',(1.13797860024079E-15,6.76000000000014,13.8249999999924));
#13700=VECTOR('',#17795,1.0);
#13701=AXIS2_PLACEMENT_3D('',#17796,#17797,#17798);
#13702=CARTESIAN_POINT('',(1.13797860024079E-15,5.62956255880643,12.4364292361241));
#13703=CARTESIAN_POINT('',(-0.03,5.62956255880643,12.4364292361241));
#13704=CARTESIAN_POINT('',(-0.0149999999999994,5.62956255880643,12.4364292361241));
#13705=VECTOR('',#17799,1.0);
#13706=CARTESIAN_POINT('',(1.13797860024079E-15,5.70198458195383,12.5503037778635));
#13707=AXIS2_PLACEMENT_3D('',#17800,#17801,#17802);
#13708=CARTESIAN_POINT('',(-0.03,5.70198458195383,12.5503037778635));
#13709=CARTESIAN_POINT('',(1.13797860024079E-15,5.70198458195385,12.5503037778635));
#13710=VECTOR('',#17803,1.0);
#13711=AXIS2_PLACEMENT_3D('',#17804,#17805,#17806);
#13712=CARTESIAN_POINT('',(-0.03,5.34544153358553,12.8790782558255));
#13713=CARTESIAN_POINT('',(1.13797860024079E-15,5.34544153358553,12.8790782558255));
#13714=CARTESIAN_POINT('',(-0.0149999999999994,5.34544153358553,12.8790782558255));
#13715=VECTOR('',#17807,1.0);
#13716=AXIS2_PLACEMENT_3D('',#17808,#17809,#17810);
#13717=AXIS2_PLACEMENT_3D('',#17811,#17812,#17813);
#13718=CARTESIAN_POINT('',(1.13797860024079E-15,0.197495782945919,9.39998432162782));
#13719=CARTESIAN_POINT('',(0.450000000000004,0.197495782945919,9.39998432162782));
#13720=CARTESIAN_POINT('',(0.225000000000003,0.197495782945919,9.39998432162782));
#13721=VECTOR('',#17814,1.0);
#13722=CARTESIAN_POINT('',(1.13797860024079E-15,2.13579154362264E-13,9.2));
#13723=AXIS2_PLACEMENT_3D('',#17815,#17816,#17817);
#13724=CARTESIAN_POINT('',(0.450000000000004,2.13579154362264E-13,9.2));
#13725=CARTESIAN_POINT('',(1.13797860024079E-15,2.11802797522864E-13,9.2));
#13726=VECTOR('',#17818,1.0);
#13727=AXIS2_PLACEMENT_3D('',#17819,#17820,#17821);
#13728=CARTESIAN_POINT('',(1.14491749414469E-15,5.37107623221866,12.5490865990967));
#13729=CARTESIAN_POINT('',(-0.03,5.37107623221866,12.5490865990967));
#13730=CARTESIAN_POINT('',(-0.0149999999999994,5.37107623221866,12.5490865990967));
#13731=VECTOR('',#17822,1.0);
#13732=CARTESIAN_POINT('',(1.13797860024079E-15,5.44112377334596,12.4337362515674));
#13733=AXIS2_PLACEMENT_3D('',#17823,#17824,#17825);
#13734=CARTESIAN_POINT('',(-0.03,5.44112377334596,12.4337362515674));
#13735=CARTESIAN_POINT('',(1.13797860024079E-15,5.44112377334595,12.4337362515674));
#13736=VECTOR('',#17826,1.0);
#13737=AXIS2_PLACEMENT_3D('',#17827,#17828,#17829);
#13738=CARTESIAN_POINT('',(2.40853117371545,7.86839055067152,12.099999999999));
#13739=CARTESIAN_POINT('',(2.40853117371545,7.86839055067152,13.9000000000001));
#13740=CARTESIAN_POINT('',(2.40853117371545,7.86839055067152,12.9999999999995));
#13741=VECTOR('',#17830,1.0);
#13742=CARTESIAN_POINT('',(0.838675227416389,7.27000000000017,12.099999999999));
#13743=AXIS2_PLACEMENT_3D('',#17831,#17832,#17833);
#13744=CARTESIAN_POINT('',(0.838675227416389,7.27000000000017,13.9000000000001));
#13745=CARTESIAN_POINT('',(0.838675227416389,7.27000000000017,12.099999999999));
#13746=VECTOR('',#17834,1.0);
#13747=AXIS2_PLACEMENT_3D('',#17835,#17836,#17837);
#13748=CARTESIAN_POINT('',(1.14144804719274E-15,5.26273463534737,12.0762586327784));
#13749=CARTESIAN_POINT('',(-0.03,5.26273463534737,12.0762586327784));
#13750=CARTESIAN_POINT('',(-0.0149999999999994,5.26273463534737,12.0762586327784));
#13751=VECTOR('',#17838,1.0);
#13752=AXIS2_PLACEMENT_3D('',#17839,#17840,#17841);
#13753=AXIS2_PLACEMENT_3D('',#17842,#17843,#17844);
#13754=CARTESIAN_POINT('',(-1.77635683940025E-15,8.84681083228878,14.4307226738415));
#13755=CARTESIAN_POINT('',(10.0,8.84681083228877,14.4307226738415));
#13756=CARTESIAN_POINT('',(5.0,8.84681083228878,14.4307226738415));
#13757=VECTOR('',#17845,1.0);
#13758=CARTESIAN_POINT('',(1.13797860024079E-15,8.24759791744796,15.0));
#13759=AXIS2_PLACEMENT_3D('',#17846,#17847,#17848);
#13760=CARTESIAN_POINT('',(10.0,8.24759791744795,15.0));
#13761=CARTESIAN_POINT('',(2.5,8.24759791744796,15.0));
#13762=VECTOR('',#17849,1.0);
#13763=AXIS2_PLACEMENT_3D('',#17850,#17851,#17852);
#13764=CARTESIAN_POINT('',(2.59243466818588,3.27213718385955,12.0186751345947));
#13765=CARTESIAN_POINT('',(2.59243466818588,3.27213718385955,15.0));
#13766=CARTESIAN_POINT('',(2.59243466818588,3.27213718385955,13.5093375672974));
#13767=VECTOR('',#17853,1.0);
#13768=CARTESIAN_POINT('',(2.40756533181412,7.2678628161408,12.0186751345947));
#13769=AXIS2_PLACEMENT_3D('',#17854,#17855,#17856);
#13770=CARTESIAN_POINT('',(2.40756533181412,7.2678628161408,15.0));
#13771=CARTESIAN_POINT('',(2.40756533181412,7.2678628161408,13.5093375672974));
#13772=VECTOR('',#17857,1.0);
#13773=AXIS2_PLACEMENT_3D('',#17858,#17859,#17860);
#13774=CARTESIAN_POINT('',(10.0,0.724466417352242,14.8102408912805));
#13775=CARTESIAN_POINT('',(-1.77635683940025E-15,0.724466417352253,14.8102408912805));
#13776=CARTESIAN_POINT('',(5.0,0.724466417352253,14.8102408912805));
#13777=VECTOR('',#17861,1.0);
#13778=CARTESIAN_POINT('',(10.0,0.924204055632505,15.0));
#13779=AXIS2_PLACEMENT_3D('',#17862,#17863,#17864);
#13780=CARTESIAN_POINT('',(1.13797860024079E-15,0.924204055632516,15.0));
#13781=CARTESIAN_POINT('',(2.5,0.924204055632516,15.0));
#13782=VECTOR('',#17865,1.0);
#13783=AXIS2_PLACEMENT_3D('',#17866,#17867,#17868);
#13784=CARTESIAN_POINT('',(7.56932600113942,6.76839711210565,12.0186751345947));
#13785=CARTESIAN_POINT('',(7.56932600113942,6.76839711210564,11.3300001772836));
#13786=CARTESIAN_POINT('',(7.56932600113942,6.76839711210565,11.6743376559391));
#13787=VECTOR('',#17869,1.0);
#13788=CARTESIAN_POINT('',(7.4306739988606,3.7716028878947,12.0186751345947));
#13789=AXIS2_PLACEMENT_3D('',#17870,#17871,#17872);
#13790=CARTESIAN_POINT('',(7.4306739988606,3.77160288789469,11.3300001772836));
#13791=CARTESIAN_POINT('',(7.4306739988606,3.7716028878947,11.6743376559391));
#13792=VECTOR('',#17873,1.0);
#13793=AXIS2_PLACEMENT_3D('',#17874,#17875,#17876);
#13794=CARTESIAN_POINT('',(7.41164025194881,9.74000000000017,0.816332631566675));
#13795=CARTESIAN_POINT('',(7.41164025194881,18.0700000000002,0.816332631566675));
#13796=CARTESIAN_POINT('',(7.41164025194881,13.9050000000002,0.816332631566675));
#13797=VECTOR('',#17877,1.0);
#13798=CARTESIAN_POINT('',(6.02216374384651,9.74000000000018,1.21500000000015));
#13799=AXIS2_PLACEMENT_3D('',#17878,#17879,#17880);
#13800=CARTESIAN_POINT('',(5.37287165408384,9.74000000000018,1.73000000000002));
#13801=AXIS2_PLACEMENT_3D('',#17881,#17882,#17883);
#13802=CARTESIAN_POINT('',(5.37287165408384,18.0700000000002,1.73000000000002));
#13803=CARTESIAN_POINT('',(5.37287165408384,9.74000000000018,1.73000000000002));
#13804=VECTOR('',#17884,1.0);
#13805=AXIS2_PLACEMENT_3D('',#17885,#17886,#17887);
#13806=CARTESIAN_POINT('',(7.59243466818589,3.27213718385955,12.0186751345947));
#13807=CARTESIAN_POINT('',(7.59243466818589,3.27213718385955,15.0));
#13808=CARTESIAN_POINT('',(7.59243466818589,3.27213718385955,13.5093375672974));
#13809=VECTOR('',#17888,1.0);
#13810=CARTESIAN_POINT('',(7.40756533181413,7.26786281614081,12.0186751345947));
#13811=AXIS2_PLACEMENT_3D('',#17889,#17890,#17891);
#13812=CARTESIAN_POINT('',(7.40756533181413,7.26786281614081,15.0));
#13813=CARTESIAN_POINT('',(7.40756533181413,7.2678628161408,13.5093375672974));
#13814=VECTOR('',#17892,1.0);
#13815=AXIS2_PLACEMENT_3D('',#17893,#17894,#17895);
#13816=CARTESIAN_POINT('',(7.53535626058111,15.9850000000002,2.96581747282621));
#13817=CARTESIAN_POINT('',(7.53535626058111,10.5850000000009,2.96581747282621));
#13818=CARTESIAN_POINT('',(7.53535626058111,13.2850000000005,2.96581747282621));
#13819=VECTOR('',#17896,1.0);
#13820=CARTESIAN_POINT('',(7.45596351937594,15.9850000000002,4.49373148970973));
#13821=AXIS2_PLACEMENT_3D('',#17897,#17898,#17899);
#13822=CARTESIAN_POINT('',(7.46464373941891,15.9850000000002,4.49418252717379));
#13823=AXIS2_PLACEMENT_3D('',#17900,#17901,#17902);
#13824=CARTESIAN_POINT('',(7.46464373941891,10.5850000000009,4.49418252717379));
#13825=CARTESIAN_POINT('',(7.46464373941891,13.2850000000005,4.49418252717379));
#13826=VECTOR('',#17903,1.0);
#13827=AXIS2_PLACEMENT_3D('',#17904,#17905,#17906);
#13828=CARTESIAN_POINT('',(7.41365395956066,16.7200000000002,5.22751272492104));
#13829=CARTESIAN_POINT('',(7.41259586502276,16.7383811764708,5.24586342203019));
#13830=VECTOR('',#17907,1.0);
#13831=CARTESIAN_POINT('',(7.4306739988606,16.7200000000002,5.22839711210547));
#13832=AXIS2_PLACEMENT_3D('',#17908,#17909,#17910);
#13833=CARTESIAN_POINT('',(7.58634604043936,16.7200000000002,2.23248727507896));
#13834=AXIS2_PLACEMENT_3D('',#17911,#17912,#17913);
#13835=CARTESIAN_POINT('',(7.54403648062408,15.9850000000002,2.96626851029027));
#13836=CARTESIAN_POINT('',(7.58740413497726,16.7383811764708,2.21413657796981));
#13837=VECTOR('',#17914,1.0);
#13838=AXIS2_PLACEMENT_3D('',#17915,#17916,#17917);
#13839=CARTESIAN_POINT('',(4.4515901025275,0.0251505109769243,2.3639653043366));
#13840=CARTESIAN_POINT('',(4.45159009435647,0.0251505097414751,8.94999999999992));
#13841=CARTESIAN_POINT('',(4.45159009435647,0.0251505097414799,5.58332704407009));
#13842=VECTOR('',#17918,1.0);
#13843=CARTESIAN_POINT('',(4.74821868910679,-0.229999999999995,2.21665408814026));
#13844=CARTESIAN_POINT('',(4.74821868910678,-0.229999999999994,2.21665408814027));
#13845=CARTESIAN_POINT('',(4.73927380821989,-0.229999999999994,2.21665408814027));
#13846=CARTESIAN_POINT('',(4.73032914362367,-0.229599691397476,2.21688520641969));
#13847=CARTESIAN_POINT('',(4.72142002111904,-0.228800654942521,2.21734653033205));
#13848=CARTESIAN_POINT('',(4.71251090250931,-0.228001618836889,2.21780785404273));
#13849=CARTESIAN_POINT('',(4.70363775474266,-0.22680389355572,2.21849936105622));
#13850=CARTESIAN_POINT('',(4.69483562546463,-0.225212209293881,2.21941832039326));
#13851=CARTESIAN_POINT('',(4.68603350368583,-0.223620526388125,2.22033727894736));
#13852=CARTESIAN_POINT('',(4.67730281791986,-0.221634960445956,2.22148364597857));
#13853=CARTESIAN_POINT('',(4.66867806123376,-0.219263354951093,2.22285289304944));
#13854=CARTESIAN_POINT('',(4.66005331511099,-0.2168917523609,2.2242221384433));
#13855=CARTESIAN_POINT('',(4.65153489774155,-0.214134220777172,2.22581420004546));
#13856=CARTESIAN_POINT('',(4.64315647472894,-0.211001656774513,2.22762278671565));
#13857=CARTESIAN_POINT('',(4.63477806461516,-0.207869097594531,2.22943137060146));
#13858=CARTESIAN_POINT('',(4.62654002520121,-0.204361647569201,2.23145639781776));
#13859=CARTESIAN_POINT('',(4.61847492720773,-0.200493172276639,2.23368986306927));
#13860=CARTESIAN_POINT('',(4.61040984361359,-0.196624703890812,2.23592332433318));
#13861=CARTESIAN_POINT('',(4.60251805032498,-0.192395378642658,2.23836512640369));
#13862=CARTESIAN_POINT('',(4.59483076328366,-0.18782192345043,2.24100561199005));
#13863=CARTESIAN_POINT('',(4.58714349128404,-0.183248477207069,2.24364609240977));
#13864=CARTESIAN_POINT('',(4.57966104421804,-0.178331091859881,2.24648514616368));
#13865=CARTESIAN_POINT('',(4.57241303303101,-0.173089224960231,2.24951153942925));
#13866=CARTESIAN_POINT('',(4.56516503672068,-0.167847368819627,2.25253792648308));
#13867=CARTESIAN_POINT('',(4.55815176331251,-0.162281240114175,2.25575153238951));
#13868=CARTESIAN_POINT('',(4.55140098040963,-0.156412874066826,2.25913963510665));
#13869=CARTESIAN_POINT('',(4.5446502115194,-0.150544520200488,2.26252773079108));
#13870=CARTESIAN_POINT('',(4.53816218809873,-0.144374152187389,2.26609019442444));
#13871=CARTESIAN_POINT('',(4.5319626100959,-0.137926208763685,2.26981291629584));
#13872=CARTESIAN_POINT('',(4.52576304468926,-0.131478278440789,2.27353563060347));
#13873=CARTESIAN_POINT('',(4.51985214802414,-0.124753006668219,2.27741846807174));
#13874=CARTESIAN_POINT('',(4.51425334417891,-0.117777041655212,2.28144604334985));
#13875=CARTESIAN_POINT('',(4.50865455112766,-0.110801090091223,2.28547361086318));
#13876=CARTESIAN_POINT('',(4.50336804355312,-0.103574687137723,2.28964577655365));
#13877=CARTESIAN_POINT('',(4.49841477946232,-0.0961264781012982,2.29394600204581));
#13878=CARTESIAN_POINT('',(4.49346152414893,-0.088678282263442,2.29824621991777));
#13879=CARTESIAN_POINT('',(4.48884167560401,-0.0810085277768051,2.30267435473525));
#13880=CARTESIAN_POINT('',(4.48457355530819,-0.0731476280778766,2.30721284729249));
#13881=CARTESIAN_POINT('',(4.48030544172321,-0.0652867407387739,2.31175133271379));
#13882=CARTESIAN_POINT('',(4.47638919172092,-0.0572349594257028,2.31640003082235));
#13883=CARTESIAN_POINT('',(4.47284034107505,-0.0490242220529604,2.32114050225474));
#13884=CARTESIAN_POINT('',(4.46929149517262,-0.0408134956548027,2.32588096735096));
#13885=CARTESIAN_POINT('',(4.46611015740487,-0.0324440669208169,2.33071305928349));
#13886=CARTESIAN_POINT('',(4.46330895124622,-0.023949141945119,2.33561760650495));
#13887=CARTESIAN_POINT('',(4.46050774809154,-0.015454226079271,2.34052214846684));
#13888=CARTESIAN_POINT('',(4.45808676002868,-0.00683406924340152,2.34549899833648));
#13889=CARTESIAN_POINT('',(4.45605559532358,0.00187712108969401,2.35052840642026));
#13890=CARTESIAN_POINT('',(4.45426137544454,0.00957211048492187,2.354971110619));
#13891=CARTESIAN_POINT('',(4.45277138103717,0.0173379334400603,2.35945471059263));
#13892=CARTESIAN_POINT('',(4.4515901025275,0.0251505109769261,2.3639653043366));
#13893=CARTESIAN_POINT('',(4.74821868910679,-0.229999999999998,8.94999999999992));
#13894=CARTESIAN_POINT('',(4.74821868910678,-0.229999999999994,2.21665408814026));
#13895=VECTOR('',#17919,1.0);
#13896=AXIS2_PLACEMENT_3D('',#17920,#17921,#17922);
#13897=CARTESIAN_POINT('',(5.25491160754645,-0.229983660195398,2.21666352193084));
#13898=CARTESIAN_POINT('',(5.25491160763092,-0.22998366829268,8.94999999999992));
#13899=CARTESIAN_POINT('',(5.25491160763093,-0.229983668292675,5.58332704407009));
#13900=VECTOR('',#17923,1.0);
#13901=CARTESIAN_POINT('',(5.54886173151571,0.0282480697119909,2.36575368070612));
#13902=CARTESIAN_POINT('',(5.54886173151571,0.0282480697119909,2.36575368070612));
#13903=CARTESIAN_POINT('',(5.54761684829939,0.0193902653666714,2.36063962498292));
#13904=CARTESIAN_POINT('',(5.5459755677835,0.0105883045691663,2.35555781054708));
#13905=CARTESIAN_POINT('',(5.54394440467644,0.00187712108969865,2.35052840642026));
#13906=CARTESIAN_POINT('',(5.54191323997133,-0.00683406924339675,2.34549899833648));
#13907=CARTESIAN_POINT('',(5.53949225190847,-0.0154542260792661,2.34052214846684));
#13908=CARTESIAN_POINT('',(5.5366910487538,-0.0239491419451141,2.33561760650495));
#13909=CARTESIAN_POINT('',(5.53388984259515,-0.0324440669208137,2.33071305928349));
#13910=CARTESIAN_POINT('',(5.5307085048274,-0.0408134956547972,2.32588096735096));
#13911=CARTESIAN_POINT('',(5.52715965892497,-0.0490242220529555,2.32114050225474));
#13912=CARTESIAN_POINT('',(5.52361080827909,-0.0572349594256981,2.31640003082235));
#13913=CARTESIAN_POINT('',(5.51969455827681,-0.0652867407387692,2.31175133271379));
#13914=CARTESIAN_POINT('',(5.51542644469183,-0.0731476280778716,2.30721284729249));
#13915=CARTESIAN_POINT('',(5.51115832439601,-0.0810085277767995,2.30267435473525));
#13916=CARTESIAN_POINT('',(5.50653847585108,-0.0886782822634371,2.29824621991777));
#13917=CARTESIAN_POINT('',(5.5015852205377,-0.096126478101293,2.29394600204581));
#13918=CARTESIAN_POINT('',(5.49663195644689,-0.103574687137719,2.28964577655365));
#13919=CARTESIAN_POINT('',(5.49134544887235,-0.110801090091218,2.28547361086318));
#13920=CARTESIAN_POINT('',(5.4857466558211,-0.117777041655207,2.28144604334985));
#13921=CARTESIAN_POINT('',(5.48014785197587,-0.124753006668217,2.27741846807174));
#13922=CARTESIAN_POINT('',(5.47423695531076,-0.131478278440782,2.27353563060347));
#13923=CARTESIAN_POINT('',(5.46803738990411,-0.13792620876368,2.26981291629584));
#13924=CARTESIAN_POINT('',(5.46183781190128,-0.144374152187384,2.26609019442444));
#13925=CARTESIAN_POINT('',(5.45534978848062,-0.150544520200483,2.26252773079108));
#13926=CARTESIAN_POINT('',(5.44859901959039,-0.15641287406682,2.25913963510665));
#13927=CARTESIAN_POINT('',(5.44184823668751,-0.16228124011417,2.25575153238951));
#13928=CARTESIAN_POINT('',(5.43483496327934,-0.16784736881962,2.25253792648308));
#13929=CARTESIAN_POINT('',(5.427586966969,-0.173089224960226,2.24951153942925));
#13930=CARTESIAN_POINT('',(5.42033895578197,-0.178331091859875,2.24648514616368));
#13931=CARTESIAN_POINT('',(5.41285650871598,-0.183248477207063,2.24364609240977));
#13932=CARTESIAN_POINT('',(5.40516923671635,-0.187821923450424,2.24100561199005));
#13933=CARTESIAN_POINT('',(5.39748194967503,-0.192395378642653,2.23836512640369));
#13934=CARTESIAN_POINT('',(5.38959015638643,-0.196624703890806,2.23592332433318));
#13935=CARTESIAN_POINT('',(5.38152507279229,-0.200493172276633,2.23368986306927));
#13936=CARTESIAN_POINT('',(5.3734599747988,-0.204361647569195,2.23145639781776));
#13937=CARTESIAN_POINT('',(5.36522193538485,-0.207869097594526,2.22943137060146));
#13938=CARTESIAN_POINT('',(5.35684352527108,-0.211001656774508,2.22762278671565));
#13939=CARTESIAN_POINT('',(5.34846510225846,-0.214134220777166,2.22581420004546));
#13940=CARTESIAN_POINT('',(5.33994668488902,-0.216891752360895,2.2242221384433));
#13941=CARTESIAN_POINT('',(5.33132193876626,-0.219263354951087,2.22285289304944));
#13942=CARTESIAN_POINT('',(5.32269718208016,-0.22163496044595,2.22148364597857));
#13943=CARTESIAN_POINT('',(5.31396649631418,-0.22362052638812,2.22033727894736));
#13944=CARTESIAN_POINT('',(5.30516437453539,-0.225212209293876,2.21941832039326));
#13945=CARTESIAN_POINT('',(5.29636224525735,-0.226803893555715,2.21849936105622));
#13946=CARTESIAN_POINT('',(5.28748909749071,-0.228001618836883,2.21780785404273));
#13947=CARTESIAN_POINT('',(5.27857997888097,-0.228800654942515,2.21734653033205));
#13948=CARTESIAN_POINT('',(5.27071013888065,-0.229506480802655,2.2169390215817));
#13949=CARTESIAN_POINT('',(5.26281256536473,-0.229901179077779,2.21671114242631));
#13950=CARTESIAN_POINT('',(5.25491160754645,-0.229983660195398,2.21666352193085));
#13951=CARTESIAN_POINT('',(5.54886173151569,0.028248069711982,8.94999999999992));
#13952=CARTESIAN_POINT('',(5.54886173151571,0.0282480697119904,2.36575368070612));
#13953=VECTOR('',#17924,1.0);
#13954=AXIS2_PLACEMENT_3D('',#17925,#17926,#17927);
#13955=CARTESIAN_POINT('',(7.56932600113942,18.0700000000002,2.23160288789453));
#13956=CARTESIAN_POINT('',(7.56932600113942,16.7200000000002,2.23160288789453));
#13957=CARTESIAN_POINT('',(7.56932600113942,17.3950000000002,2.23160288789453));
#13958=VECTOR('',#17928,1.0);
#13959=CARTESIAN_POINT('',(7.4306739988606,18.0700000000002,5.22839711210547));
#13960=AXIS2_PLACEMENT_3D('',#17929,#17930,#17931);
#13961=CARTESIAN_POINT('',(7.4306739988606,17.3950000000002,5.22839711210547));
#13962=VECTOR('',#17932,1.0);
#13963=AXIS2_PLACEMENT_3D('',#17933,#17934,#17935);
#13964=CARTESIAN_POINT('',(7.45174123420416,7.86955209440486,12.099999999999));
#13965=CARTESIAN_POINT('',(7.45174123420416,7.86955209440488,13.9000000000001));
#13966=CARTESIAN_POINT('',(7.45174123420416,7.86955209440488,12.9999999999995));
#13967=VECTOR('',#17936,1.0);
#13968=CARTESIAN_POINT('',(5.10000000000001,6.27000000000018,12.099999999999));
#13969=AXIS2_PLACEMENT_3D('',#17937,#17938,#17939);
#13970=CARTESIAN_POINT('',(5.10000000000001,6.27000000000018,13.9000000000001));
#13971=CARTESIAN_POINT('',(5.10000000000001,6.27000000000018,12.099999999999));
#13972=VECTOR('',#17940,1.0);
#13973=AXIS2_PLACEMENT_3D('',#17941,#17942,#17943);
#13974=CARTESIAN_POINT('',(4.99999999999993,9.54126534386366,7.84272047664044));
#13975=CARTESIAN_POINT('',(3.4,9.54126534386366,7.84272047664044));
#13976=CARTESIAN_POINT('',(4.19999999999997,9.54126534386366,7.84272047664044));
#13977=VECTOR('',#17944,1.0);
#13978=CARTESIAN_POINT('',(4.99999999999993,9.73999658961737,7.64272450102428));
#13979=AXIS2_PLACEMENT_3D('',#17945,#17946,#17947);
#13980=CARTESIAN_POINT('',(3.4,9.73999658961737,7.64272450102428));
#13981=CARTESIAN_POINT('',(5.00000000000001,9.73999658961737,7.64272450102428));
#13982=VECTOR('',#17948,1.0);
#13983=AXIS2_PLACEMENT_3D('',#17949,#17950,#17951);
#13984=CARTESIAN_POINT('',(4.99999999999993,13.0553965191296,9.66389349227572));
#13985=CARTESIAN_POINT('',(3.4,13.0553965191296,9.66389349227572));
#13986=CARTESIAN_POINT('',(4.2,13.0553965191296,9.66389349227572));
#13987=VECTOR('',#17952,1.0);
#13988=CARTESIAN_POINT('',(5.00000000000002,13.3613064647848,9.47858707779898));
#13989=AXIS2_PLACEMENT_3D('',#17953,#17954,#17955);
#13990=CARTESIAN_POINT('',(3.40000000000001,13.3613064647845,9.47858707779875));
#13991=CARTESIAN_POINT('',(5.00000000000002,13.3613064647848,9.47858707779898));
#13992=VECTOR('',#17956,1.0);
#13993=AXIS2_PLACEMENT_3D('',#17957,#17958,#17959);
#13994=CARTESIAN_POINT('',(3.4,13.046278802691,8.02592743820796));
#13995=CARTESIAN_POINT('',(4.99999999999993,13.046278802691,8.02592743820796));
#13996=CARTESIAN_POINT('',(4.19999999999997,13.046278802691,8.02592743820796));
#13997=VECTOR('',#17960,1.0);
#13998=CARTESIAN_POINT('',(3.4,13.4042606583284,7.9823223788651));
#13999=AXIS2_PLACEMENT_3D('',#17961,#17962,#17963);
#14000=CARTESIAN_POINT('',(4.99999999999993,13.4042606583284,7.98232237886509));
#14001=CARTESIAN_POINT('',(3.4,13.4042606583284,7.98232237886509));
#14002=VECTOR('',#17964,1.0);
#14003=AXIS2_PLACEMENT_3D('',#17965,#17966,#17967);
#14004=CARTESIAN_POINT('',(3.4,9.46894359911118,10.4987916312595));
#14005=CARTESIAN_POINT('',(4.99999999999993,9.46894359911118,10.4987916312595));
#14006=CARTESIAN_POINT('',(4.19999999999997,9.46894359911118,10.4987916312595));
#14007=VECTOR('',#17968,1.0);
#14008=CARTESIAN_POINT('',(3.4,9.2400000000002,10.7888255294288));
#14009=AXIS2_PLACEMENT_3D('',#17969,#17970,#17971);
#14010=CARTESIAN_POINT('',(4.99999999999993,9.2400000000002,10.7888255294288));
#14011=CARTESIAN_POINT('',(4.19999999999997,9.2400000000002,10.7888255294285));
#14012=VECTOR('',#17972,1.0);
#14013=AXIS2_PLACEMENT_3D('',#17973,#17974,#17975);
#14014=CARTESIAN_POINT('',(3.4,9.53809345824794,7.84273053760003));
#14015=CARTESIAN_POINT('',(4.99999999999993,9.53809345824794,7.84273053760003));
#14016=CARTESIAN_POINT('',(4.19999999999997,9.53809345824794,7.84273053760003));
#14017=VECTOR('',#17976,1.0);
#14018=CARTESIAN_POINT('',(3.4,9.2400000000002,8.14129404024019));
#14019=AXIS2_PLACEMENT_3D('',#17977,#17978,#17979);
#14020=CARTESIAN_POINT('',(4.99999999999993,9.2400000000002,8.14129404024019));
#14021=CARTESIAN_POINT('',(4.19999999999997,9.2400000000002,8.14129404023991));
#14022=VECTOR('',#17980,1.0);
#14023=AXIS2_PLACEMENT_3D('',#17981,#17982,#17983);
#14024=CARTESIAN_POINT('',(4.99999999999993,9.55154753288182,8.44264658375069));
#14025=CARTESIAN_POINT('',(3.4,9.55154753288182,8.44264658375069));
#14026=CARTESIAN_POINT('',(4.19999999999997,9.55154753288182,8.44264658375069));
#14027=VECTOR('',#17984,1.0);
#14028=CARTESIAN_POINT('',(4.99999999999993,9.2400000000002,8.14429950082996));
#14029=AXIS2_PLACEMENT_3D('',#17985,#17986,#17987);
#14030=CARTESIAN_POINT('',(3.4,9.2400000000002,8.14429950082995));
#14031=CARTESIAN_POINT('',(4.19999999999997,9.2400000000002,8.1442995008299));
#14032=VECTOR('',#17988,1.0);
#14033=AXIS2_PLACEMENT_3D('',#17989,#17990,#17991);
#14034=CARTESIAN_POINT('',(10.0,8.29998993904062,14.0031718856157));
#14035=CARTESIAN_POINT('',(10.03,8.29998993904062,14.0031718856157));
#14036=CARTESIAN_POINT('',(10.015,8.29998993904062,14.0031718856157));
#14037=VECTOR('',#17992,1.0);
#14038=CARTESIAN_POINT('',(10.0,7.8000000000002,14.5));
#14039=AXIS2_PLACEMENT_3D('',#17993,#17994,#17995);
#14040=CARTESIAN_POINT('',(10.03,7.8000000000002,14.5));
#14041=CARTESIAN_POINT('',(10.0,7.8000000000002,14.5));
#14042=VECTOR('',#17996,1.0);
#14043=AXIS2_PLACEMENT_3D('',#17997,#17998,#17999);
#14044=CARTESIAN_POINT('',(10.0,7.80317188561592,9.00001006095959));
#14045=CARTESIAN_POINT('',(10.03,7.80317188561592,9.00001006095959));
#14046=CARTESIAN_POINT('',(10.015,7.80317188561592,9.00001006095959));
#14047=VECTOR('',#18000,1.0);
#14048=CARTESIAN_POINT('',(10.0,8.3000000000002,9.50000000000001));
#14049=AXIS2_PLACEMENT_3D('',#18001,#18002,#18003);
#14050=CARTESIAN_POINT('',(10.03,8.3000000000002,9.50000000000001));
#14051=CARTESIAN_POINT('',(10.0,8.3000000000002,9.50000000000001));
#14052=VECTOR('',#18004,1.0);
#14053=AXIS2_PLACEMENT_3D('',#18005,#18006,#18007);
#14054=CARTESIAN_POINT('',(10.0,1.70001006095978,9.49682811438429));
#14055=CARTESIAN_POINT('',(10.03,1.70001006095978,9.49682811438429));
#14056=CARTESIAN_POINT('',(10.015,1.70001006095978,9.49682811438429));
#14057=VECTOR('',#18008,1.0);
#14058=CARTESIAN_POINT('',(10.0,2.2000000000002,9.00000000000001));
#14059=AXIS2_PLACEMENT_3D('',#18009,#18010,#18011);
#14060=CARTESIAN_POINT('',(10.03,2.2000000000002,9.00000000000001));
#14061=CARTESIAN_POINT('',(10.0,2.2000000000002,9.00000000000001));
#14062=VECTOR('',#18012,1.0);
#14063=AXIS2_PLACEMENT_3D('',#18013,#18014,#18015);
#14064=CARTESIAN_POINT('',(10.0,2.19682811438448,14.4999899390404));
#14065=CARTESIAN_POINT('',(10.03,2.19682811438448,14.4999899390404));
#14066=CARTESIAN_POINT('',(10.015,2.19682811438448,14.4999899390404));
#14067=VECTOR('',#18016,1.0);
#14068=CARTESIAN_POINT('',(10.0,1.7000000000002,14.0));
#14069=AXIS2_PLACEMENT_3D('',#18017,#18018,#18019);
#14070=CARTESIAN_POINT('',(10.03,1.7000000000002,14.0));
#14071=CARTESIAN_POINT('',(10.0,1.7000000000002,14.0));
#14072=VECTOR('',#18020,1.0);
#14073=AXIS2_PLACEMENT_3D('',#18021,#18022,#18023);
#14074=CARTESIAN_POINT('',(9.55,0.198731245753915,9.39999597561615));
#14075=CARTESIAN_POINT('',(10.0,0.198731245753915,9.39999597561615));
#14076=CARTESIAN_POINT('',(9.775,0.198731245753915,9.39999597561615));
#14077=VECTOR('',#18024,1.0);
#14078=CARTESIAN_POINT('',(9.55,2.02921013325863E-13,9.19999999999998));
#14079=AXIS2_PLACEMENT_3D('',#18025,#18026,#18027);
#14080=CARTESIAN_POINT('',(10.0,2.02921013325863E-13,9.19999999999998));
#14081=CARTESIAN_POINT('',(10.0,2.02921013325863E-13,9.19999999999998));
#14082=VECTOR('',#18028,1.0);
#14083=AXIS2_PLACEMENT_3D('',#18029,#18030,#18031);
#14084=CARTESIAN_POINT('',(10.0,0.496828114384485,2.49998993904042));
#14085=CARTESIAN_POINT('',(10.03,0.496828114384485,2.49998993904042));
#14086=CARTESIAN_POINT('',(10.015,0.496828114384485,2.49998993904042));
#14087=VECTOR('',#18032,1.0);
#14088=CARTESIAN_POINT('',(10.0,2.02921013325863E-13,2.0));
#14089=AXIS2_PLACEMENT_3D('',#18033,#18034,#18035);
#14090=CARTESIAN_POINT('',(10.03,2.02921013325863E-13,2.0));
#14091=CARTESIAN_POINT('',(10.0,2.02921013325863E-13,2.0));
#14092=VECTOR('',#18036,1.0);
#14093=AXIS2_PLACEMENT_3D('',#18037,#18038,#18039);
#14094=CARTESIAN_POINT('',(10.0,8.83998993904062,2.00317188561572));
#14095=CARTESIAN_POINT('',(10.03,8.83998993904062,2.00317188561572));
#14096=CARTESIAN_POINT('',(10.015,8.83998993904062,2.00317188561572));
#14097=VECTOR('',#18040,1.0);
#14098=CARTESIAN_POINT('',(10.0,8.3400000000002,2.5));
#14099=AXIS2_PLACEMENT_3D('',#18041,#18042,#18043);
#14100=CARTESIAN_POINT('',(10.03,8.3400000000002,2.5));
#14101=CARTESIAN_POINT('',(10.0,8.3400000000002,2.5));
#14102=VECTOR('',#18044,1.0);
#14103=AXIS2_PLACEMENT_3D('',#18045,#18046,#18047);
#14104=CARTESIAN_POINT('',(10.0,8.34317188561592,0.500010060959582));
#14105=CARTESIAN_POINT('',(10.03,8.34317188561592,0.500010060959582));
#14106=CARTESIAN_POINT('',(10.015,8.34317188561592,0.500010060959582));
#14107=VECTOR('',#18048,1.0);
#14108=CARTESIAN_POINT('',(10.0,8.8400000000002,1.0));
#14109=AXIS2_PLACEMENT_3D('',#18049,#18050,#18051);
#14110=CARTESIAN_POINT('',(10.03,8.8400000000002,1.0));
#14111=CARTESIAN_POINT('',(10.0,8.8400000000002,1.0));
#14112=VECTOR('',#18052,1.0);
#14113=AXIS2_PLACEMENT_3D('',#18053,#18054,#18055);
#14114=CARTESIAN_POINT('',(10.0,1.00609597850632E-05,0.996828114384282));
#14115=CARTESIAN_POINT('',(10.03,1.00609597850632E-05,0.996828114384282));
#14116=CARTESIAN_POINT('',(10.015,1.00609597851742E-05,0.996828114384282));
#14117=VECTOR('',#18056,1.0);
#14118=CARTESIAN_POINT('',(10.0,0.500000000000203,0.5));
#14119=AXIS2_PLACEMENT_3D('',#18057,#18058,#18059);
#14120=CARTESIAN_POINT('',(10.03,0.500000000000203,0.5));
#14121=CARTESIAN_POINT('',(10.0,0.500000000000203,0.5));
#14122=VECTOR('',#18060,1.0);
#14123=AXIS2_PLACEMENT_3D('',#18061,#18062,#18063);
#14124=CARTESIAN_POINT('',(9.55,3.00000000000003,0.585407954662998));
#14125=CARTESIAN_POINT('',(9.55,2.99999999999999,0.199999999999827));
#14126=CARTESIAN_POINT('',(9.55,3.00000000000003,0.585407954662998));
#14127=VECTOR('',#18064,1.0);
#14128=CARTESIAN_POINT('',(9.55,3.25000000000015,0.572306009842228));
#14129=CARTESIAN_POINT('',(9.55,3.25000000000015,0.572306009842227));
#14130=VECTOR('',#18065,1.0);
#14131=CARTESIAN_POINT('',(9.55,3.25000000000015,0.0));
#14132=CARTESIAN_POINT('',(9.55,3.25000000000015,0.0));
#14133=VECTOR('',#18066,1.0);
#14134=CARTESIAN_POINT('',(9.55,2.02921013325863E-13,0.0));
#14135=CARTESIAN_POINT('',(9.55,3.25000000000015,0.0));
#14136=VECTOR('',#18067,1.0);
#14137=CARTESIAN_POINT('',(9.55,2.02921013325863E-13,0.20000000000053));
#14138=CARTESIAN_POINT('',(9.55,2.02921013325863E-13,0.0));
#14139=VECTOR('',#18068,1.0);
#14140=CARTESIAN_POINT('',(9.55,2.99999999999999,0.199999999999827));
#14141=VECTOR('',#18069,1.0);
#14142=CARTESIAN_POINT('',(9.55,2.02921013325863E-13,9.19999999999998));
#14143=VECTOR('',#18070,1.0);
#14144=CARTESIAN_POINT('',(10.0,2.02921013325863E-13,0.0));
#14145=CARTESIAN_POINT('',(9.55,2.02921013325863E-13,0.0));
#14146=VECTOR('',#18071,1.0);
#14147=CARTESIAN_POINT('',(10.0,2.02921013325863E-13,1.0));
#14148=CARTESIAN_POINT('',(10.0,2.02921013325863E-13,0.0));
#14149=VECTOR('',#18072,1.0);
#14150=CARTESIAN_POINT('',(10.03,2.02921013325863E-13,1.0));
#14151=CARTESIAN_POINT('',(10.0,2.02921013325863E-13,1.0));
#14152=VECTOR('',#18073,1.0);
#14153=CARTESIAN_POINT('',(10.03,2.02921013325863E-13,1.0));
#14154=VECTOR('',#18074,1.0);
#14155=CARTESIAN_POINT('',(10.0,2.02921013325863E-13,2.0));
#14156=VECTOR('',#18075,1.0);
#14157=CARTESIAN_POINT('',(10.0,0.500000000000203,2.5));
#14158=AXIS2_PLACEMENT_3D('',#18076,#18077,#18078);
#14159=CARTESIAN_POINT('',(10.0,0.500000000000203,2.5));
#14160=VECTOR('',#18079,1.0);
#14161=CARTESIAN_POINT('',(10.0,8.8400000000002,2.0));
#14162=AXIS2_PLACEMENT_3D('',#18080,#18081,#18082);
#14163=CARTESIAN_POINT('',(10.0,8.8400000000002,2.0));
#14164=VECTOR('',#18083,1.0);
#14165=CARTESIAN_POINT('',(10.0,8.3400000000002,0.5));
#14166=AXIS2_PLACEMENT_3D('',#18084,#18085,#18086);
#14167=CARTESIAN_POINT('',(10.0,8.3400000000002,0.5));
#14168=VECTOR('',#18087,1.0);
#14169=AXIS2_PLACEMENT_3D('',#18088,#18089,#18090);
#14170=CARTESIAN_POINT('',(10.0,8.87000000000016,0.0));
#14171=CARTESIAN_POINT('',(10.0,8.87000000000016,0.0));
#14172=VECTOR('',#18091,1.0);
#14173=CARTESIAN_POINT('',(10.0,8.87000000000016,1.21500000000015));
#14174=CARTESIAN_POINT('',(10.0,8.87000000000016,1.21500000000015));
#14175=VECTOR('',#18092,1.0);
#14176=CARTESIAN_POINT('',(10.0,9.74000000000017,1.21500000000015));
#14177=CARTESIAN_POINT('',(10.0,9.74000000000017,1.21500000000015));
#14178=VECTOR('',#18093,1.0);
#14179=CARTESIAN_POINT('',(10.0,9.74000000000017,1.73000000000002));
#14180=CARTESIAN_POINT('',(10.0,9.74000000000017,1.73000000000002));
#14181=VECTOR('',#18094,1.0);
#14182=CARTESIAN_POINT('',(10.0,18.0700000000002,1.73000000000002));
#14183=CARTESIAN_POINT('',(10.0,18.0700000000002,1.73000000000002));
#14184=VECTOR('',#18095,1.0);
#14185=CARTESIAN_POINT('',(10.0,18.0700000000002,6.64499999999998));
#14186=CARTESIAN_POINT('',(10.0,18.0700000000002,6.64499999999998));
#14187=VECTOR('',#18096,1.0);
#14188=CARTESIAN_POINT('',(10.0,9.74000000000018,6.64499999999998));
#14189=CARTESIAN_POINT('',(10.0,9.74000000000018,6.64499999999998));
#14190=VECTOR('',#18097,1.0);
#14191=CARTESIAN_POINT('',(10.0,9.24000000000019,7.51102540378439));
#14192=CARTESIAN_POINT('',(10.0,9.74000000000018,6.64499999999998));
#14193=VECTOR('',#18098,0.999999999999999);
#14194=CARTESIAN_POINT('',(10.0,9.24000000000019,10.8628720776906));
#14195=CARTESIAN_POINT('',(10.0,9.24000000000019,7.51102540378439));
#14196=VECTOR('',#18099,1.0);
#14197=CARTESIAN_POINT('',(10.0,8.87000000000016,12.099999999999));
#14198=CARTESIAN_POINT('',(10.0,8.87000000000016,12.099999999999));
#14199=VECTOR('',#18100,1.0);
#14200=CARTESIAN_POINT('',(10.0,8.87000000000016,13.9000000000007));
#14201=CARTESIAN_POINT('',(10.0,8.87000000000016,13.9000000000007));
#14202=VECTOR('',#18101,1.0);
#14203=CARTESIAN_POINT('',(10.0,8.84702685039706,14.4261716324192));
#14204=CARTESIAN_POINT('',(10.0,8.84702685039706,14.4261716324192));
#14205=VECTOR('',#18102,1.0);
#14206=AXIS2_PLACEMENT_3D('',#18103,#18104,#18105);
#14207=CARTESIAN_POINT('',(10.0,0.924204055632505,15.0));
#14208=VECTOR('',#18106,1.0);
#14209=CARTESIAN_POINT('',(10.0,0.724394411316141,14.8087238774731));
#14210=AXIS2_PLACEMENT_3D('',#18107,#18108,#18109);
#14211=CARTESIAN_POINT('',(10.0,0.700000000000174,14.2500000000001));
#14212=CARTESIAN_POINT('',(10.0,0.700000000000174,14.2500000000001));
#14213=VECTOR('',#18110,1.0);
#14214=CARTESIAN_POINT('',(10.0,1.08590027117853,14.0272003745549));
#14215=CARTESIAN_POINT('',(10.0,1.08590027117853,14.0272003745549));
#14216=VECTOR('',#18111,0.999999999999999);
#14217=CARTESIAN_POINT('',(10.0,0.270000000000171,9.39999999999998));
#14218=CARTESIAN_POINT('',(10.0,1.08590027117853,14.0272003745549));
#14219=VECTOR('',#18112,1.0);
#14220=CARTESIAN_POINT('',(10.0,0.200000000000202,9.39999999999998));
#14221=CARTESIAN_POINT('',(10.0,0.270000000000172,9.39999999999998));
#14222=VECTOR('',#18113,1.0);
#14223=AXIS2_PLACEMENT_3D('',#18114,#18115,#18116);
#14224=CARTESIAN_POINT('',(10.0,2.2000000000002,14.5));
#14225=CARTESIAN_POINT('',(10.0,7.8000000000002,14.5));
#14226=VECTOR('',#18117,1.0);
#14227=CARTESIAN_POINT('',(10.0,8.3000000000002,14.0));
#14228=AXIS2_PLACEMENT_3D('',#18118,#18119,#18120);
#14229=CARTESIAN_POINT('',(10.0,8.3000000000002,9.50000000000001));
#14230=VECTOR('',#18121,1.0);
#14231=CARTESIAN_POINT('',(10.0,7.8000000000002,9.00000000000001));
#14232=AXIS2_PLACEMENT_3D('',#18122,#18123,#18124);
#14233=CARTESIAN_POINT('',(10.0,2.2000000000002,9.00000000000001));
#14234=VECTOR('',#18125,1.0);
#14235=CARTESIAN_POINT('',(10.0,1.7000000000002,9.50000000000001));
#14236=AXIS2_PLACEMENT_3D('',#18126,#18127,#18128);
#14237=CARTESIAN_POINT('',(10.0,1.7000000000002,14.0));
#14238=VECTOR('',#18129,1.0);
#14239=AXIS2_PLACEMENT_3D('',#18130,#18131,#18132);
#14240=CARTESIAN_POINT('',(9.16132477258361,7.27000000000016,12.099999999999));
#14241=CARTESIAN_POINT('',(9.16132477258362,7.27000000000016,13.9000000000001));
#14242=CARTESIAN_POINT('',(9.16132477258362,7.27000000000016,12.099999999999));
#14243=VECTOR('',#18133,1.0);
#14244=CARTESIAN_POINT('',(9.465,7.27000000000016,13.9000000000001));
#14245=CARTESIAN_POINT('',(9.16132477258362,7.27000000000016,13.9000000000001));
#14246=VECTOR('',#18134,1.0);
#14247=CARTESIAN_POINT('',(9.465,7.27000000000016,12.099999999999));
#14248=CARTESIAN_POINT('',(9.465,7.27000000000016,12.099999999999));
#14249=VECTOR('',#18135,1.0);
#14250=CARTESIAN_POINT('',(9.465,7.27000000000016,12.099999999999));
#14251=VECTOR('',#18136,1.0);
#14252=CARTESIAN_POINT('',(8.7550000000001,18.0700000000002,6.64499999999998));
#14253=CARTESIAN_POINT('',(8.9900000000001,18.0700000000002,5.96500000000015));
#14254=CARTESIAN_POINT('',(8.7550000000001,18.0700000000002,6.64499999999998));
#14255=VECTOR('',#18137,1.0);
#14256=CARTESIAN_POINT('',(8.99000000000009,9.74000000000017,5.96500000000015));
#14257=CARTESIAN_POINT('',(8.99000000000009,9.74000000000017,5.96500000000015));
#14258=VECTOR('',#18138,1.0);
#14259=CARTESIAN_POINT('',(8.7550000000001,9.74000000000018,6.64499999999998));
#14260=CARTESIAN_POINT('',(8.75500000000009,9.74000000000017,6.645));
#14261=VECTOR('',#18139,1.0);
#14262=CARTESIAN_POINT('',(8.7550000000001,9.74000000000018,6.64499999999998));
#14263=VECTOR('',#18140,1.0);
#14264=CARTESIAN_POINT('',(8.49999999999999,1.26505317626209,0.200000000000233));
#14265=CARTESIAN_POINT('',(8.49999999999999,2.27082024582703,0.199999999999997));
#14266=CARTESIAN_POINT('',(8.49999999999999,1.26505317626209,0.200000000000233));
#14267=VECTOR('',#18141,1.0);
#14268=CARTESIAN_POINT('',(8.49999999999999,1.26505317626213,0.40000000000023));
#14269=CARTESIAN_POINT('',(8.49999999999999,1.26505317626209,0.200000000000229));
#14270=VECTOR('',#18142,1.0);
#14271=CARTESIAN_POINT('',(8.49999999999999,2.27082024582708,0.399999999999993));
#14272=CARTESIAN_POINT('',(8.49999999999999,1.26505317626214,0.40000000000023));
#14273=VECTOR('',#18143,1.0);
#14274=CARTESIAN_POINT('',(8.49999999999999,2.27082024582703,0.199999999999994));
#14275=VECTOR('',#18144,1.0);
#14276=CARTESIAN_POINT('',(8.92499999999999,1.29999999999901,3.09999999999999));
#14277=CARTESIAN_POINT('',(8.92499999999991,1.30000000000002,6.3000000000003));
#14278=CARTESIAN_POINT('',(8.92499999999999,1.29999999999903,3.09999999999946));
#14279=VECTOR('',#18145,1.0);
#14280=CARTESIAN_POINT('',(9.05885765519457,-0.230000000000004,2.21665408814026));
#14281=CARTESIAN_POINT('',(8.92499999999999,1.29999999999903,3.09999999999946));
#14282=VECTOR('',#18146,1.0);
#14283=CARTESIAN_POINT('',(9.05885765519458,-0.230000000000012,8.94999999999992));
#14284=CARTESIAN_POINT('',(9.05885765519458,-0.230000000000013,8.94999999999992));
#14285=VECTOR('',#18147,1.0);
#14286=CARTESIAN_POINT('',(9.03311107958021,0.0642847058893232,8.94999999999992));
#14287=CARTESIAN_POINT('',(9.0331110795802,0.0642847058893232,8.94999999999992));
#14288=VECTOR('',#18148,1.0);
#14289=CARTESIAN_POINT('',(8.925,1.29999999999907,6.30000000000234));
#14290=VECTOR('',#18149,1.0);
#14291=CARTESIAN_POINT('',(8.92499999999999,2.77000000000016,3.09999999999997));
#14292=CARTESIAN_POINT('',(8.92499999999999,2.77000000000016,6.30000000000027));
#14293=CARTESIAN_POINT('',(8.92499999999999,2.77000000000016,3.09999999999997));
#14294=VECTOR('',#18150,1.0);
#14295=CARTESIAN_POINT('',(8.92499999999999,1.29999999999994,3.09999999999999));
#14296=VECTOR('',#18151,1.0);
#14297=CARTESIAN_POINT('',(8.92499999999999,2.77000000000016,6.30000000000027));
#14298=VECTOR('',#18152,1.0);
#14299=CARTESIAN_POINT('',(9.55,2.77000000000016,1.19999999999891));
#14300=CARTESIAN_POINT('',(9.55,2.77000000000016,11.3300001772836));
#14301=CARTESIAN_POINT('',(9.55,2.77000000000016,1.19999999999891));
#14302=VECTOR('',#18153,1.0);
#14303=CARTESIAN_POINT('',(9.55,7.77000000000015,11.3300001772836));
#14304=CARTESIAN_POINT('',(9.55,2.77000000000016,11.3300001772836));
#14305=VECTOR('',#18154,1.0);
#14306=CARTESIAN_POINT('',(9.55,7.77000000000015,1.19999999999891));
#14307=CARTESIAN_POINT('',(9.55,7.77000000000015,1.19999999999891));
#14308=VECTOR('',#18155,1.0);
#14309=CARTESIAN_POINT('',(9.55,7.77000000000015,1.19999999999891));
#14310=VECTOR('',#18156,1.0);
#14311=CARTESIAN_POINT('',(9.55,0.270000000000171,9.39999999999998));
#14312=CARTESIAN_POINT('',(9.55,0.270000000000172,9.39999999999998));
#14313=VECTOR('',#18157,1.0);
#14314=CARTESIAN_POINT('',(9.55,1.08590027117853,14.0272003745549));
#14315=CARTESIAN_POINT('',(10.0,1.08590027117853,14.0272003745549));
#14316=VECTOR('',#18158,1.0);
#14317=CARTESIAN_POINT('',(9.55,0.27000000000017,9.39999999999998));
#14318=VECTOR('',#18159,1.0);
#14319=CARTESIAN_POINT('',(9.55,0.200000000000202,9.39999999999998));
#14320=AXIS2_PLACEMENT_3D('',#18160,#18161,#18162);
#14321=CARTESIAN_POINT('',(9.55,0.200000000000202,9.39999999999998));
#14322=VECTOR('',#18163,1.0);
#14323=CARTESIAN_POINT('',(9.55,0.872372519030563,14.150480679737));
#14324=CARTESIAN_POINT('',(9.55,0.87237251903056,14.150480679737));
#14325=VECTOR('',#18164,0.999999999999999);
#14326=CARTESIAN_POINT('',(9.55,0.0700000000002796,9.59999999999976));
#14327=CARTESIAN_POINT('',(9.55,0.872372519030563,14.150480679737));
#14328=VECTOR('',#18165,1.0);
#14329=CARTESIAN_POINT('',(9.55,0.0700000000002796,9.59999999999976));
#14330=VECTOR('',#18166,1.0);
#14331=CARTESIAN_POINT('',(9.55,-0.230000000000012,9.40000000000009));
#14332=AXIS2_PLACEMENT_3D('',#18167,#18168,#18169);
#14333=CARTESIAN_POINT('',(9.55,-0.230000000000002,0.200000000000583));
#14334=CARTESIAN_POINT('',(9.55,-0.230000000000014,9.40000000000009));
#14335=VECTOR('',#18170,1.0);
#14336=CARTESIAN_POINT('',(9.55,-0.230000000000002,0.200000000000583));
#14337=VECTOR('',#18171,1.0);
#14338=CARTESIAN_POINT('',(10.0,0.200000000000202,9.39999999999998));
#14339=VECTOR('',#18172,1.0);
#14340=CARTESIAN_POINT('',(8.9778362561535,9.74000000000017,1.21500000000015));
#14341=CARTESIAN_POINT('',(8.9778362561535,9.74000000000017,1.21500000000015));
#14342=VECTOR('',#18173,1.0);
#14343=CARTESIAN_POINT('',(9.62712834591617,9.74000000000017,1.73000000000002));
#14344=AXIS2_PLACEMENT_3D('',#18174,#18175,#18176);
#14345=CARTESIAN_POINT('',(9.62712834591617,9.74000000000017,1.73000000000002));
#14346=VECTOR('',#18177,1.0);
#14347=CARTESIAN_POINT('',(9.62712834591617,18.0700000000002,1.73000000000002));
#14348=CARTESIAN_POINT('',(9.62712834591617,9.74000000000017,1.73000000000002));
#14349=VECTOR('',#18178,1.0);
#14350=CARTESIAN_POINT('',(9.62712834591617,18.0700000000002,1.73000000000002));
#14351=VECTOR('',#18179,1.0);
#14352=CARTESIAN_POINT('',(10.0,9.74000000000018,6.64499999999998));
#14353=VECTOR('',#18180,1.0);
#14354=CARTESIAN_POINT('',(8.7550000000001,18.0700000000002,6.64499999999998));
#14355=VECTOR('',#18181,1.0);
#14356=CARTESIAN_POINT('',(9.465,8.87000000000016,13.9000000000001));
#14357=CARTESIAN_POINT('',(9.465,8.87000000000016,13.9000000000007));
#14358=VECTOR('',#18182,1.0);
#14359=CARTESIAN_POINT('',(9.465,8.87000000000016,12.099999999999));
#14360=CARTESIAN_POINT('',(10.0,8.87000000000016,12.099999999999));
#14361=VECTOR('',#18183,1.0);
#14362=CARTESIAN_POINT('',(9.465,8.87000000000016,12.099999999999));
#14363=VECTOR('',#18184,1.0);
#14364=CARTESIAN_POINT('',(9.465,7.27000000000016,13.9000000000001));
#14365=VECTOR('',#18185,1.0);
#14366=CARTESIAN_POINT('',(9.465,7.27000000000016,12.099999999999));
#14367=VECTOR('',#18186,1.0);
#14368=CARTESIAN_POINT('',(10.03,0.500000000000203,2.5));
#14369=CARTESIAN_POINT('',(10.03,0.500000000000203,2.5));
#14370=VECTOR('',#18187,1.0);
#14371=AXIS2_PLACEMENT_3D('',#18188,#18189,#18190);
#14372=AXIS2_PLACEMENT_3D('',#18191,#18192,#18193);
#14373=CARTESIAN_POINT('',(10.03,8.3400000000002,0.5));
#14374=CARTESIAN_POINT('',(10.03,8.3400000000002,0.5));
#14375=VECTOR('',#18194,1.0);
#14376=AXIS2_PLACEMENT_3D('',#18195,#18196,#18197);
#14377=CARTESIAN_POINT('',(10.03,8.8400000000002,2.0));
#14378=CARTESIAN_POINT('',(10.03,8.8400000000002,2.0));
#14379=VECTOR('',#18198,1.0);
#14380=AXIS2_PLACEMENT_3D('',#18199,#18200,#18201);
#14381=CARTESIAN_POINT('',(10.0,8.3400000000002,0.5));
#14382=VECTOR('',#18202,1.0);
#14383=CARTESIAN_POINT('',(10.0,8.8400000000002,2.0));
#14384=VECTOR('',#18203,1.0);
#14385=CARTESIAN_POINT('',(10.0,0.500000000000203,2.5));
#14386=VECTOR('',#18204,1.0);
#14387=CARTESIAN_POINT('',(8.5,2.52000000000015,15.0));
#14388=VECTOR('',#18205,1.0);
#14389=CARTESIAN_POINT('',(8.5,1.72000000000015,14.8));
#14390=VECTOR('',#18206,1.0);
#14391=CARTESIAN_POINT('',(10.03,2.2000000000002,14.5));
#14392=CARTESIAN_POINT('',(10.0,2.2000000000002,14.5));
#14393=VECTOR('',#18207,1.0);
#14394=CARTESIAN_POINT('',(10.03,2.2000000000002,14.5));
#14395=VECTOR('',#18208,1.0);
#14396=CARTESIAN_POINT('',(10.03,1.7000000000002,9.50000000000001));
#14397=CARTESIAN_POINT('',(10.03,1.7000000000002,9.50000000000001));
#14398=VECTOR('',#18209,1.0);
#14399=AXIS2_PLACEMENT_3D('',#18210,#18211,#18212);
#14400=CARTESIAN_POINT('',(10.03,7.8000000000002,9.00000000000001));
#14401=CARTESIAN_POINT('',(10.03,7.8000000000002,9.00000000000001));
#14402=VECTOR('',#18213,1.0);
#14403=AXIS2_PLACEMENT_3D('',#18214,#18215,#18216);
#14404=CARTESIAN_POINT('',(10.03,8.3000000000002,14.0));
#14405=CARTESIAN_POINT('',(10.03,8.3000000000002,14.0));
#14406=VECTOR('',#18217,1.0);
#14407=AXIS2_PLACEMENT_3D('',#18218,#18219,#18220);
#14408=AXIS2_PLACEMENT_3D('',#18221,#18222,#18223);
#14409=CARTESIAN_POINT('',(10.0,1.7000000000002,9.50000000000001));
#14410=VECTOR('',#18224,1.0);
#14411=CARTESIAN_POINT('',(10.0,7.8000000000002,9.00000000000001));
#14412=VECTOR('',#18225,1.0);
#14413=CARTESIAN_POINT('',(10.0,8.3000000000002,14.0));
#14414=VECTOR('',#18226,1.0);
#14415=CARTESIAN_POINT('',(3.4,9.55308240582699,8.44258350652042));
#14416=AXIS2_PLACEMENT_3D('',#18227,#18228,#18229);
#14417=CARTESIAN_POINT('',(4.99999999999993,9.55308240582699,8.44258350652042));
#14418=CARTESIAN_POINT('',(3.40000000000001,9.55308240582699,8.44258350652042));
#14419=VECTOR('',#18230,1.0);
#14420=AXIS2_PLACEMENT_3D('',#18231,#18232,#18233);
#14421=CARTESIAN_POINT('',(3.4,9.2400000000002,7.51102540378439));
#14422=CARTESIAN_POINT('',(3.4,9.73999658961737,6.64500590695629));
#14423=CARTESIAN_POINT('',(3.4,9.6246779220823,6.84474369818818));
#14424=VECTOR('',#18234,1.0);
#14425=CARTESIAN_POINT('',(3.4,9.2400000000002,6.98195306749723));
#14426=VECTOR('',#18235,1.0);
#14427=CARTESIAN_POINT('',(3.4,9.53999658961739,7.84272450102428));
#14428=AXIS2_PLACEMENT_3D('',#18236,#18237,#18238);
#14429=AXIS2_PLACEMENT_3D('',#18239,#18240,#18241);
#14430=CARTESIAN_POINT('',(3.4,9.73999658961737,7.64272450102428));
#14431=VECTOR('',#18242,1.0);
#14432=CARTESIAN_POINT('',(3.4,9.2400000000002,6.98195306749723));
#14433=VECTOR('',#18243,1.0);
#14434=CARTESIAN_POINT('',(3.4,9.47276638846484,10.4978861900402));
#14435=AXIS2_PLACEMENT_3D('',#18244,#18245,#18246);
#14436=CARTESIAN_POINT('',(3.39999999999999,12.8058614315941,9.73144365706371));
#14437=CARTESIAN_POINT('',(3.4,9.47276638846484,10.4978861900402));
#14438=VECTOR('',#18247,1.0);
#14439=CARTESIAN_POINT('',(3.39999999999999,13.0250906627218,9.67270136162574));
#14440=CARTESIAN_POINT('',(3.39999999999999,13.0250906627218,9.67270136162574));
#14441=VECTOR('',#18248,1.0);
#14442=AXIS2_PLACEMENT_3D('',#18249,#18250,#18251);
#14443=CARTESIAN_POINT('',(3.40000000000001,14.1413186994487,8.69857484313462));
#14444=CARTESIAN_POINT('',(3.40000000000001,13.3613064647845,9.47858707779875));
#14445=VECTOR('',#18252,1.0);
#14446=CARTESIAN_POINT('',(3.4,14.0998973432113,8.38394840614046));
#14447=AXIS2_PLACEMENT_3D('',#18253,#18254,#18255);
#14448=CARTESIAN_POINT('',(3.4,13.4042606583284,7.98232237886509));
#14449=VECTOR('',#18256,1.0);
#14450=CARTESIAN_POINT('',(3.4,13.0421286239724,8.02999796564448));
#14451=AXIS2_PLACEMENT_3D('',#18257,#18258,#18259);
#14452=CARTESIAN_POINT('',(3.4,12.7699965896165,8.30213000000043));
#14453=CARTESIAN_POINT('',(3.4,12.7699965896165,8.30213000000043));
#14454=VECTOR('',#18260,1.0);
#14455=CARTESIAN_POINT('',(3.40000000000001,9.55308240582699,8.44258350652042));
#14456=VECTOR('',#18261,1.0);
#14457=CARTESIAN_POINT('',(4.99999999999993,9.53999658961737,7.84272450102428));
#14458=AXIS2_PLACEMENT_3D('',#18262,#18263,#18264);
#14459=CARTESIAN_POINT('',(5.00000000000001,9.53999658961737,7.84272450102428));
#14460=VECTOR('',#18265,1.0);
#14461=CARTESIAN_POINT('',(4.99999999999993,9.73999658961737,6.64500590695629));
#14462=CARTESIAN_POINT('',(4.99999999999993,9.2400000000002,7.51102540378439));
#14463=CARTESIAN_POINT('',(4.99999999999993,8.6658206611791,8.50553319127883));
#14464=VECTOR('',#18266,1.0);
#14465=CARTESIAN_POINT('',(4.99999999999993,9.73999658961737,7.64272450102428));
#14466=VECTOR('',#18267,1.0);
#14467=AXIS2_PLACEMENT_3D('',#18268,#18269,#18270);
#14468=CARTESIAN_POINT('',(4.99999999999993,9.2400000000002,9.19633905828478));
#14469=VECTOR('',#18271,1.0);
#14470=CARTESIAN_POINT('',(4.99999999999993,9.47276638846484,10.4978861900402));
#14471=AXIS2_PLACEMENT_3D('',#18272,#18273,#18274);
#14472=CARTESIAN_POINT('',(5.00000000000002,9.47276638846484,10.4978861900402));
#14473=VECTOR('',#18275,1.0);
#14474=CARTESIAN_POINT('',(4.99999999999993,9.2400000000002,9.19633905828478));
#14475=VECTOR('',#18276,1.0);
#14476=CARTESIAN_POINT('',(4.99999999999993,12.7699965896165,8.30213000000043));
#14477=CARTESIAN_POINT('',(4.99999999999993,12.7699965896165,8.30213000000043));
#14478=VECTOR('',#18277,1.0);
#14479=CARTESIAN_POINT('',(4.99999999999993,13.0421286239724,8.02999796564448));
#14480=CARTESIAN_POINT('',(4.99999999999993,12.7699965896165,8.30213000000042));
#14481=VECTOR('',#18278,1.0);
#14482=AXIS2_PLACEMENT_3D('',#18279,#18280,#18281);
#14483=CARTESIAN_POINT('',(4.99999999999993,14.0998973432113,8.38394840614042));
#14484=CARTESIAN_POINT('',(4.99999999999993,13.4042606583284,7.9823223788651));
#14485=VECTOR('',#18282,1.0);
#14486=CARTESIAN_POINT('',(5.00000000000002,14.1413186994487,8.69857484313461));
#14487=AXIS2_PLACEMENT_3D('',#18283,#18284,#18285);
#14488=CARTESIAN_POINT('',(4.99999999999993,13.3613064647846,9.47858707779871));
#14489=VECTOR('',#18286,1.0);
#14490=CARTESIAN_POINT('',(4.99999999999993,13.0250906627219,9.67270136162585));
#14491=AXIS2_PLACEMENT_3D('',#18287,#18288,#18289);
#14492=CARTESIAN_POINT('',(4.99999999999993,12.8058614315941,9.73144365706371));
#14493=CARTESIAN_POINT('',(4.99999999999993,12.8058614315941,9.73144365706371));
#14494=VECTOR('',#18290,1.0);
#14495=CARTESIAN_POINT('',(4.99999999999993,12.8058614315941,9.73144365706371));
#14496=VECTOR('',#18291,1.0);
#14497=CARTESIAN_POINT('',(3.4,13.0421286239724,8.02999796564445));
#14498=VECTOR('',#18292,1.0);
#14499=CARTESIAN_POINT('',(3.40000000000001,14.1413186994487,8.69857484313461));
#14500=VECTOR('',#18293,1.0);
#14501=CARTESIAN_POINT('',(3.4,12.8058614315941,9.73144365706371));
#14502=VECTOR('',#18294,1.0);
#14503=CARTESIAN_POINT('',(3.39999999999999,13.0250906627218,9.67270136162574));
#14504=VECTOR('',#18295,1.0);
#14505=CARTESIAN_POINT('',(3.4,14.0998973432113,8.38394840614042));
#14506=VECTOR('',#18296,1.0);
#14507=CARTESIAN_POINT('',(3.4,12.7699965896165,8.30213000000043));
#14508=VECTOR('',#18297,1.0);
#14509=CARTESIAN_POINT('',(3.80125315000001,9.73999658961737,6.64500590695629));
#14510=VECTOR('',#18298,1.0);
#14511=CARTESIAN_POINT('',(2.5,9.2400000000002,7.51102540378439));
#14512=VECTOR('',#18299,1.0);
#14513=CARTESIAN_POINT('',(6.24499999999991,9.74000000000018,6.64499999999998));
#14514=CARTESIAN_POINT('',(8.7550000000001,9.74000000000017,6.645));
#14515=VECTOR('',#18300,1.0);
#14516=CARTESIAN_POINT('',(3.75500000000008,9.74000000000018,6.64499999999998));
#14517=CARTESIAN_POINT('',(3.75500000000008,9.74000000000018,6.645));
#14518=VECTOR('',#18301,1.0);
#14519=CARTESIAN_POINT('',(1.2449999999999,9.74000000000018,6.645));
#14520=CARTESIAN_POINT('',(1.2449999999999,9.74000000000018,6.645));
#14521=VECTOR('',#18302,1.0);
#14522=CARTESIAN_POINT('',(1.13797860024079E-15,9.74000000000019,6.64499999999998));
#14523=CARTESIAN_POINT('',(1.13797860024079E-15,9.74000000000019,6.64499999999998));
#14524=VECTOR('',#18303,1.0);
#14525=CARTESIAN_POINT('',(1.13797860024079E-15,9.2400000000002,7.51102540378439));
#14526=CARTESIAN_POINT('',(-5.96744875736022E-15,9.2400000000002,7.51102540378439));
#14527=VECTOR('',#18304,0.999999999999999);
#14528=CARTESIAN_POINT('',(2.5,9.2400000000002,7.51102540378439));
#14529=VECTOR('',#18305,1.0);
#14530=CARTESIAN_POINT('',(1.13797860024079E-15,9.2400000000002,10.8628720776906));
#14531=CARTESIAN_POINT('',(1.13797860024079E-15,9.2400000000002,10.8628720776906));
#14532=VECTOR('',#18306,1.0);
#14533=CARTESIAN_POINT('',(2.5,9.2400000000002,10.8628720776906));
#14534=VECTOR('',#18307,1.0);
#14535=CARTESIAN_POINT('',(6.075,2.77000000000017,6.30000000000027));
#14536=CARTESIAN_POINT('',(6.075,1.81000000000002,6.30000000000029));
#14537=CARTESIAN_POINT('',(6.075,2.77000000000017,6.30000000000027));
#14538=VECTOR('',#18308,1.0);
#14539=CARTESIAN_POINT('',(7.50000000000001,2.77000000000017,6.30000000000027));
#14540=VECTOR('',#18309,1.0);
#14541=CARTESIAN_POINT('',(5.88991935483872,1.30000000000003,6.30000000000029));
#14542=CARTESIAN_POINT('',(8.92499999999999,1.30000000000002,6.30000000000029));
#14543=VECTOR('',#18310,1.0);
#14544=CARTESIAN_POINT('',(5.88991935483872,1.30000000000003,6.30000000000029));
#14545=VECTOR('',#18311,1.0);
#14546=CARTESIAN_POINT('',(6.65000000000001,1.57000000000017,14.8));
#14547=VECTOR('',#18312,1.0);
#14548=CARTESIAN_POINT('',(8.35,2.67000000000015,14.8));
#14549=VECTOR('',#18313,1.0);
#14550=CARTESIAN_POINT('',(6.50000000000001,2.52000000000017,14.8));
#14551=VECTOR('',#18314,1.0);
#14552=CARTESIAN_POINT('',(3.50000000000001,1.2650531762621,0.200000000000233));
#14553=CARTESIAN_POINT('',(3.50000000000001,2.27082024582704,0.199999999999998));
#14554=CARTESIAN_POINT('',(3.50000000000001,1.2650531762621,0.200000000000233));
#14555=VECTOR('',#18315,1.0);
#14556=CARTESIAN_POINT('',(3.50000000000001,1.26505317626214,0.40000000000023));
#14557=CARTESIAN_POINT('',(3.50000000000001,1.2650531762621,0.200000000000229));
#14558=VECTOR('',#18316,1.0);
#14559=CARTESIAN_POINT('',(3.50000000000001,2.27082024582709,0.399999999999993));
#14560=CARTESIAN_POINT('',(3.50000000000001,1.26505317626215,0.40000000000023));
#14561=VECTOR('',#18317,1.0);
#14562=CARTESIAN_POINT('',(3.50000000000001,2.27082024582704,0.199999999999994));
#14563=VECTOR('',#18318,1.0);
#14564=CARTESIAN_POINT('',(3.99000000000009,9.74000000000018,5.96500000000015));
#14565=CARTESIAN_POINT('',(3.99000000000009,18.0700000000002,5.96500000000015));
#14566=CARTESIAN_POINT('',(3.99000000000009,9.74000000000018,5.96500000000015));
#14567=VECTOR('',#18319,1.0);
#14568=CARTESIAN_POINT('',(3.99000000000009,9.74000000000018,5.96500000000015));
#14569=VECTOR('',#18320,1.0);
#14570=CARTESIAN_POINT('',(3.75500000000008,18.0700000000002,6.64499999999998));
#14571=CARTESIAN_POINT('',(3.75500000000008,9.74000000000018,6.64499999999998));
#14572=VECTOR('',#18321,1.0);
#14573=CARTESIAN_POINT('',(3.99000000000009,18.0700000000002,5.96500000000015));
#14574=VECTOR('',#18322,1.0);
#14575=CARTESIAN_POINT('',(6.24499999999993,18.0700000000002,6.64499999999998));
#14576=CARTESIAN_POINT('',(6.24499999999993,18.0700000000002,6.64499999999998));
#14577=VECTOR('',#18323,1.0);
#14578=CARTESIAN_POINT('',(6.24499999999993,9.74000000000019,6.64499999999998));
#14579=VECTOR('',#18324,1.0);
#14580=CARTESIAN_POINT('',(6.5,1.26505317626215,0.40000000000023));
#14581=CARTESIAN_POINT('',(6.5,1.26505317626215,0.40000000000023));
#14582=VECTOR('',#18325,1.0);
#14583=CARTESIAN_POINT('',(6.5,1.2650531762621,0.200000000000233));
#14584=CARTESIAN_POINT('',(7.5,1.26505317626209,0.200000000000233));
#14585=VECTOR('',#18326,1.0);
#14586=CARTESIAN_POINT('',(6.5,1.2650531762621,0.200000000000233));
#14587=VECTOR('',#18327,1.0);
#14588=AXIS2_PLACEMENT_3D('',#18328,#18329,#18330);
#14589=AXIS2_PLACEMENT_3D('',#18331,#18332,#18333);
#14590=CARTESIAN_POINT('',(4.62712834591617,9.74000000000018,1.73000000000002));
#14591=CARTESIAN_POINT('',(4.62712834591617,9.74000000000018,1.73000000000002));
#14592=VECTOR('',#18334,1.0);
#14593=CARTESIAN_POINT('',(3.9778362561535,9.74000000000018,1.21500000000015));
#14594=CARTESIAN_POINT('',(6.0221637438465,9.74000000000018,1.21500000000015));
#14595=VECTOR('',#18335,1.0);
#14596=AXIS2_PLACEMENT_3D('',#18336,#18337,#18338);
#14597=CARTESIAN_POINT('',(5.45000000000001,7.77000000000017,11.3300001772836));
#14598=CARTESIAN_POINT('',(7.50000000000001,7.77000000000017,11.3300001772836));
#14599=VECTOR('',#18339,1.0);
#14600=CARTESIAN_POINT('',(5.45000000000001,7.77000000000017,1.19999999999891));
#14601=CARTESIAN_POINT('',(5.45000000000001,7.77000000000017,1.19999999999891));
#14602=VECTOR('',#18340,1.0);
#14603=CARTESIAN_POINT('',(5.45000000000001,7.77000000000017,1.19999999999891));
#14604=VECTOR('',#18341,1.0);
#14605=CARTESIAN_POINT('',(4.9,6.27000000000018,13.9000000000001));
#14606=CARTESIAN_POINT('',(4.9,6.27000000000018,13.9000000000001));
#14607=VECTOR('',#18342,1.0);
#14608=CARTESIAN_POINT('',(4.9,6.27000000000018,12.099999999999));
#14609=CARTESIAN_POINT('',(4.9,6.27000000000018,12.099999999999));
#14610=VECTOR('',#18343,1.0);
#14611=CARTESIAN_POINT('',(4.9,6.27000000000017,12.099999999999));
#14612=VECTOR('',#18344,1.0);
#14613=CARTESIAN_POINT('',(5.45000000000001,2.77000000000017,11.3300001772836));
#14614=CARTESIAN_POINT('',(7.50000000000001,2.77000000000017,11.3300001772836));
#14615=VECTOR('',#18345,1.0);
#14616=CARTESIAN_POINT('',(5.45000000000001,2.77000000000017,1.19999999999891));
#14617=CARTESIAN_POINT('',(7.5,2.77000000000016,1.19999999999891));
#14618=VECTOR('',#18346,1.0);
#14619=CARTESIAN_POINT('',(5.45000000000001,2.77000000000017,1.19999999999891));
#14620=VECTOR('',#18347,1.0);
#14621=CARTESIAN_POINT('',(6.075,2.77000000000017,3.09999999999997));
#14622=CARTESIAN_POINT('',(6.075,2.77000000000017,6.30000000000027));
#14623=VECTOR('',#18348,1.0);
#14624=CARTESIAN_POINT('',(7.50000000000001,2.77000000000017,3.09999999999997));
#14625=VECTOR('',#18349,1.0);
#14626=AXIS2_PLACEMENT_3D('',#18350,#18351,#18352);
#14627=AXIS2_PLACEMENT_3D('',#18353,#18354,#18355);
#14628=CARTESIAN_POINT('',(6.50000000000001,1.72000000000017,15.0));
#14629=VECTOR('',#18356,1.0);
#14630=CARTESIAN_POINT('',(3.925,2.77000000000017,3.09999999999997));
#14631=CARTESIAN_POINT('',(3.925,2.77000000000017,6.30000000000027));
#14632=CARTESIAN_POINT('',(3.925,2.77000000000017,3.09999999999997));
#14633=VECTOR('',#18357,1.0);
#14634=CARTESIAN_POINT('',(3.925,1.80999999999996,3.09999999999998));
#14635=CARTESIAN_POINT('',(3.925,2.77000000000017,3.09999999999997));
#14636=VECTOR('',#18358,1.0);
#14637=CARTESIAN_POINT('',(3.925,1.81000000000001,6.30000000000029));
#14638=CARTESIAN_POINT('',(3.925,1.81000000000001,6.30000000000028));
#14639=VECTOR('',#18359,1.0);
#14640=CARTESIAN_POINT('',(3.925,1.81000000000001,6.30000000000029));
#14641=VECTOR('',#18360,1.0);
#14642=CARTESIAN_POINT('',(4.37500000000001,0.569999999999958,2.67853430349174));
#14643=CARTESIAN_POINT('',(4.37500000000001,0.570000000000034,7.86549005197211));
#14644=CARTESIAN_POINT('',(4.37500000000001,0.569999999999963,2.67853430349174));
#14645=VECTOR('',#18361,1.0);
#14646=CARTESIAN_POINT('',(4.11008064516129,1.30000000000003,6.30000000000029));
#14647=CARTESIAN_POINT('',(4.375,0.570000000000033,7.86549005197211));
#14648=VECTOR('',#18362,1.0);
#14649=CARTESIAN_POINT('',(3.92500000000001,1.81000000000002,6.30000000000028));
#14650=VECTOR('',#18363,1.0);
#14651=CARTESIAN_POINT('',(4.1100806451613,1.29999999999995,3.09999999999999));
#14652=CARTESIAN_POINT('',(3.92500000000001,1.80999999999997,3.09999999999998));
#14653=VECTOR('',#18364,1.0);
#14654=CARTESIAN_POINT('',(4.11008064516131,1.29999999999995,3.09999999999999));
#14655=VECTOR('',#18365,1.0);
#14656=CARTESIAN_POINT('',(4.55,7.77000000000017,11.3300001772836));
#14657=CARTESIAN_POINT('',(4.55,7.77000000000017,1.19999999999891));
#14658=CARTESIAN_POINT('',(4.55,7.77000000000017,11.3300001772836));
#14659=VECTOR('',#18366,1.0);
#14660=CARTESIAN_POINT('',(4.55,2.77000000000017,1.19999999999891));
#14661=CARTESIAN_POINT('',(4.55,7.77000000000017,1.19999999999891));
#14662=VECTOR('',#18367,1.0);
#14663=CARTESIAN_POINT('',(4.55,2.77000000000017,11.3300001772836));
#14664=CARTESIAN_POINT('',(4.55,2.77000000000017,11.3300001772836));
#14665=VECTOR('',#18368,1.0);
#14666=CARTESIAN_POINT('',(4.55,7.77000000000017,11.3300001772836));
#14667=VECTOR('',#18369,1.0);
#14668=CARTESIAN_POINT('',(5.25178131089322,-0.229999999999998,8.94999999999992));
#14669=AXIS2_PLACEMENT_3D('',#18370,#18371,#18372);
#14670=CARTESIAN_POINT('',(5.25178131089324,-0.229999999999989,2.21665408814027));
#14671=CARTESIAN_POINT('',(5.25178131089323,-0.22999999999999,2.21665408814027));
#14672=VECTOR('',#18373,1.0);
#14673=CARTESIAN_POINT('',(5.25491160754645,-0.229983660195398,2.21666352193085));
#14674=CARTESIAN_POINT('',(5.25386821565697,-0.229994552562012,2.21665723322005));
#14675=CARTESIAN_POINT('',(5.25282476474676,-0.229999999999988,2.21665408814027));
#14676=CARTESIAN_POINT('',(5.25178131089324,-0.229999999999988,2.21665408814027));
#14677=CARTESIAN_POINT('',(4.45113826848433,0.0282480697119802,8.94999999999992));
#14678=AXIS2_PLACEMENT_3D('',#18374,#18375,#18376);
#14679=CARTESIAN_POINT('',(4.45113826848431,0.0282480697119855,2.36575368070612));
#14680=CARTESIAN_POINT('',(4.4511382684843,0.0282480697119857,2.36575368070611));
#14681=VECTOR('',#18377,1.0);
#14682=CARTESIAN_POINT('',(4.4515901025275,0.0251505109769261,2.3639653043366));
#14683=CARTESIAN_POINT('',(4.45143410384139,0.0261822336577968,2.36456096970413));
#14684=CARTESIAN_POINT('',(4.45128348904642,0.0272147717212888,2.36515710583304));
#14685=CARTESIAN_POINT('',(4.45113826848431,0.0282480697119864,2.36575368070612));
#14686=CARTESIAN_POINT('',(4.44607364955611,0.0642847058893339,8.94999999999992));
#14687=CARTESIAN_POINT('',(4.45113826848433,0.0282480697119767,8.94999999999992));
#14688=VECTOR('',#18378,1.0);
#14689=CARTESIAN_POINT('',(4.37500000000001,0.570000000000034,7.86549005197211));
#14690=VECTOR('',#18379,1.0);
#14691=CARTESIAN_POINT('',(4.4511382684843,0.0282480697119855,2.36575368070612));
#14692=VECTOR('',#18380,1.0);
#14693=CARTESIAN_POINT('',(5.62500000000001,0.569999999999962,2.67853430349174));
#14694=CARTESIAN_POINT('',(5.625,0.56999999999996,2.67853430349174));
#14695=VECTOR('',#18381,1.0);
#14696=CARTESIAN_POINT('',(5.62500000000001,0.570000000000038,7.86549005197211));
#14697=CARTESIAN_POINT('',(5.625,0.57000000000004,7.86549005197211));
#14698=VECTOR('',#18382,1.0);
#14699=CARTESIAN_POINT('',(5.55392635044392,0.0642847058893356,8.94999999999992));
#14700=CARTESIAN_POINT('',(5.55392635044391,0.0642847058893367,8.94999999999992));
#14701=VECTOR('',#18383,1.0);
#14702=CARTESIAN_POINT('',(5.55392635044391,0.0642847058893356,8.94999999999992));
#14703=VECTOR('',#18384,1.0);
#14704=CARTESIAN_POINT('',(6.075,1.80999999999997,3.09999999999998));
#14705=CARTESIAN_POINT('',(6.075,1.80999999999997,3.09999999999998));
#14706=VECTOR('',#18385,1.0);
#14707=CARTESIAN_POINT('',(6.075,1.80999999999997,3.09999999999998));
#14708=VECTOR('',#18386,1.0);
#14709=CARTESIAN_POINT('',(5.8899193548387,1.29999999999996,3.09999999999999));
#14710=CARTESIAN_POINT('',(5.625,0.569999999999963,2.67853430349174));
#14711=VECTOR('',#18387,1.0);
#14712=CARTESIAN_POINT('',(5.8899193548387,1.29999999999995,3.09999999999999));
#14713=VECTOR('',#18388,1.0);
#14714=CARTESIAN_POINT('',(5.88991935483872,1.30000000000003,6.30000000000029));
#14715=VECTOR('',#18389,1.0);
#14716=CARTESIAN_POINT('',(7.5,2.67000000000015,15.0));
#14717=VECTOR('',#18390,1.0);
#14718=CARTESIAN_POINT('',(5.45000000000001,2.77000000000017,11.3300001772836));
#14719=VECTOR('',#18391,1.0);
#14720=AXIS2_PLACEMENT_3D('',#18392,#18393,#18394);
#14721=AXIS2_PLACEMENT_3D('',#18395,#18396,#18397);
#14722=CARTESIAN_POINT('',(7.50000000000001,0.0642847058893374,8.94999999999992));
#14723=VECTOR('',#18398,1.0);
#14724=AXIS2_PLACEMENT_3D('',#18399,#18400,#18401);
#14725=CARTESIAN_POINT('',(5.8899193548387,1.29999999999995,3.09999999999999));
#14726=VECTOR('',#18402,1.0);
#14727=CARTESIAN_POINT('',(6.5,2.27082024582705,0.199999999999997));
#14728=CARTESIAN_POINT('',(7.50000000000001,2.27082024582705,0.199999999999997));
#14729=VECTOR('',#18403,1.0);
#14730=CARTESIAN_POINT('',(6.5,2.27082024582709,0.399999999999993));
#14731=CARTESIAN_POINT('',(8.49999999999999,2.27082024582708,0.399999999999993));
#14732=VECTOR('',#18404,1.0);
#14733=CARTESIAN_POINT('',(6.5,2.27082024582705,0.199999999999997));
#14734=VECTOR('',#18405,1.0);
#14735=CARTESIAN_POINT('',(3.5,2.52000000000017,15.0));
#14736=VECTOR('',#18406,1.0);
#14737=CARTESIAN_POINT('',(3.5,2.52000000000017,14.8));
#14738=VECTOR('',#18407,1.0);
#14739=CARTESIAN_POINT('',(6.00999999999992,9.74000000000018,5.96500000000015));
#14740=CARTESIAN_POINT('',(7.50000000000001,9.74000000000018,5.96500000000015));
#14741=VECTOR('',#18408,1.0);
#14742=CARTESIAN_POINT('',(6.00999999999992,18.0700000000002,5.96500000000015));
#14743=CARTESIAN_POINT('',(7.50000000000001,18.0700000000002,5.96500000000015));
#14744=VECTOR('',#18409,1.0);
#14745=CARTESIAN_POINT('',(6.00999999999992,9.74000000000018,5.96500000000015));
#14746=VECTOR('',#18410,1.0);
#14747=CARTESIAN_POINT('',(6.00999999999992,18.0700000000002,5.96500000000015));
#14748=VECTOR('',#18411,1.0);
#14749=CARTESIAN_POINT('',(6.00999999999992,9.74000000000018,5.96500000000015));
#14750=VECTOR('',#18412,1.0);
#14751=CARTESIAN_POINT('',(5.45000000000001,7.77000000000017,1.19999999999891));
#14752=VECTOR('',#18413,1.0);
#14753=CARTESIAN_POINT('',(5.25178131089322,-0.229999999999998,8.94999999999992));
#14754=VECTOR('',#18414,1.0);
#14755=AXIS2_PLACEMENT_3D('',#18415,#18416,#18417);
#14756=AXIS2_PLACEMENT_3D('',#18418,#18419,#18420);
#14757=AXIS2_PLACEMENT_3D('',#18421,#18422,#18423);
#14758=CARTESIAN_POINT('',(5.25178131089323,-0.229999999999991,2.21665408814026));
#14759=VECTOR('',#18424,1.0);
#14760=CARTESIAN_POINT('',(6.5,2.27082024582705,0.199999999999997));
#14761=VECTOR('',#18425,1.0);
#14762=CARTESIAN_POINT('',(6.5,1.26505317626215,0.40000000000023));
#14763=VECTOR('',#18426,1.0);
#14764=CARTESIAN_POINT('',(8.35,1.57000000000015,15.0));
#14765=VECTOR('',#18427,1.0);
#14766=CARTESIAN_POINT('',(4.62712834591617,18.0700000000002,1.73000000000002));
#14767=CARTESIAN_POINT('',(4.62712834591617,9.74000000000018,1.73000000000002));
#14768=VECTOR('',#18428,1.0);
#14769=CARTESIAN_POINT('',(4.62712834591617,18.0700000000002,1.73000000000002));
#14770=VECTOR('',#18429,1.0);
#14771=AXIS2_PLACEMENT_3D('',#18430,#18431,#18432);
#14772=AXIS2_PLACEMENT_3D('',#18433,#18434,#18435);
#14773=CARTESIAN_POINT('',(7.50000000000001,9.74000000000018,1.21500000000015));
#14774=VECTOR('',#18436,1.0);
#14775=CARTESIAN_POINT('',(1.13797860024079E-15,2.13579154362264E-13,0.0));
#14776=CARTESIAN_POINT('',(1.13797860024079E-15,2.13579154362264E-13,9.2));
#14777=VECTOR('',#18437,1.0);
#14778=CARTESIAN_POINT('',(0.450000000000004,2.13579154362264E-13,0.0));
#14779=CARTESIAN_POINT('',(0.450000000000004,2.13579154362264E-13,0.0));
#14780=VECTOR('',#18438,1.0);
#14781=CARTESIAN_POINT('',(0.450000000000004,2.13579154362264E-13,0.20000000000053));
#14782=CARTESIAN_POINT('',(0.450000000000004,2.13579154362264E-13,0.0));
#14783=VECTOR('',#18439,1.0);
#14784=CARTESIAN_POINT('',(0.450000000000004,2.13579154362264E-13,9.2));
#14785=VECTOR('',#18440,1.0);
#14786=CARTESIAN_POINT('',(1.13797860024079E-15,4.45178348588863,10.6999999999997));
#14787=CARTESIAN_POINT('',(1.13797860024079E-15,4.39587034673895,10.6878661789359));
#14788=CARTESIAN_POINT('',(1.13797860024079E-15,4.45178348588863,10.6999999999997));
#14789=VECTOR('',#18441,1.0);
#14790=CARTESIAN_POINT('',(-0.03,4.39587034673895,10.6878661789359));
#14791=CARTESIAN_POINT('',(1.13797860024079E-15,4.39587034673895,10.6878661789359));
#14792=VECTOR('',#18442,1.0);
#14793=CARTESIAN_POINT('',(-0.03,4.45178348588863,10.6999999999997));
#14794=CARTESIAN_POINT('',(-0.03,4.45178348588863,10.6999999999997));
#14795=VECTOR('',#18443,1.0);
#14796=CARTESIAN_POINT('',(1.13797860024079E-15,4.45178348588863,10.6999999999997));
#14797=VECTOR('',#18444,1.0);
#14798=CARTESIAN_POINT('',(-5.96744875736022E-15,4.32822620893495,10.6502864781789));
#14799=CARTESIAN_POINT('',(1.13797860024079E-15,4.28235259824033,10.599316309336));
#14800=CARTESIAN_POINT('',(1.13797860024079E-15,4.32822620893495,10.6502864781789));
#14801=VECTOR('',#18445,1.0);
#14802=CARTESIAN_POINT('',(-0.03,4.28235259824033,10.599316309336));
#14803=CARTESIAN_POINT('',(1.13797860024079E-15,4.28235259824033,10.599316309336));
#14804=VECTOR('',#18446,1.0);
#14805=CARTESIAN_POINT('',(-0.03,4.32822620893495,10.6502864781789));
#14806=CARTESIAN_POINT('',(-0.03,4.32822620893495,10.6502864781789));
#14807=VECTOR('',#18447,1.0);
#14808=CARTESIAN_POINT('',(-5.96744875736022E-15,4.32822620893495,10.6502864781789));
#14809=VECTOR('',#18448,1.0);
#14810=CARTESIAN_POINT('',(-5.96744875736022E-15,4.39587034673895,10.6878661789359));
#14811=VECTOR('',#18449,1.0);
#14812=CARTESIAN_POINT('',(-0.03,4.39587034673895,10.6878661789359));
#14813=VECTOR('',#18450,1.0);
#14814=CARTESIAN_POINT('',(1.13797860024079E-15,9.74000000000018,1.73000000000002));
#14815=CARTESIAN_POINT('',(0.372871654083832,9.74000000000018,1.73000000000002));
#14816=VECTOR('',#18451,1.0);
#14817=CARTESIAN_POINT('',(1.13797860024079E-15,9.74000000000018,1.21500000000015));
#14818=CARTESIAN_POINT('',(1.13797860024079E-15,9.74000000000018,1.21500000000015));
#14819=VECTOR('',#18452,1.0);
#14820=CARTESIAN_POINT('',(1.13797860024079E-15,9.74000000000018,1.73000000000002));
#14821=VECTOR('',#18453,1.0);
#14822=CARTESIAN_POINT('',(1.13797860024079E-15,4.28392157254918,10.2744356805362));
#14823=CARTESIAN_POINT('',(1.13797860024079E-15,4.30554833202665,10.2500247675657));
#14824=CARTESIAN_POINT('',(1.13797860024079E-15,4.28392157254918,10.2744356805362));
#14825=VECTOR('',#18454,1.0);
#14826=CARTESIAN_POINT('',(-0.0299999999999929,4.30554833202665,10.2500247675657));
#14827=CARTESIAN_POINT('',(1.13797860024079E-15,4.30554833202665,10.2500247675657));
#14828=VECTOR('',#18455,1.0);
#14829=CARTESIAN_POINT('',(-0.03,4.28392157254918,10.2744356805362));
#14830=CARTESIAN_POINT('',(-0.03,4.28392157254918,10.2744356805362));
#14831=VECTOR('',#18456,1.0);
#14832=CARTESIAN_POINT('',(1.13797860024079E-15,4.28392157254918,10.2744356805362));
#14833=VECTOR('',#18457,1.0);
#14834=CARTESIAN_POINT('',(1.13797860024079E-15,5.34194604168276,10.5754938271602));
#14835=CARTESIAN_POINT('',(1.13797860024079E-15,5.34194604168276,9.69999999999972));
#14836=CARTESIAN_POINT('',(1.13797860024079E-15,5.34194604168276,10.5754938271602));
#14837=VECTOR('',#18458,1.0);
#14838=CARTESIAN_POINT('',(-0.03,5.34194604168276,9.69999999999972));
#14839=CARTESIAN_POINT('',(1.13797860024079E-15,5.34194604168276,9.69999999999972));
#14840=VECTOR('',#18459,1.0);
#14841=CARTESIAN_POINT('',(-0.03,5.34194604168276,10.5754938271602));
#14842=CARTESIAN_POINT('',(-0.03,5.34194604168276,10.5754938271602));
#14843=VECTOR('',#18460,1.0);
#14844=CARTESIAN_POINT('',(1.13797860024079E-15,5.34194604168276,10.5754938271602));
#14845=VECTOR('',#18461,1.0);
#14846=CARTESIAN_POINT('',(1.13797860024079E-15,5.74691305431584,10.5754938271602));
#14847=CARTESIAN_POINT('',(1.13797860024079E-15,5.74691305431584,10.6999999999997));
#14848=CARTESIAN_POINT('',(1.13797860024079E-15,5.74691305431584,10.5754938271602));
#14849=VECTOR('',#18462,1.0);
#14850=CARTESIAN_POINT('',(-0.03,5.74691305431584,10.6999999999997));
#14851=CARTESIAN_POINT('',(1.13797860024079E-15,5.74691305431584,10.6999999999997));
#14852=VECTOR('',#18463,1.0);
#14853=CARTESIAN_POINT('',(-0.03,5.74691305431584,10.5754938271602));
#14854=CARTESIAN_POINT('',(-0.03,5.74691305431584,10.5754938271602));
#14855=VECTOR('',#18464,1.0);
#14856=CARTESIAN_POINT('',(1.13797860024079E-15,5.74691305431584,10.5754938271602));
#14857=VECTOR('',#18465,1.0);
#14858=CARTESIAN_POINT('',(1.13797860024079E-15,3.07747182705799,9.69999999999972));
#14859=CARTESIAN_POINT('',(1.13797860024079E-15,3.07747182705799,9.85003044976058));
#14860=CARTESIAN_POINT('',(1.13797860024079E-15,3.07747182705799,9.69999999999972));
#14861=VECTOR('',#18466,1.0);
#14862=CARTESIAN_POINT('',(-0.03,3.07747182705799,9.85003044976058));
#14863=CARTESIAN_POINT('',(1.13797860024079E-15,3.07747182705799,9.85003044976058));
#14864=VECTOR('',#18467,1.0);
#14865=CARTESIAN_POINT('',(-0.03,3.07747182705799,9.69999999999972));
#14866=CARTESIAN_POINT('',(-0.03,3.07747182705799,9.85003044976058));
#14867=VECTOR('',#18468,1.0);
#14868=CARTESIAN_POINT('',(1.13797860024079E-15,3.07747182705799,9.69999999999972));
#14869=VECTOR('',#18469,1.0);
#14870=CARTESIAN_POINT('',(1.13797860024079E-15,5.46600283780628,9.69999999999972));
#14871=CARTESIAN_POINT('',(1.13797860024079E-15,5.46600283780628,10.5754938271602));
#14872=CARTESIAN_POINT('',(1.13797860024079E-15,5.46600283780628,9.69999999999972));
#14873=VECTOR('',#18470,1.0);
#14874=CARTESIAN_POINT('',(-0.03,5.46600283780628,10.5754938271602));
#14875=CARTESIAN_POINT('',(1.13797860024079E-15,5.46600283780628,10.5754938271602));
#14876=VECTOR('',#18471,1.0);
#14877=CARTESIAN_POINT('',(-0.03,5.46600283780628,9.69999999999972));
#14878=CARTESIAN_POINT('',(-0.03,5.46600283780628,9.69999999999972));
#14879=VECTOR('',#18472,1.0);
#14880=CARTESIAN_POINT('',(1.13797860024079E-15,5.46600283780628,9.69999999999972));
#14881=VECTOR('',#18473,1.0);
#14882=CARTESIAN_POINT('',(1.13797860024079E-15,5.34194604168276,9.69999999999972));
#14883=VECTOR('',#18474,1.0);
#14884=CARTESIAN_POINT('',(-0.03,5.34194604168276,9.69999999999972));
#14885=VECTOR('',#18475,1.0);
#14886=CARTESIAN_POINT('',(1.13797860024079E-15,6.49410787685923,9.98749545599149));
#14887=CARTESIAN_POINT('',(1.13797860024079E-15,6.4716045037394,9.92500603129535));
#14888=CARTESIAN_POINT('',(1.13797860024079E-15,6.49410787685923,9.98749545599149));
#14889=VECTOR('',#18476,1.0);
#14890=CARTESIAN_POINT('',(-0.03,6.4716045037394,9.92500603129535));
#14891=CARTESIAN_POINT('',(1.13797860024079E-15,6.4716045037394,9.92500603129535));
#14892=VECTOR('',#18477,1.0);
#14893=CARTESIAN_POINT('',(-0.03,6.49410787685923,9.98749545599149));
#14894=CARTESIAN_POINT('',(-0.03,6.4716045037394,9.92500603129535));
#14895=VECTOR('',#18478,1.0);
#14896=CARTESIAN_POINT('',(8.24340595784179E-15,6.49410787685923,9.98749545599149));
#14897=VECTOR('',#18479,1.0);
#14898=CARTESIAN_POINT('',(-5.96744875736022E-15,6.60662496828499,9.98791996052942));
#14899=CARTESIAN_POINT('',(1.13797860024079E-15,6.6181464613719,10.0749303663334));
#14900=CARTESIAN_POINT('',(1.13797860024079E-15,6.60662496828499,9.98791996052942));
#14901=VECTOR('',#18480,1.0);
#14902=CARTESIAN_POINT('',(-0.03,6.6181464613719,10.0749303663334));
#14903=CARTESIAN_POINT('',(1.13797860024079E-15,6.6181464613719,10.0749303663334));
#14904=VECTOR('',#18481,1.0);
#14905=CARTESIAN_POINT('',(-0.03,6.60662496828499,9.98791996052942));
#14906=CARTESIAN_POINT('',(-0.03,6.6181464613719,10.0749303663334));
#14907=VECTOR('',#18482,1.0);
#14908=CARTESIAN_POINT('',(1.13797860024079E-15,6.60662496828499,9.98791996052942));
#14909=VECTOR('',#18483,1.0);
#14910=CARTESIAN_POINT('',(1.13797860024079E-15,6.57260055901275,9.89890931551163));
#14911=CARTESIAN_POINT('',(1.13797860024079E-15,6.57260055901275,9.89890931551163));
#14912=VECTOR('',#18484,1.0);
#14913=CARTESIAN_POINT('',(-0.03,6.57260055901275,9.89890931551163));
#14914=CARTESIAN_POINT('',(-0.03,6.60662496828499,9.98791996052943));
#14915=VECTOR('',#18485,1.0);
#14916=CARTESIAN_POINT('',(1.13797860024079E-15,6.57260055901274,9.89890931551163));
#14917=VECTOR('',#18486,1.0);
#14918=CARTESIAN_POINT('',(1.13797860024079E-15,2.5680305910202,9.98761416856327));
#14919=CARTESIAN_POINT('',(1.13797860024079E-15,2.54512100342867,9.92426414632386));
#14920=CARTESIAN_POINT('',(8.24340595784179E-15,2.5680305910202,9.98761416856327));
#14921=VECTOR('',#18487,1.0);
#14922=CARTESIAN_POINT('',(-0.03,2.54512100342867,9.92426414632386));
#14923=CARTESIAN_POINT('',(8.24340595784179E-15,2.54512100342867,9.92426414632386));
#14924=VECTOR('',#18488,1.0);
#14925=CARTESIAN_POINT('',(-0.03,2.5680305910202,9.98761416856327));
#14926=CARTESIAN_POINT('',(-0.03,2.54512100342867,9.92426414632386));
#14927=VECTOR('',#18489,1.0);
#14928=CARTESIAN_POINT('',(-5.96744875736022E-15,2.5680305910202,9.98761416856328));
#14929=VECTOR('',#18490,1.0);
#14930=CARTESIAN_POINT('',(1.13797860024079E-15,6.34738366571694,11.6888888888899));
#14931=VECTOR('',#18491,1.0);
#14932=CARTESIAN_POINT('',(-0.03,5.75953466286795,11.6888888888899));
#14933=VECTOR('',#18492,1.0);
#14934=CARTESIAN_POINT('',(1.13797860024079E-15,3.89734475542367,9.86212937733345));
#14935=CARTESIAN_POINT('',(-5.96744875736022E-15,3.85246744490413,9.95035834968788));
#14936=CARTESIAN_POINT('',(1.13797860024079E-15,3.89734475542367,9.86212937733345));
#14937=VECTOR('',#18493,1.0);
#14938=CARTESIAN_POINT('',(-0.03,3.85246744490413,9.95035834968788));
#14939=CARTESIAN_POINT('',(1.13797860024079E-15,3.85246744490413,9.95035834968787));
#14940=VECTOR('',#18494,1.0);
#14941=CARTESIAN_POINT('',(-0.03,3.89734475542367,9.86212937733345));
#14942=CARTESIAN_POINT('',(-0.03,3.89734475542367,9.86212937733345));
#14943=VECTOR('',#18495,1.0);
#14944=CARTESIAN_POINT('',(1.13797860024079E-15,3.89734475542367,9.86212937733345));
#14945=VECTOR('',#18496,1.0);
#14946=CARTESIAN_POINT('',(1.13797860024079E-15,8.24759791744796,15.0));
#14947=VECTOR('',#18497,1.0);
#14948=AXIS2_PLACEMENT_3D('',#18498,#18499,#18500);
#14949=CARTESIAN_POINT('',(2.5,1.57000000000017,15.0));
#14950=VECTOR('',#18501,1.0);
#14951=CARTESIAN_POINT('',(1.5,1.72000000000016,15.0));
#14952=VECTOR('',#18502,1.0);
#14953=CARTESIAN_POINT('',(1.65,2.67000000000017,15.0));
#14954=VECTOR('',#18503,1.0);
#14955=CARTESIAN_POINT('',(1.13797860024079E-15,6.40373867595788,9.73749001095123));
#14956=CARTESIAN_POINT('',(1.13797860024079E-15,6.45972593142703,9.76209295328199));
#14957=CARTESIAN_POINT('',(1.13797860024079E-15,6.40373867595788,9.73749001095123));
#14958=VECTOR('',#18504,1.0);
#14959=CARTESIAN_POINT('',(-0.03,6.45972593142703,9.76209295328199));
#14960=CARTESIAN_POINT('',(1.13797860024079E-15,6.45972593142703,9.76209295328199));
#14961=VECTOR('',#18505,1.0);
#14962=CARTESIAN_POINT('',(-0.03,6.40373867595788,9.73749001095123));
#14963=CARTESIAN_POINT('',(-0.03,6.45972593142703,9.76209295328199));
#14964=VECTOR('',#18506,1.0);
#14965=CARTESIAN_POINT('',(1.13797860024079E-15,6.40373867595788,9.73749001095123));
#14966=VECTOR('',#18507,1.0);
#14967=CARTESIAN_POINT('',(1.13797860024079E-15,2.94244937441786,9.85003044976058));
#14968=CARTESIAN_POINT('',(1.13797860024079E-15,3.07747182705799,9.85003044976058));
#14969=VECTOR('',#18508,1.0);
#14970=CARTESIAN_POINT('',(-0.03,2.94244937441786,9.85003044976058));
#14971=CARTESIAN_POINT('',(1.13797860024079E-15,2.94244937441786,9.85003044976058));
#14972=VECTOR('',#18509,1.0);
#14973=CARTESIAN_POINT('',(-0.03,2.94244937441786,9.85003044976058));
#14974=VECTOR('',#18510,1.0);
#14975=CARTESIAN_POINT('',(1.13797860024079E-15,3.75136655945144,10.4127413673387));
#14976=CARTESIAN_POINT('',(1.13797860024079E-15,3.87506833754527,10.4127413673387));
#14977=CARTESIAN_POINT('',(1.13797860024079E-15,3.75136655945144,10.4127413673387));
#14978=VECTOR('',#18511,1.0);
#14979=CARTESIAN_POINT('',(-0.03,3.87506833754527,10.4127413673387));
#14980=CARTESIAN_POINT('',(1.13797860024079E-15,3.87506833754527,10.4127413673387));
#14981=VECTOR('',#18512,1.0);
#14982=CARTESIAN_POINT('',(-0.03,3.75136655945144,10.4127413673387));
#14983=CARTESIAN_POINT('',(-0.03,3.75136655945144,10.4127413673387));
#14984=VECTOR('',#18513,1.0);
#14985=CARTESIAN_POINT('',(1.13797860024079E-15,3.75136655945144,10.4127413673387));
#14986=VECTOR('',#18514,1.0);
#14987=CARTESIAN_POINT('',(-0.03,6.47738366571695,13.581111111109));
#14988=VECTOR('',#18515,1.0);
#14989=CARTESIAN_POINT('',(-0.03,5.62953466286795,12.4337362515674));
#14990=CARTESIAN_POINT('',(-0.03,5.62953466286795,11.8188888888899));
#14991=VECTOR('',#18516,1.0);
#14992=AXIS2_PLACEMENT_3D('',#18517,#18518,#18519);
#14993=CARTESIAN_POINT('',(-0.03,5.70198458195385,13.2254237151077));
#14994=AXIS2_PLACEMENT_3D('',#18520,#18521,#18522);
#14995=AXIS2_PLACEMENT_3D('',#18523,#18524,#18525);
#14996=CARTESIAN_POINT('',(-0.03,5.62953466286795,13.3419912414038));
#14997=VECTOR('',#18526,1.0);
#14998=CARTESIAN_POINT('',(-0.03,6.34738366571694,13.711111111109));
#14999=VECTOR('',#18527,1.0);
#15000=CARTESIAN_POINT('',(1.13797860024079E-15,3.02117221581956,9.66236940243984));
#15001=CARTESIAN_POINT('',(1.13797860024079E-15,3.02117221581956,9.69999999999972));
#15002=CARTESIAN_POINT('',(1.13797860024079E-15,3.02117221581956,9.66236940243984));
#15003=VECTOR('',#18528,1.0);
#15004=CARTESIAN_POINT('',(-0.03,3.02117221581956,9.69999999999972));
#15005=CARTESIAN_POINT('',(1.13797860024079E-15,3.02117221581956,9.69999999999972));
#15006=VECTOR('',#18529,1.0);
#15007=CARTESIAN_POINT('',(-0.03,3.02117221581956,9.66236940243984));
#15008=CARTESIAN_POINT('',(-0.03,3.02117221581956,9.69999999999972));
#15009=VECTOR('',#18530,1.0);
#15010=CARTESIAN_POINT('',(1.13797860024079E-15,3.02117221581956,9.66236940243984));
#15011=VECTOR('',#18531,1.0);
#15012=CARTESIAN_POINT('',(-0.03,7.96000000000013,14.5000000000001));
#15013=CARTESIAN_POINT('',(-0.03,7.96000000000013,14.5000000000001));
#15014=VECTOR('',#18532,1.0);
#15015=AXIS2_PLACEMENT_3D('',#18533,#18534,#18535);
#15016=CARTESIAN_POINT('',(-0.03,8.46000000000013,9.19999999999974));
#15017=CARTESIAN_POINT('',(-0.03,8.46000000000013,9.19999999999974));
#15018=VECTOR('',#18536,1.0);
#15019=AXIS2_PLACEMENT_3D('',#18537,#18538,#18539);
#15020=CARTESIAN_POINT('',(-0.03,1.97494014940163,8.69999999999974));
#15021=CARTESIAN_POINT('',(-0.03,1.97494014940163,8.69999999999974));
#15022=VECTOR('',#18540,1.0);
#15023=AXIS2_PLACEMENT_3D('',#18541,#18542,#18543);
#15024=CARTESIAN_POINT('',(-0.03,1.47494014940163,14.0000000000001));
#15025=CARTESIAN_POINT('',(-0.03,1.47494014940163,14.0000000000001));
#15026=VECTOR('',#18544,1.0);
#15027=AXIS2_PLACEMENT_3D('',#18545,#18546,#18547);
#15028=CARTESIAN_POINT('',(-0.03,4.8797191971921,9.69999999999972));
#15029=CARTESIAN_POINT('',(-0.03,4.45001154962614,9.69999999999972));
#15030=CARTESIAN_POINT('',(-0.03,4.8797191971921,9.69999999999972));
#15031=VECTOR('',#18548,1.0);
#15032=CARTESIAN_POINT('',(-0.03,4.8797191971921,10.6999999999997));
#15033=CARTESIAN_POINT('',(-0.03,4.8797191971921,10.6999999999997));
#15034=VECTOR('',#18549,1.0);
#15035=CARTESIAN_POINT('',(-0.03,4.45178348588863,10.6999999999997));
#15036=VECTOR('',#18550,1.0);
#15037=CARTESIAN_POINT('',(-0.03,4.23803402519635,10.5237249572386));
#15038=CARTESIAN_POINT('',(-0.03,4.28235259824033,10.599316309336));
#15039=VECTOR('',#18551,1.0);
#15040=CARTESIAN_POINT('',(-0.03,4.22637124281635,10.4615240732271));
#15041=CARTESIAN_POINT('',(-0.03,4.23803402519635,10.5237249572386));
#15042=VECTOR('',#18552,1.0);
#15043=CARTESIAN_POINT('',(-0.03,4.226760002229,10.4131456078847));
#15044=CARTESIAN_POINT('',(-0.03,4.22637124281635,10.461524073227));
#15045=VECTOR('',#18553,1.0);
#15046=CARTESIAN_POINT('',(-0.03,4.23881154402168,10.3496488721229));
#15047=CARTESIAN_POINT('',(-0.03,4.226760002229,10.4131456078847));
#15048=VECTOR('',#18554,1.0);
#15049=CARTESIAN_POINT('',(-0.03,4.23881154402167,10.3496488721229));
#15050=VECTOR('',#18555,1.0);
#15051=CARTESIAN_POINT('',(-0.0299999999999929,4.24993666479888,10.2012029416245));
#15052=CARTESIAN_POINT('',(-0.03,4.30554833202665,10.2500247675657));
#15053=VECTOR('',#18556,1.0);
#15054=CARTESIAN_POINT('',(-0.03,4.20428017256864,10.1253002591066));
#15055=CARTESIAN_POINT('',(-0.03,4.24993666479888,10.2012029416245));
#15056=VECTOR('',#18557,1.0);
#15057=CARTESIAN_POINT('',(-0.03,4.18221222212233,10.0379549611337));
#15058=CARTESIAN_POINT('',(-0.03,4.20428017256863,10.1253002591066));
#15059=VECTOR('',#18558,1.0);
#15060=CARTESIAN_POINT('',(-0.03,4.18221222212233,9.97449245541809));
#15061=CARTESIAN_POINT('',(-0.03,4.18221222212233,10.0379549611337));
#15062=VECTOR('',#18559,1.0);
#15063=CARTESIAN_POINT('',(-0.03,4.20428897466857,9.88788065843593));
#15064=CARTESIAN_POINT('',(-0.03,4.18221222212233,9.97449245541809));
#15065=VECTOR('',#18560,1.0);
#15066=CARTESIAN_POINT('',(-0.03,4.23929492600836,9.82452573286565));
#15067=CARTESIAN_POINT('',(-0.03,4.20428897466857,9.88788065843593));
#15068=VECTOR('',#18561,1.0);
#15069=CARTESIAN_POINT('',(-0.03,4.29559315702906,9.7623737489201));
#15070=CARTESIAN_POINT('',(-0.03,4.23929492600836,9.82452573286565));
#15071=VECTOR('',#18562,1.0);
#15072=CARTESIAN_POINT('',(-0.03,4.36235708484213,9.72387961692803));
#15073=CARTESIAN_POINT('',(-0.03,4.29559315702906,9.7623737489201));
#15074=VECTOR('',#18563,1.0);
#15075=CARTESIAN_POINT('',(-0.03,4.36235708484213,9.72387961692803));
#15076=VECTOR('',#18564,1.0);
#15077=CARTESIAN_POINT('',(-0.03,3.92005877810331,9.69999999999972));
#15078=CARTESIAN_POINT('',(-0.03,3.92005877810331,9.77618528610327));
#15079=CARTESIAN_POINT('',(-0.03,3.92005877810331,9.69999999999972));
#15080=VECTOR('',#18565,1.0);
#15081=CARTESIAN_POINT('',(-0.03,3.92005877810331,9.77618528610327));
#15082=VECTOR('',#18566,1.0);
#15083=CARTESIAN_POINT('',(-0.03,3.79508952373487,10.0265123456787));
#15084=CARTESIAN_POINT('',(-0.03,3.85246744490413,9.95035834968788));
#15085=VECTOR('',#18567,1.0);
#15086=CARTESIAN_POINT('',(-0.03,3.72889889380414,10.1124444317429));
#15087=CARTESIAN_POINT('',(-0.03,3.79508952373487,10.0265123456787));
#15088=VECTOR('',#18568,1.0);
#15089=CARTESIAN_POINT('',(-0.03,3.66199663854598,10.1745132855761));
#15090=CARTESIAN_POINT('',(-0.03,3.72889889380414,10.1124444317429));
#15091=VECTOR('',#18569,1.0);
#15092=CARTESIAN_POINT('',(-0.03,3.51510298437628,10.3374871037213));
#15093=CARTESIAN_POINT('',(-0.03,3.66199663854598,10.1745132855761));
#15094=VECTOR('',#18570,1.0);
#15095=CARTESIAN_POINT('',(-0.03,3.49246085920711,10.3745879058068));
#15096=CARTESIAN_POINT('',(-0.03,3.51510298437628,10.3374871037213));
#15097=VECTOR('',#18571,1.0);
#15098=CARTESIAN_POINT('',(-0.03,3.48111348540719,10.4131325678671));
#15099=CARTESIAN_POINT('',(-0.03,3.49246085920711,10.3745879058068));
#15100=VECTOR('',#18572,1.0);
#15101=CARTESIAN_POINT('',(-0.03,3.48111348540719,10.460682992091));
#15102=CARTESIAN_POINT('',(-0.03,3.48111348540719,10.4131325678671));
#15103=VECTOR('',#18573,1.0);
#15104=CARTESIAN_POINT('',(-0.03,3.49230420621238,10.500143089148));
#15105=CARTESIAN_POINT('',(-0.03,3.48111348540719,10.460682992091));
#15106=VECTOR('',#18574,1.0);
#15107=CARTESIAN_POINT('',(-0.03,3.51522285972696,10.5372036364245));
#15108=CARTESIAN_POINT('',(-0.03,3.49230420621238,10.500143089148));
#15109=VECTOR('',#18575,1.0);
#15110=CARTESIAN_POINT('',(-0.03,3.54837305498914,10.5624411870239));
#15111=CARTESIAN_POINT('',(-0.03,3.51522285972696,10.5372036364245));
#15112=VECTOR('',#18576,1.0);
#15113=CARTESIAN_POINT('',(-0.03,3.59400573118334,10.5749462796632));
#15114=CARTESIAN_POINT('',(-0.03,3.54837305498914,10.5624411870239));
#15115=VECTOR('',#18577,1.0);
#15116=CARTESIAN_POINT('',(-0.03,3.63881988403777,10.5751736449839));
#15117=CARTESIAN_POINT('',(-0.03,3.59400573118334,10.5749462796632));
#15118=VECTOR('',#18578,1.0);
#15119=CARTESIAN_POINT('',(-0.03,3.68366667501469,10.5623723094377));
#15120=CARTESIAN_POINT('',(-0.03,3.63881988403777,10.5751736449839));
#15121=VECTOR('',#18579,1.0);
#15122=CARTESIAN_POINT('',(-0.03,3.71873424105386,10.5369377550845));
#15123=CARTESIAN_POINT('',(-0.03,3.68366667501469,10.5623723094377));
#15124=VECTOR('',#18580,1.0);
#15125=CARTESIAN_POINT('',(-0.0300000000000071,3.74065146982833,10.4995976646511));
#15126=CARTESIAN_POINT('',(-0.03,3.71873424105386,10.5369377550845));
#15127=VECTOR('',#18581,1.0);
#15128=CARTESIAN_POINT('',(-0.0300000000000071,3.75136655945144,10.4633398956796));
#15129=CARTESIAN_POINT('',(-0.03,3.74065146982833,10.4995976646511));
#15130=VECTOR('',#18582,1.0);
#15131=CARTESIAN_POINT('',(-0.03,3.75136655945144,10.4633398956796));
#15132=VECTOR('',#18583,1.0);
#15133=CARTESIAN_POINT('',(-0.03,3.87506833754527,10.4628606750323));
#15134=CARTESIAN_POINT('',(-0.03,3.87506833754527,10.4127413673387));
#15135=VECTOR('',#18584,1.0);
#15136=CARTESIAN_POINT('',(-0.03,3.86414199752437,10.5244128181677));
#15137=CARTESIAN_POINT('',(-0.03,3.87506833754527,10.4628606750323));
#15138=VECTOR('',#18585,1.0);
#15139=CARTESIAN_POINT('',(-0.03,3.81881118299078,10.5999634202101));
#15140=CARTESIAN_POINT('',(-0.03,3.86414199752437,10.5244128181677));
#15141=VECTOR('',#18586,1.0);
#15142=CARTESIAN_POINT('',(-0.03,3.77436057844816,10.6498414875778));
#15143=CARTESIAN_POINT('',(-0.03,3.81881118299078,10.5999634202101));
#15144=VECTOR('',#18587,1.0);
#15145=CARTESIAN_POINT('',(-0.03,3.70614430415006,10.6877390387641));
#15146=CARTESIAN_POINT('',(-0.03,3.77436057844816,10.6498414875778));
#15147=VECTOR('',#18588,1.0);
#15148=CARTESIAN_POINT('',(-0.03,3.64981086472971,10.6999999999997));
#15149=CARTESIAN_POINT('',(-0.03,3.70614430415007,10.6877390387641));
#15150=VECTOR('',#18589,1.0);
#15151=CARTESIAN_POINT('',(-0.03,3.58203469542711,10.6999999999997));
#15152=CARTESIAN_POINT('',(-0.03,3.64981086472971,10.6999999999997));
#15153=VECTOR('',#18590,1.0);
#15154=CARTESIAN_POINT('',(-0.03,3.526227595199,10.687531686495));
#15155=CARTESIAN_POINT('',(-0.03,3.58203469542711,10.6999999999997));
#15156=VECTOR('',#18591,1.0);
#15157=CARTESIAN_POINT('',(-0.03,3.45929518032369,10.6500020183669));
#15158=CARTESIAN_POINT('',(-0.03,3.526227595199,10.687531686495));
#15159=VECTOR('',#18592,1.0);
#15160=CARTESIAN_POINT('',(-0.03,3.41370653861294,10.5998089652875));
#15161=CARTESIAN_POINT('',(-0.03,3.45929518032369,10.6500020183669));
#15162=VECTOR('',#18593,1.0);
#15163=CARTESIAN_POINT('',(-0.03,3.36855589930702,10.5240118376261));
#15164=CARTESIAN_POINT('',(-0.03,3.41370653861294,10.5998089652875));
#15165=VECTOR('',#18594,1.0);
#15166=CARTESIAN_POINT('',(-0.03,3.35757122122581,10.4625436966207));
#15167=CARTESIAN_POINT('',(-0.03,3.36855589930702,10.5240118376261));
#15168=VECTOR('',#18595,1.0);
#15169=CARTESIAN_POINT('',(-0.03,3.35757122122581,10.4118970261983));
#15170=CARTESIAN_POINT('',(-0.03,3.35757122122581,10.4625436966207));
#15171=VECTOR('',#18596,1.0);
#15172=CARTESIAN_POINT('',(-0.03,3.369334885149,10.3486529407777));
#15173=CARTESIAN_POINT('',(-0.03,3.35757122122581,10.4118970261983));
#15174=VECTOR('',#18597,1.0);
#15175=CARTESIAN_POINT('',(-0.03,3.41458648078338,10.2743411404085));
#15176=CARTESIAN_POINT('',(-0.03,3.369334885149,10.3486529407777));
#15177=VECTOR('',#18598,1.0);
#15178=CARTESIAN_POINT('',(-0.03,3.43697022085308,10.2493532066586));
#15179=CARTESIAN_POINT('',(-0.03,3.41458648078338,10.2743411404085));
#15180=VECTOR('',#18599,1.0);
#15181=CARTESIAN_POINT('',(-0.03,3.60507817944825,10.0874930154085));
#15182=CARTESIAN_POINT('',(-0.03,3.43697022085308,10.2493532066586));
#15183=VECTOR('',#18600,1.0);
#15184=CARTESIAN_POINT('',(-0.03,3.64711302110747,10.0341700960217));
#15185=CARTESIAN_POINT('',(-0.03,3.60507817944825,10.0874930154085));
#15186=VECTOR('',#18601,1.0);
#15187=CARTESIAN_POINT('',(-0.0299999999999929,3.682890623206,9.98873867465974));
#15188=CARTESIAN_POINT('',(-0.03,3.64711302110747,10.0341700960217));
#15189=VECTOR('',#18602,1.0);
#15190=CARTESIAN_POINT('',(-0.03,3.74068521121134,9.89962319429598));
#15191=CARTESIAN_POINT('',(-0.03,3.682890623206,9.98873867465974));
#15192=VECTOR('',#18603,1.0);
#15193=CARTESIAN_POINT('',(-0.03,3.76228840435557,9.82529619537766));
#15194=CARTESIAN_POINT('',(-0.03,3.74068521121134,9.89962319429598));
#15195=VECTOR('',#18604,1.0);
#15196=CARTESIAN_POINT('',(-0.03,3.32382028225619,9.82529619537766));
#15197=CARTESIAN_POINT('',(-0.03,3.32382028225619,9.82529619537766));
#15198=VECTOR('',#18605,1.0);
#15199=CARTESIAN_POINT('',(-0.03,3.32382028225619,9.69999999999972));
#15200=CARTESIAN_POINT('',(-0.03,3.32382028225619,9.69999999999972));
#15201=VECTOR('',#18606,1.0);
#15202=CARTESIAN_POINT('',(-0.03,3.92005877810331,9.69999999999972));
#15203=VECTOR('',#18607,1.0);
#15204=CARTESIAN_POINT('',(-0.03,2.94244937441786,9.66250744567026));
#15205=CARTESIAN_POINT('',(-0.03,2.94244937441786,9.66250744567026));
#15206=VECTOR('',#18608,1.0);
#15207=CARTESIAN_POINT('',(-0.03,2.95351022983645,9.62514209432697));
#15208=CARTESIAN_POINT('',(-0.03,2.95351022983645,9.62514209432697));
#15209=VECTOR('',#18609,1.0);
#15210=CARTESIAN_POINT('',(-0.03,2.96447817025814,9.60050985034316));
#15211=CARTESIAN_POINT('',(-0.03,2.96447817025814,9.60050985034316));
#15212=VECTOR('',#18610,1.0);
#15213=CARTESIAN_POINT('',(-0.03,2.98618069066695,9.56343184097806));
#15214=CARTESIAN_POINT('',(-0.03,2.98618069066695,9.56343184097806));
#15215=VECTOR('',#18611,1.0);
#15216=CARTESIAN_POINT('',(-0.03,3.00995049950512,9.53776244987913));
#15217=CARTESIAN_POINT('',(-0.03,3.00995049950512,9.53776244987913));
#15218=VECTOR('',#18612,1.0);
#15219=CARTESIAN_POINT('',(-0.03,3.04242055538231,9.51261163233776));
#15220=CARTESIAN_POINT('',(-0.03,3.04242055538231,9.51261163233776));
#15221=VECTOR('',#18613,1.0);
#15222=CARTESIAN_POINT('',(-0.03,3.07765798099238,9.49964729339892));
#15223=CARTESIAN_POINT('',(-0.03,3.07765798099238,9.49964729339892));
#15224=VECTOR('',#18614,1.0);
#15225=CARTESIAN_POINT('',(-0.03,3.07765798099238,9.57535903280177));
#15226=CARTESIAN_POINT('',(-0.03,3.07765798099238,9.57535903280177));
#15227=VECTOR('',#18615,1.0);
#15228=CARTESIAN_POINT('',(-0.03,3.05478865841102,9.58754551140431));
#15229=CARTESIAN_POINT('',(-0.03,3.05478865841102,9.58754551140431));
#15230=VECTOR('',#18616,1.0);
#15231=CARTESIAN_POINT('',(-0.0300000000000071,3.03215269626416,9.62514209432697));
#15232=CARTESIAN_POINT('',(-0.03,3.03215269626416,9.62514209432697));
#15233=VECTOR('',#18617,1.0);
#15234=CARTESIAN_POINT('',(-0.03,3.02117221581956,9.66236940243984));
#15235=VECTOR('',#18618,1.0);
#15236=CARTESIAN_POINT('',(-0.03,3.07747182705799,9.69999999999972));
#15237=VECTOR('',#18619,1.0);
#15238=CARTESIAN_POINT('',(-0.03,2.60153037735237,10.6999999999997));
#15239=CARTESIAN_POINT('',(-0.03,2.6691428309918,10.1499127149652));
#15240=CARTESIAN_POINT('',(-0.03,2.60153037735237,10.6999999999997));
#15241=VECTOR('',#18620,1.0);
#15242=CARTESIAN_POINT('',(-0.03,2.1403399515478,10.6999999999997));
#15243=CARTESIAN_POINT('',(-0.03,2.1403399515478,10.6999999999997));
#15244=VECTOR('',#18621,1.0);
#15245=CARTESIAN_POINT('',(-0.03,2.1403399515478,10.5749526664293));
#15246=CARTESIAN_POINT('',(-0.03,2.1403399515478,10.5749526664293));
#15247=VECTOR('',#18622,1.0);
#15248=CARTESIAN_POINT('',(-0.03,2.51152890577843,10.5749526664293));
#15249=CARTESIAN_POINT('',(-0.03,2.51152890577843,10.5749526664293));
#15250=VECTOR('',#18623,1.0);
#15251=CARTESIAN_POINT('',(-0.03,2.54543129684008,10.2996558029922));
#15252=CARTESIAN_POINT('',(-0.03,2.54543129684009,10.2996558029922));
#15253=VECTOR('',#18624,1.0);
#15254=CARTESIAN_POINT('',(-0.03,2.48943109005226,10.3379236889021));
#15255=CARTESIAN_POINT('',(-0.03,2.48943109005226,10.3379236889021));
#15256=VECTOR('',#18625,1.0);
#15257=CARTESIAN_POINT('',(-0.03,2.42265150073723,10.3625467775271));
#15258=CARTESIAN_POINT('',(-0.03,2.42265150073723,10.3625467775271));
#15259=VECTOR('',#18626,1.0);
#15260=CARTESIAN_POINT('',(-0.03,2.36511710092388,10.3625467775271));
#15261=CARTESIAN_POINT('',(-0.03,2.36511710092388,10.3625467775271));
#15262=VECTOR('',#18627,1.0);
#15263=CARTESIAN_POINT('',(-0.0300000000000071,2.3091350259822,10.3501064408335));
#15264=CARTESIAN_POINT('',(-0.03,2.3091350259822,10.3501064408335));
#15265=VECTOR('',#18628,1.0);
#15266=CARTESIAN_POINT('',(-0.0300000000000071,2.25280844596396,10.3252257674465));
#15267=CARTESIAN_POINT('',(-0.03,2.25280844596396,10.3252257674465));
#15268=VECTOR('',#18629,1.0);
#15269=CARTESIAN_POINT('',(-0.03,2.18494094588081,10.2496267983088));
#15270=CARTESIAN_POINT('',(-0.03,2.18494094588081,10.2496267983088));
#15271=VECTOR('',#18630,1.0);
#15272=CARTESIAN_POINT('',(-0.0299999999999929,2.15135170091578,10.1999999999997));
#15273=CARTESIAN_POINT('',(-0.03,2.15135170091578,10.1999999999997));
#15274=VECTOR('',#18631,1.0);
#15275=CARTESIAN_POINT('',(-0.03,2.12930337601568,10.1499127149652));
#15276=CARTESIAN_POINT('',(-0.03,2.12930337601568,10.1499127149652));
#15277=VECTOR('',#18632,1.0);
#15278=CARTESIAN_POINT('',(-0.03,2.10639378842417,10.0748879152133));
#15279=CARTESIAN_POINT('',(-0.03,2.10639378842417,10.0748879152133));
#15280=VECTOR('',#18633,1.0);
#15281=CARTESIAN_POINT('',(-0.03,2.10639378842417,9.97536522166502));
#15282=CARTESIAN_POINT('',(-0.03,2.10639378842417,9.97536522166502));
#15283=VECTOR('',#18634,1.0);
#15284=CARTESIAN_POINT('',(-0.03,2.12913112347739,9.89995764232262));
#15285=CARTESIAN_POINT('',(-0.03,2.12913112347739,9.89995764232262));
#15286=VECTOR('',#18635,1.0);
#15287=CARTESIAN_POINT('',(-0.03,2.15135170091578,9.84981351595789));
#15288=CARTESIAN_POINT('',(-0.03,2.15135170091578,9.84981351595789));
#15289=VECTOR('',#18636,1.0);
#15290=CARTESIAN_POINT('',(-0.03,2.18459644080424,9.80062633856959));
#15291=CARTESIAN_POINT('',(-0.03,2.18459644080424,9.80062633856959));
#15292=VECTOR('',#18637,1.0);
#15293=CARTESIAN_POINT('',(-0.0300000000000071,2.21921920099893,9.76253976930783));
#15294=CARTESIAN_POINT('',(-0.03,2.21921920099893,9.76253976930783));
#15295=VECTOR('',#18638,1.0);
#15296=CARTESIAN_POINT('',(-0.03,2.2533252035788,9.73746770612547));
#15297=CARTESIAN_POINT('',(-0.03,2.25332520357881,9.73746770612547));
#15298=VECTOR('',#18639,1.0);
#15299=CARTESIAN_POINT('',(-0.03,2.3091350259822,9.71277842253367));
#15300=CARTESIAN_POINT('',(-0.03,2.3091350259822,9.71277842253367));
#15301=VECTOR('',#18640,1.0);
#15302=CARTESIAN_POINT('',(-0.03,2.3649448483856,9.69999999999972));
#15303=CARTESIAN_POINT('',(-0.03,2.3649448483856,9.69999999999972));
#15304=VECTOR('',#18641,1.0);
#15305=CARTESIAN_POINT('',(-0.03,2.4217881860187,9.69999999999972));
#15306=CARTESIAN_POINT('',(-0.03,2.4217881860187,9.69999999999972));
#15307=VECTOR('',#18642,1.0);
#15308=CARTESIAN_POINT('',(-0.03,2.47742575588381,9.7123956429431));
#15309=CARTESIAN_POINT('',(-0.03,2.47742575588381,9.7123956429431));
#15310=VECTOR('',#18643,1.0);
#15311=CARTESIAN_POINT('',(-0.03,2.53409684097862,9.73765909592075));
#15312=CARTESIAN_POINT('',(-0.03,2.53409684097863,9.73765909592075));
#15313=VECTOR('',#18644,1.0);
#15314=CARTESIAN_POINT('',(-0.03,2.5680305910202,9.76253976930782));
#15315=CARTESIAN_POINT('',(-0.03,2.5680305910202,9.76253976930782));
#15316=VECTOR('',#18645,1.0);
#15317=CARTESIAN_POINT('',(-0.0299999999999929,2.60144758344694,9.79986077938845));
#15318=CARTESIAN_POINT('',(-0.03,2.60144758344694,9.79986077938845));
#15319=VECTOR('',#18646,1.0);
#15320=CARTESIAN_POINT('',(-0.0299999999999929,2.63520908095023,9.84923934657203));
#15321=CARTESIAN_POINT('',(-0.03,2.63520908095023,9.84923934657203));
#15322=VECTOR('',#18647,1.0);
#15323=CARTESIAN_POINT('',(-0.03,2.65794641600345,9.90053181170849));
#15324=CARTESIAN_POINT('',(-0.03,2.65794641600345,9.90053181170849));
#15325=VECTOR('',#18648,1.0);
#15326=CARTESIAN_POINT('',(-0.03,2.67999474090358,9.97517383186972));
#15327=CARTESIAN_POINT('',(-0.03,2.67999474090358,9.97517383186972));
#15328=VECTOR('',#18649,1.0);
#15329=CARTESIAN_POINT('',(-0.03,2.5680305910202,9.98761416856328));
#15330=VECTOR('',#18650,1.0);
#15331=CARTESIAN_POINT('',(-0.03,2.5229004259903,9.88770869542439));
#15332=CARTESIAN_POINT('',(-0.03,2.5229004259903,9.88770869542439));
#15333=VECTOR('',#18651,1.0);
#15334=CARTESIAN_POINT('',(-0.03,2.47828701857521,9.85038768534375));
#15335=CARTESIAN_POINT('',(-0.03,2.47828701857521,9.85038768534375));
#15336=VECTOR('',#18652,1.0);
#15337=CARTESIAN_POINT('',(-0.03,2.42213269109527,9.82493284257082));
#15338=CARTESIAN_POINT('',(-0.03,2.42213269109527,9.82493284257082));
#15339=VECTOR('',#18653,1.0);
#15340=CARTESIAN_POINT('',(-0.03,2.36528935346217,9.82493284257082));
#15341=CARTESIAN_POINT('',(-0.03,2.36528935346217,9.82493284257082));
#15342=VECTOR('',#18654,1.0);
#15343=CARTESIAN_POINT('',(-0.03,2.30913502598219,9.85000490575319));
#15344=CARTESIAN_POINT('',(-0.03,2.30913502598219,9.85000490575319));
#15345=VECTOR('',#18655,1.0);
#15346=CARTESIAN_POINT('',(-0.03,2.26400486095228,9.88732591583381));
#15347=CARTESIAN_POINT('',(-0.03,2.26400486095228,9.88732591583381));
#15348=VECTOR('',#18656,1.0);
#15349=CARTESIAN_POINT('',(-0.03,2.24178428351389,9.92445553611916));
#15350=CARTESIAN_POINT('',(-0.03,2.24178428351389,9.92445553611916));
#15351=VECTOR('',#18657,1.0);
#15352=CARTESIAN_POINT('',(-0.03,2.2187024433841,9.9872313889727));
#15353=CARTESIAN_POINT('',(-0.03,2.2187024433841,9.9872313889727));
#15354=VECTOR('',#18658,1.0);
#15355=CARTESIAN_POINT('',(-0.03,2.2187024433841,10.0879024212927));
#15356=CARTESIAN_POINT('',(-0.03,2.2187024433841,10.0879024212927));
#15357=VECTOR('',#18659,1.0);
#15358=CARTESIAN_POINT('',(-0.03,2.24143977843732,10.1497213251699));
#15359=CARTESIAN_POINT('',(-0.03,2.24143977843732,10.1497213251699));
#15360=VECTOR('',#18660,1.0);
#15361=CARTESIAN_POINT('',(-0.03,2.26417711349056,10.1874251148411));
#15362=CARTESIAN_POINT('',(-0.03,2.26417711349056,10.1874251148411));
#15363=VECTOR('',#18661,1.0);
#15364=CARTESIAN_POINT('',(-0.0300000000000071,2.30844601582905,10.2245547351264));
#15365=CARTESIAN_POINT('',(-0.03,2.30844601582906,10.2245547351264));
#15366=VECTOR('',#18662,1.0);
#15367=CARTESIAN_POINT('',(-0.03,2.36442809077074,10.2502009676946));
#15368=CARTESIAN_POINT('',(-0.03,2.36442809077074,10.2502009676946));
#15369=VECTOR('',#18663,1.0);
#15370=CARTESIAN_POINT('',(-0.0299999999999929,2.4217881860187,10.2502009676946));
#15371=CARTESIAN_POINT('',(-0.03,2.4217881860187,10.2502009676946));
#15372=VECTOR('',#18664,1.0);
#15373=CARTESIAN_POINT('',(-0.0299999999999929,2.48931118102528,10.224937514717));
#15374=CARTESIAN_POINT('',(-0.03,2.48931118102528,10.224937514717));
#15375=VECTOR('',#18665,1.0);
#15376=CARTESIAN_POINT('',(-0.03,2.5344413460552,10.1872337250458));
#15377=CARTESIAN_POINT('',(-0.03,2.5344413460552,10.1872337250458));
#15378=VECTOR('',#18666,1.0);
#15379=CARTESIAN_POINT('',(-0.03,2.55614516587873,10.1499127149652));
#15380=CARTESIAN_POINT('',(-0.03,2.55614516587873,10.1499127149652));
#15381=VECTOR('',#18667,1.0);
#15382=CARTESIAN_POINT('',(-0.03,2.6691428309918,10.1499127149652));
#15383=VECTOR('',#18668,1.0);
#15384=CARTESIAN_POINT('',(-0.03,6.58500000000015,13.9999999999924));
#15385=AXIS2_PLACEMENT_3D('',#18669,#18670,#18671);
#15386=CARTESIAN_POINT('',(-0.03,6.58500000000015,13.9999999999924));
#15387=VECTOR('',#18672,1.0);
#15388=CARTESIAN_POINT('',(-0.03,4.21645299145315,13.8249999999924));
#15389=AXIS2_PLACEMENT_3D('',#18673,#18674,#18675);
#15390=CARTESIAN_POINT('',(-0.03,4.21645299145315,13.8249999999924));
#15391=VECTOR('',#18676,1.0);
#15392=CARTESIAN_POINT('',(-0.03,4.39145299145315,11.3999999999997));
#15393=AXIS2_PLACEMENT_3D('',#18677,#18678,#18679);
#15394=CARTESIAN_POINT('',(-0.03,4.39145299145315,11.3999999999997));
#15395=VECTOR('',#18680,1.0);
#15396=CARTESIAN_POINT('',(-0.03,6.76000000000014,11.5749999999997));
#15397=AXIS2_PLACEMENT_3D('',#18681,#18682,#18683);
#15398=CARTESIAN_POINT('',(-0.03,6.76000000000014,13.8249999999924));
#15399=VECTOR('',#18684,1.0);
#15400=CARTESIAN_POINT('',(-0.03,7.61166303347094,10.6999999999997));
#15401=CARTESIAN_POINT('',(-0.03,7.76847030692543,10.6999999999997));
#15402=CARTESIAN_POINT('',(-0.03,7.61166303347094,10.6999999999997));
#15403=VECTOR('',#18685,1.0);
#15404=CARTESIAN_POINT('',(-0.03,7.32999369993713,9.89997364476933));
#15405=CARTESIAN_POINT('',(-0.03,7.32999369993712,9.89997364476933));
#15406=VECTOR('',#18686,1.0);
#15407=CARTESIAN_POINT('',(-0.03,7.04832436640332,10.6999999999997));
#15408=CARTESIAN_POINT('',(-0.03,7.04832436640332,10.6999999999997));
#15409=VECTOR('',#18687,1.0);
#15410=CARTESIAN_POINT('',(-0.03,6.89151709294883,10.6999999999997));
#15411=CARTESIAN_POINT('',(-0.03,6.89151709294883,10.6999999999997));
#15412=VECTOR('',#18688,1.0);
#15413=CARTESIAN_POINT('',(-0.03,6.89151709294883,9.69999999999972));
#15414=CARTESIAN_POINT('',(-0.03,6.89151709294883,9.69999999999972));
#15415=VECTOR('',#18689,1.0);
#15416=CARTESIAN_POINT('',(-0.03,7.00416636758974,9.69999999999972));
#15417=CARTESIAN_POINT('',(-0.03,7.00416636758974,9.69999999999972));
#15418=VECTOR('',#18690,1.0);
#15419=CARTESIAN_POINT('',(-0.03,7.00416636758974,10.4756790123454));
#15420=CARTESIAN_POINT('',(-0.03,7.00416636758974,10.4756790123454));
#15421=VECTOR('',#18691,1.0);
#15422=CARTESIAN_POINT('',(-0.03,7.27224312243137,9.69999999999972));
#15423=CARTESIAN_POINT('',(-0.03,7.27224312243137,9.69999999999972));
#15424=VECTOR('',#18692,1.0);
#15425=CARTESIAN_POINT('',(-0.03,7.38774427744289,9.69999999999972));
#15426=CARTESIAN_POINT('',(-0.03,7.38774427744289,9.69999999999972));
#15427=VECTOR('',#18693,1.0);
#15428=CARTESIAN_POINT('',(-0.03,7.65582103228452,10.4756790123454));
#15429=CARTESIAN_POINT('',(-0.03,7.65582103228452,10.4756790123454));
#15430=VECTOR('',#18694,1.0);
#15431=CARTESIAN_POINT('',(-0.03,7.65582103228452,9.69999999999972));
#15432=CARTESIAN_POINT('',(-0.03,7.65582103228452,9.69999999999972));
#15433=VECTOR('',#18695,1.0);
#15434=CARTESIAN_POINT('',(-0.03,7.76847030692543,9.69999999999972));
#15435=CARTESIAN_POINT('',(-0.03,7.76847030692543,9.69999999999972));
#15436=VECTOR('',#18696,1.0);
#15437=CARTESIAN_POINT('',(-0.03,7.76847030692543,10.6999999999997));
#15438=VECTOR('',#18697,1.0);
#15439=CARTESIAN_POINT('',(-0.03,6.50527183378618,10.0749303663334));
#15440=CARTESIAN_POINT('',(-0.03,6.49410787685923,9.98749545599149));
#15441=VECTOR('',#18698,1.0);
#15442=CARTESIAN_POINT('',(-0.03,6.42658315501015,9.87496941099737));
#15443=CARTESIAN_POINT('',(-0.03,6.42658315501015,9.87496941099737));
#15444=VECTOR('',#18699,1.0);
#15445=CARTESIAN_POINT('',(-0.03,6.38369932425139,9.85081440837242));
#15446=CARTESIAN_POINT('',(-0.03,6.3836993242514,9.85081440837242));
#15447=VECTOR('',#18700,1.0);
#15448=CARTESIAN_POINT('',(-0.03,6.3357528190281,9.83757879049575));
#15449=CARTESIAN_POINT('',(-0.03,6.3357528190281,9.83757879049575));
#15450=VECTOR('',#18701,1.0);
#15451=CARTESIAN_POINT('',(-0.03,6.26904004026292,9.8250182185626));
#15452=CARTESIAN_POINT('',(-0.03,6.26904004026292,9.8250182185626));
#15453=VECTOR('',#18702,1.0);
#15454=CARTESIAN_POINT('',(-0.03,6.21280072441775,9.8249994816799));
#15455=CARTESIAN_POINT('',(-0.03,6.21280072441776,9.8249994816799));
#15456=VECTOR('',#18703,1.0);
#15457=CARTESIAN_POINT('',(-0.03,6.12273532769315,9.83743649618911));
#15458=CARTESIAN_POINT('',(-0.03,6.12273532769315,9.83743649618911));
#15459=VECTOR('',#18704,1.0);
#15460=CARTESIAN_POINT('',(-0.0299999999999929,6.05474090468707,9.86287119266781));
#15461=CARTESIAN_POINT('',(-0.03,6.05474090468707,9.86287119266781));
#15462=VECTOR('',#18705,1.0);
#15463=CARTESIAN_POINT('',(-0.0299999999999929,6.01007952342911,9.88782686836328));
#15464=CARTESIAN_POINT('',(-0.03,6.01007952342911,9.88782686836328));
#15465=VECTOR('',#18706,1.0);
#15466=CARTESIAN_POINT('',(-0.03,5.97686920047082,9.93718659503097));
#15467=CARTESIAN_POINT('',(-0.03,5.97686920047082,9.93718659503097));
#15468=VECTOR('',#18707,1.0);
#15469=CARTESIAN_POINT('',(-0.03,5.96543967373842,9.97528463648806));
#15470=CARTESIAN_POINT('',(-0.03,5.96543967373842,9.97528463648806));
#15471=VECTOR('',#18708,1.0);
#15472=CARTESIAN_POINT('',(-0.03,5.97643789757526,10.0248839734794));
#15473=CARTESIAN_POINT('',(-0.03,5.97643789757526,10.0248839734794));
#15474=VECTOR('',#18709,1.0);
#15475=CARTESIAN_POINT('',(-0.03,5.99908129959227,10.0502826677841));
#15476=CARTESIAN_POINT('',(-0.03,5.99908129959227,10.0502826677841));
#15477=VECTOR('',#18710,1.0);
#15478=CARTESIAN_POINT('',(-0.03,6.0577494960136,10.0748353909462));
#15479=CARTESIAN_POINT('',(-0.03,6.0577494960136,10.0748353909462));
#15480=VECTOR('',#18711,1.0);
#15481=CARTESIAN_POINT('',(-0.03,6.34783313064731,10.1624942530463));
#15482=CARTESIAN_POINT('',(-0.03,6.34783313064731,10.1624942530463));
#15483=VECTOR('',#18712,1.0);
#15484=CARTESIAN_POINT('',(-0.0300000000000071,6.4603749508463,10.2125053366431));
#15485=CARTESIAN_POINT('',(-0.03,6.4603749508463,10.2125053366431));
#15486=VECTOR('',#18713,1.0);
#15487=CARTESIAN_POINT('',(-0.0300000000000071,6.50869215494636,10.2482947889348));
#15488=CARTESIAN_POINT('',(-0.03,6.50869215494636,10.2482947889348));
#15489=VECTOR('',#18714,1.0);
#15490=CARTESIAN_POINT('',(-0.03,6.56138218056481,10.2875115581971));
#15491=CARTESIAN_POINT('',(-0.03,6.56138218056481,10.2875115581971));
#15492=VECTOR('',#18715,1.0);
#15493=CARTESIAN_POINT('',(-0.03,6.59505314675169,10.3492038815219));
#15494=CARTESIAN_POINT('',(-0.03,6.59505314675169,10.3492038815219));
#15495=VECTOR('',#18716,1.0);
#15496=CARTESIAN_POINT('',(-0.03,6.60680174960579,10.4130282477262));
#15497=CARTESIAN_POINT('',(-0.03,6.60680174960579,10.4130282477262));
#15498=VECTOR('',#18717,1.0);
#15499=CARTESIAN_POINT('',(-0.03,6.60610051564634,10.4391294729798));
#15500=CARTESIAN_POINT('',(-0.03,6.60610051564634,10.4391294729798));
#15501=VECTOR('',#18718,1.0);
#15502=CARTESIAN_POINT('',(-0.03,6.59488077229512,10.4761386729662));
#15503=CARTESIAN_POINT('',(-0.03,6.59488077229512,10.4761386729662));
#15504=VECTOR('',#18719,1.0);
#15505=CARTESIAN_POINT('',(-0.03,6.57209066861293,10.5135374434788));
#15506=CARTESIAN_POINT('',(-0.03,6.57209066861293,10.5135374434788));
#15507=VECTOR('',#18720,1.0);
#15508=CARTESIAN_POINT('',(-0.03,6.52765183018343,10.575268620371));
#15509=CARTESIAN_POINT('',(-0.03,6.52765183018343,10.575268620371));
#15510=VECTOR('',#18721,1.0);
#15511=CARTESIAN_POINT('',(-0.03,6.46069998833011,10.6373192066319));
#15512=CARTESIAN_POINT('',(-0.03,6.46069998833011,10.6373192066319));
#15513=VECTOR('',#18722,1.0);
#15514=CARTESIAN_POINT('',(-0.03,6.41532504337739,10.662703537375));
#15515=CARTESIAN_POINT('',(-0.03,6.41532504337739,10.662703537375));
#15516=VECTOR('',#18723,1.0);
#15517=CARTESIAN_POINT('',(-0.03,6.34615205037251,10.6877353079689));
#15518=CARTESIAN_POINT('',(-0.03,6.34615205037251,10.6877353079689));
#15519=VECTOR('',#18724,1.0);
#15520=CARTESIAN_POINT('',(-0.03,6.28059636067158,10.6999999999997));
#15521=CARTESIAN_POINT('',(-0.03,6.28059636067158,10.6999999999997));
#15522=VECTOR('',#18725,1.0);
#15523=CARTESIAN_POINT('',(-0.03,6.21264079162149,10.6999999999997));
#15524=CARTESIAN_POINT('',(-0.03,6.21264079162149,10.6999999999997));
#15525=VECTOR('',#18726,1.0);
#15526=CARTESIAN_POINT('',(-0.03,6.14571485240548,10.6873913819458));
#15527=CARTESIAN_POINT('',(-0.03,6.14571485240548,10.6873913819458));
#15528=VECTOR('',#18727,1.0);
#15529=CARTESIAN_POINT('',(-0.03,6.06677656512508,10.6626042449248));
#15530=CARTESIAN_POINT('',(-0.03,6.06677656512508,10.6626042449248));
#15531=VECTOR('',#18728,1.0);
#15532=CARTESIAN_POINT('',(-0.03,6.01007569199733,10.637324962716));
#15533=CARTESIAN_POINT('',(-0.03,6.01007569199733,10.637324962716));
#15534=VECTOR('',#18729,1.0);
#15535=CARTESIAN_POINT('',(-0.03,5.94300987853972,10.5755521075114));
#15536=CARTESIAN_POINT('',(-0.03,5.94300987853972,10.5755521075114));
#15537=VECTOR('',#18730,1.0);
#15538=CARTESIAN_POINT('',(-0.03,5.90907871876188,10.5118322568706));
#15539=CARTESIAN_POINT('',(-0.03,5.90907871876188,10.5118322568706));
#15540=VECTOR('',#18731,1.0);
#15541=CARTESIAN_POINT('',(-0.03,5.88629864435704,10.4247484609948));
#15542=CARTESIAN_POINT('',(-0.03,5.88629864435704,10.4247484609948));
#15543=VECTOR('',#18732,1.0);
#15544=CARTESIAN_POINT('',(-0.03,5.99910374328681,10.4249994349959));
#15545=CARTESIAN_POINT('',(-0.03,5.99910374328681,10.4249994349959));
#15546=VECTOR('',#18733,1.0);
#15547=CARTESIAN_POINT('',(-0.03,6.02159627969111,10.4875134545693));
#15548=CARTESIAN_POINT('',(-0.03,6.02159627969111,10.4875134545693));
#15549=VECTOR('',#18734,1.0);
#15550=CARTESIAN_POINT('',(-0.03,6.07777871033339,10.5373201971269));
#15551=CARTESIAN_POINT('',(-0.03,6.07777871033339,10.5373201971269));
#15552=VECTOR('',#18735,1.0);
#15553=CARTESIAN_POINT('',(-0.03,6.14548172866945,10.5626311377981));
#15554=CARTESIAN_POINT('',(-0.03,6.14548172866945,10.5626311377981));
#15555=VECTOR('',#18736,1.0);
#15556=CARTESIAN_POINT('',(-0.03,6.21238824090747,10.5750211087561));
#15557=CARTESIAN_POINT('',(-0.03,6.21238824090747,10.5750211087561));
#15558=VECTOR('',#18737,1.0);
#15559=CARTESIAN_POINT('',(-0.03,6.26925877630974,10.5750211087561));
#15560=CARTESIAN_POINT('',(-0.03,6.26925877630974,10.5750211087561));
#15561=VECTOR('',#18738,1.0);
#15562=CARTESIAN_POINT('',(-0.03,6.33648389098698,10.5628081373832));
#15563=CARTESIAN_POINT('',(-0.03,6.33648389098698,10.5628081373832));
#15564=VECTOR('',#18739,1.0);
#15565=CARTESIAN_POINT('',(-0.03,6.40434621054266,10.5373201971269));
#15566=CARTESIAN_POINT('',(-0.03,6.40434621054266,10.5373201971269));
#15567=VECTOR('',#18740,1.0);
#15568=CARTESIAN_POINT('',(-0.0299999999999929,6.43748086422242,10.5128942543813));
#15569=CARTESIAN_POINT('',(-0.03,6.43748086422242,10.5128942543813));
#15570=VECTOR('',#18741,1.0);
#15571=CARTESIAN_POINT('',(-0.03,6.48309303367757,10.4624623090084));
#15572=CARTESIAN_POINT('',(-0.03,6.48309303367757,10.4624623090084));
#15573=VECTOR('',#18742,1.0);
#15574=CARTESIAN_POINT('',(-0.03,6.49402482071396,10.4127016254867));
#15575=CARTESIAN_POINT('',(-0.03,6.49402482071396,10.4127016254867));
#15576=VECTOR('',#18743,1.0);
#15577=CARTESIAN_POINT('',(-0.03,6.49420113985973,10.3878212837258));
#15578=CARTESIAN_POINT('',(-0.03,6.49420113985973,10.3878212837258));
#15579=VECTOR('',#18744,1.0);
#15580=CARTESIAN_POINT('',(-0.03,6.47163228920391,10.3374728755956));
#15581=CARTESIAN_POINT('',(-0.03,6.47163228920391,10.3374728755956));
#15582=VECTOR('',#18745,1.0);
#15583=CARTESIAN_POINT('',(-0.03,6.38834668128709,10.2855555555553));
#15584=CARTESIAN_POINT('',(-0.03,6.38834668128709,10.2855555555553));
#15585=VECTOR('',#18746,1.0);
#15586=CARTESIAN_POINT('',(-0.03,6.12335234028842,10.1999999999997));
#15587=CARTESIAN_POINT('',(-0.03,6.12335234028842,10.1999999999997));
#15588=VECTOR('',#18747,1.0);
#15589=CARTESIAN_POINT('',(-0.03,5.98784395430512,10.1500006232397));
#15590=CARTESIAN_POINT('',(-0.03,5.98784395430512,10.1500006232397));
#15591=VECTOR('',#18748,1.0);
#15592=CARTESIAN_POINT('',(-0.03,5.931357459395,10.1247363227591));
#15593=CARTESIAN_POINT('',(-0.03,5.931357459395,10.1247363227591));
#15594=VECTOR('',#18749,1.0);
#15595=CARTESIAN_POINT('',(-0.03,5.89769309678172,10.0997333325855));
#15596=CARTESIAN_POINT('',(-0.03,5.89769309678172,10.0997333325855));
#15597=VECTOR('',#18750,1.0);
#15598=CARTESIAN_POINT('',(-0.03,5.87519018059639,10.0625288832073));
#15599=CARTESIAN_POINT('',(-0.03,5.87519018059639,10.0625288832073));
#15600=VECTOR('',#18751,1.0);
#15601=CARTESIAN_POINT('',(-0.03,5.86402873416845,10.0001214197341));
#15602=CARTESIAN_POINT('',(-0.03,5.86402873416845,10.0001214197341));
#15603=VECTOR('',#18752,1.0);
#15604=CARTESIAN_POINT('',(-0.03,5.87537020392584,9.92491242529211));
#15605=CARTESIAN_POINT('',(-0.03,5.87537020392584,9.92491242529211));
#15606=VECTOR('',#18753,1.0);
#15607=CARTESIAN_POINT('',(-0.03,5.89751307345223,9.86290500966173));
#15608=CARTESIAN_POINT('',(-0.03,5.89751307345223,9.86290500966173));
#15609=VECTOR('',#18754,1.0);
#15610=CARTESIAN_POINT('',(-0.03,5.93063736607709,9.81329907715742));
#15611=CARTESIAN_POINT('',(-0.03,5.93063736607709,9.81329907715742));
#15612=VECTOR('',#18755,1.0);
#15613=CARTESIAN_POINT('',(-0.03,5.98788478485261,9.76249300112477));
#15614=CARTESIAN_POINT('',(-0.03,5.98788478485261,9.76249300112477));
#15615=VECTOR('',#18756,1.0);
#15616=CARTESIAN_POINT('',(-0.0299999999999929,6.06637495650709,9.72528855174654));
#15617=CARTESIAN_POINT('',(-0.03,6.06637495650709,9.72528855174654));
#15618=VECTOR('',#18757,1.0);
#15619=CARTESIAN_POINT('',(-0.03,6.15620659791901,9.69999999999972));
#15620=CARTESIAN_POINT('',(-0.03,6.15620659791901,9.69999999999972));
#15621=VECTOR('',#18758,1.0);
#15622=CARTESIAN_POINT('',(-0.03,6.25791977907681,9.69999999999972));
#15623=CARTESIAN_POINT('',(-0.03,6.25791977907681,9.69999999999972));
#15624=VECTOR('',#18759,1.0);
#15625=CARTESIAN_POINT('',(-0.03,6.31408705787544,9.7124870207777));
#15626=CARTESIAN_POINT('',(-0.03,6.31408705787544,9.7124870207777));
#15627=VECTOR('',#18760,1.0);
#15628=CARTESIAN_POINT('',(-0.03,6.40373867595788,9.73749001095123));
#15629=VECTOR('',#18761,1.0);
#15630=CARTESIAN_POINT('',(-0.03,6.51661330354359,9.81249898147186));
#15631=CARTESIAN_POINT('',(-0.03,6.51661330354359,9.81249898147186));
#15632=VECTOR('',#18762,1.0);
#15633=CARTESIAN_POINT('',(-0.03,6.57260055901275,9.89890931551163));
#15634=VECTOR('',#18763,1.0);
#15635=CARTESIAN_POINT('',(-0.03,6.50527183378618,10.0749303663334));
#15636=VECTOR('',#18764,1.0);
#15637=CARTESIAN_POINT('',(-0.03,5.0610358251732,10.6999999999997));
#15638=CARTESIAN_POINT('',(-0.03,5.74691305431584,10.6999999999997));
#15639=VECTOR('',#18765,1.0);
#15640=CARTESIAN_POINT('',(-0.03,5.0610358251732,10.5754938271602));
#15641=CARTESIAN_POINT('',(-0.03,5.0610358251732,10.6999999999997));
#15642=VECTOR('',#18766,1.0);
#15643=CARTESIAN_POINT('',(-0.03,5.0610358251732,10.5754938271602));
#15644=VECTOR('',#18767,1.0);
#15645=CARTESIAN_POINT('',(-0.03,5.46600283780628,10.5754938271602));
#15646=VECTOR('',#18768,1.0);
#15647=CARTESIAN_POINT('',(1.13797860024079E-15,5.0610358251732,10.6999999999997));
#15648=CARTESIAN_POINT('',(1.13797860024079E-15,5.0610358251732,10.5754938271602));
#15649=CARTESIAN_POINT('',(1.13797860024079E-15,5.0610358251732,10.6999999999997));
#15650=VECTOR('',#18769,1.0);
#15651=CARTESIAN_POINT('',(1.13797860024079E-15,5.0610358251732,10.5754938271602));
#15652=VECTOR('',#18770,1.0);
#15653=CARTESIAN_POINT('',(1.13797860024079E-15,5.0610358251732,10.6999999999997));
#15654=VECTOR('',#18771,1.0);
#15655=CARTESIAN_POINT('',(1.13797860024079E-15,3.526227595199,10.687531686495));
#15656=CARTESIAN_POINT('',(-5.96744875736022E-15,3.45929518032369,10.6500020183669));
#15657=CARTESIAN_POINT('',(1.13797860024079E-15,3.526227595199,10.687531686495));
#15658=VECTOR('',#18772,1.0);
#15659=CARTESIAN_POINT('',(1.13797860024079E-15,3.45929518032369,10.6500020183669));
#15660=VECTOR('',#18773,1.0);
#15661=CARTESIAN_POINT('',(8.24340595784179E-15,3.526227595199,10.687531686495));
#15662=VECTOR('',#18774,1.0);
#15663=CARTESIAN_POINT('',(8.24340595784179E-15,4.75596735552409,10.1875001926902));
#15664=CARTESIAN_POINT('',(1.13797860024079E-15,4.75595734866247,9.8375007724612));
#15665=CARTESIAN_POINT('',(1.13797860024079E-15,4.7559673555241,10.1875001926902));
#15666=VECTOR('',#18775,1.0);
#15667=CARTESIAN_POINT('',(-0.03,4.75595734866247,9.8375007724612));
#15668=CARTESIAN_POINT('',(1.13797860024079E-15,4.75595734866247,9.8375007724612));
#15669=VECTOR('',#18776,1.0);
#15670=CARTESIAN_POINT('',(-0.03,4.75596735552409,10.1875001926902));
#15671=CARTESIAN_POINT('',(-0.03,4.75595734866247,9.8375007724612));
#15672=VECTOR('',#18777,1.0);
#15673=CARTESIAN_POINT('',(8.24340595784179E-15,4.7559673555241,10.1875001926902));
#15674=VECTOR('',#18778,1.0);
#15675=CARTESIAN_POINT('',(1.13797860024079E-15,18.0700000000002,6.64499999999998));
#15676=CARTESIAN_POINT('',(1.13797860024079E-15,9.74000000000019,6.64499999999998));
#15677=VECTOR('',#18779,1.0);
#15678=CARTESIAN_POINT('',(1.13797860024079E-15,18.0700000000002,1.73000000000002));
#15679=CARTESIAN_POINT('',(1.13797860024079E-15,18.0700000000002,1.73000000000002));
#15680=VECTOR('',#18780,1.0);
#15681=CARTESIAN_POINT('',(1.13797860024079E-15,18.0700000000002,1.73000000000002));
#15682=VECTOR('',#18781,1.0);
#15683=CARTESIAN_POINT('',(1.13797860024079E-15,8.87000000000018,1.21500000000015));
#15684=CARTESIAN_POINT('',(1.13797860024079E-15,8.87000000000018,1.21500000000015));
#15685=VECTOR('',#18782,1.0);
#15686=CARTESIAN_POINT('',(1.13797860024079E-15,8.87000000000018,0.0));
#15687=CARTESIAN_POINT('',(1.13797860024079E-15,8.87000000000018,0.0));
#15688=VECTOR('',#18783,1.0);
#15689=CARTESIAN_POINT('',(1.13797860024079E-15,2.13579154362264E-13,0.0));
#15690=VECTOR('',#18784,1.0);
#15691=CARTESIAN_POINT('',(1.13797860024079E-15,0.200000000000188,9.39999999999998));
#15692=AXIS2_PLACEMENT_3D('',#18785,#18786,#18787);
#15693=CARTESIAN_POINT('',(-5.96744875736022E-15,0.270000000000183,9.39999999999998));
#15694=CARTESIAN_POINT('',(1.13797860024079E-15,0.270000000000183,9.39999999999998));
#15695=VECTOR('',#18788,1.0);
#15696=CARTESIAN_POINT('',(1.13797860024079E-15,1.08590027117854,14.0272003745549));
#15697=CARTESIAN_POINT('',(-5.96744875736022E-15,1.08590027117854,14.0272003745549));
#15698=VECTOR('',#18789,1.0);
#15699=CARTESIAN_POINT('',(1.13797860024079E-15,0.700000000000179,14.2500000000001));
#15700=CARTESIAN_POINT('',(-5.96744875736022E-15,0.700000000000179,14.2500000000001));
#15701=VECTOR('',#18790,0.999999999999999);
#15702=CARTESIAN_POINT('',(1.13797860024079E-15,0.724394411316155,14.8087238774731));
#15703=CARTESIAN_POINT('',(1.13797860024079E-15,0.724394411316152,14.8087238774731));
#15704=VECTOR('',#18791,1.0);
#15705=AXIS2_PLACEMENT_3D('',#18792,#18793,#18794);
#15706=CARTESIAN_POINT('',(1.13797860024079E-15,8.84702685039707,14.4261716324192));
#15707=AXIS2_PLACEMENT_3D('',#18795,#18796,#18797);
#15708=CARTESIAN_POINT('',(1.13797860024079E-15,8.87000000000018,13.9000000000008));
#15709=CARTESIAN_POINT('',(1.13797860024079E-15,8.87000000000018,13.9000000000008));
#15710=VECTOR('',#18798,1.0);
#15711=CARTESIAN_POINT('',(1.13797860024079E-15,8.87000000000018,12.099999999999));
#15712=CARTESIAN_POINT('',(1.13797860024079E-15,8.87000000000018,13.9000000000007));
#15713=VECTOR('',#18799,1.0);
#15714=CARTESIAN_POINT('',(8.24340595784179E-15,9.2400000000002,10.8628720776906));
#15715=VECTOR('',#18800,1.0);
#15716=CARTESIAN_POINT('',(1.13797860024079E-15,8.46000000000013,9.19999999999974));
#15717=CARTESIAN_POINT('',(1.13797860024079E-15,8.46000000000013,9.19999999999974));
#15718=VECTOR('',#18801,1.0);
#15719=CARTESIAN_POINT('',(1.13797860024079E-15,7.96000000000013,14.5000000000001));
#15720=AXIS2_PLACEMENT_3D('',#18802,#18803,#18804);
#15721=CARTESIAN_POINT('',(1.13797860024079E-15,7.96000000000013,14.5000000000001));
#15722=VECTOR('',#18805,1.0);
#15723=CARTESIAN_POINT('',(1.13797860024079E-15,1.47494014940163,14.0000000000001));
#15724=AXIS2_PLACEMENT_3D('',#18806,#18807,#18808);
#15725=CARTESIAN_POINT('',(1.13797860024079E-15,1.47494014940163,14.0000000000001));
#15726=VECTOR('',#18809,1.0);
#15727=CARTESIAN_POINT('',(1.13797860024079E-15,1.97494014940163,8.69999999999974));
#15728=AXIS2_PLACEMENT_3D('',#18810,#18811,#18812);
#15729=CARTESIAN_POINT('',(1.13797860024079E-15,1.97494014940163,8.69999999999974));
#15730=VECTOR('',#18813,1.0);
#15731=AXIS2_PLACEMENT_3D('',#18814,#18815,#18816);
#15732=CARTESIAN_POINT('',(2.5,0.724394411316152,14.8087238774731));
#15733=VECTOR('',#18817,1.0);
#15734=CARTESIAN_POINT('',(1.13797860024079E-15,3.03215269626416,9.62514209432697));
#15735=CARTESIAN_POINT('',(1.13797860024079E-15,3.03215269626416,9.62514209432697));
#15736=VECTOR('',#18818,1.0);
#15737=CARTESIAN_POINT('',(1.13797860024079E-15,3.03215269626416,9.62514209432696));
#15738=VECTOR('',#18819,1.0);
#15739=CARTESIAN_POINT('',(8.24340595784179E-15,3.51522285972696,10.5372036364245));
#15740=CARTESIAN_POINT('',(-5.96744875736022E-15,3.54837305498914,10.5624411870239));
#15741=CARTESIAN_POINT('',(-5.96744875736022E-15,3.51522285972696,10.5372036364245));
#15742=VECTOR('',#18820,1.0);
#15743=CARTESIAN_POINT('',(-5.96744875736022E-15,3.54837305498914,10.5624411870239));
#15744=VECTOR('',#18821,1.0);
#15745=CARTESIAN_POINT('',(8.24340595784179E-15,3.51522285972696,10.5372036364245));
#15746=VECTOR('',#18822,1.0);
#15747=CARTESIAN_POINT('',(1.13797860024079E-15,3.59400573118334,10.5749462796632));
#15748=CARTESIAN_POINT('',(1.13797860024079E-15,3.63881988403777,10.5751736449839));
#15749=CARTESIAN_POINT('',(1.13797860024079E-15,3.59400573118334,10.5749462796632));
#15750=VECTOR('',#18823,1.0);
#15751=CARTESIAN_POINT('',(1.13797860024079E-15,3.63881988403777,10.5751736449839));
#15752=VECTOR('',#18824,1.0);
#15753=CARTESIAN_POINT('',(1.13797860024079E-15,3.59400573118334,10.5749462796632));
#15754=VECTOR('',#18825,1.0);
#15755=CARTESIAN_POINT('',(-5.96744875736022E-15,2.18459644080424,9.80062633856959));
#15756=CARTESIAN_POINT('',(8.24340595784179E-15,2.21921920099893,9.76253976930783));
#15757=CARTESIAN_POINT('',(1.13797860024079E-15,2.18459644080424,9.80062633856959));
#15758=VECTOR('',#18826,1.0);
#15759=CARTESIAN_POINT('',(1.13797860024079E-15,2.21921920099893,9.76253976930782));
#15760=VECTOR('',#18827,1.0);
#15761=CARTESIAN_POINT('',(1.13797860024079E-15,2.18459644080424,9.80062633856959));
#15762=VECTOR('',#18828,1.0);
#15763=CARTESIAN_POINT('',(1.2449999999999,18.0700000000002,6.64499999999998));
#15764=CARTESIAN_POINT('',(1.24499999999989,18.0700000000002,6.64499999999998));
#15765=VECTOR('',#18829,1.0);
#15766=CARTESIAN_POINT('',(1.13797860024079E-15,18.0700000000002,6.64499999999998));
#15767=VECTOR('',#18830,1.0);
#15768=CARTESIAN_POINT('',(1.13797860024079E-15,2.94244937441786,9.66250744567026));
#15769=CARTESIAN_POINT('',(1.13797860024079E-15,2.94244937441786,9.85003044976058));
#15770=VECTOR('',#18831,1.0);
#15771=CARTESIAN_POINT('',(1.13797860024079E-15,2.94244937441786,9.66250744567026));
#15772=VECTOR('',#18832,1.0);
#15773=CARTESIAN_POINT('',(1.13797860024079E-15,3.32382028225619,9.69999999999972));
#15774=CARTESIAN_POINT('',(1.13797860024079E-15,3.92005877810331,9.69999999999972));
#15775=CARTESIAN_POINT('',(1.13797860024079E-15,3.32382028225619,9.69999999999972));
#15776=VECTOR('',#18833,1.0);
#15777=CARTESIAN_POINT('',(1.13797860024079E-15,3.92005877810331,9.69999999999972));
#15778=VECTOR('',#18834,1.0);
#15779=CARTESIAN_POINT('',(1.13797860024079E-15,3.32382028225619,9.69999999999972));
#15780=VECTOR('',#18835,1.0);
#15781=CARTESIAN_POINT('',(1.13797860024079E-15,2.51152890577843,10.5749526664293));
#15782=CARTESIAN_POINT('',(1.13797860024079E-15,2.54543129684009,10.2996558029922));
#15783=CARTESIAN_POINT('',(1.13797860024079E-15,2.51152890577843,10.5749526664293));
#15784=VECTOR('',#18836,1.0);
#15785=CARTESIAN_POINT('',(1.13797860024079E-15,2.54543129684009,10.2996558029922));
#15786=VECTOR('',#18837,1.0);
#15787=CARTESIAN_POINT('',(1.13797860024079E-15,2.51152890577843,10.5749526664293));
#15788=VECTOR('',#18838,1.0);
#15789=CARTESIAN_POINT('',(-5.96744875736022E-15,4.45001154962614,9.69999999999972));
#15790=CARTESIAN_POINT('',(1.13797860024079E-15,4.8797191971921,9.69999999999972));
#15791=CARTESIAN_POINT('',(1.13797860024079E-15,4.45001154962614,9.69999999999972));
#15792=VECTOR('',#18839,1.0);
#15793=CARTESIAN_POINT('',(1.13797860024079E-15,4.8797191971921,9.69999999999972));
#15794=VECTOR('',#18840,1.0);
#15795=CARTESIAN_POINT('',(-5.96744875736022E-15,4.45001154962614,9.69999999999972));
#15796=VECTOR('',#18841,1.0);
#15797=CARTESIAN_POINT('',(1.13797860024079E-15,4.22637124281635,10.461524073227));
#15798=CARTESIAN_POINT('',(8.24340595784179E-15,4.226760002229,10.4131456078847));
#15799=CARTESIAN_POINT('',(8.24340595784179E-15,4.22637124281635,10.4615240732271));
#15800=VECTOR('',#18842,1.0);
#15801=CARTESIAN_POINT('',(8.24340595784179E-15,4.226760002229,10.4131456078847));
#15802=VECTOR('',#18843,1.0);
#15803=CARTESIAN_POINT('',(1.13797860024079E-15,4.22637124281635,10.461524073227));
#15804=VECTOR('',#18844,1.0);
#15805=CARTESIAN_POINT('',(1.13797860024079E-15,4.75594666126525,10.5749999999997));
#15806=CARTESIAN_POINT('',(1.13797860024079E-15,4.75594666126525,10.3001169135868));
#15807=CARTESIAN_POINT('',(1.13797860024079E-15,4.75594666126525,10.5749999999997));
#15808=VECTOR('',#18845,1.0);
#15809=CARTESIAN_POINT('',(-0.03,4.75594666126525,10.3001169135868));
#15810=CARTESIAN_POINT('',(1.13797860024079E-15,4.75594666126525,10.3001169135868));
#15811=VECTOR('',#18846,1.0);
#15812=CARTESIAN_POINT('',(-0.03,4.75594666126525,10.5749999999997));
#15813=CARTESIAN_POINT('',(-0.03,4.75594666126525,10.3001169135868));
#15814=VECTOR('',#18847,1.0);
#15815=CARTESIAN_POINT('',(1.13797860024079E-15,4.75594666126525,10.5749999999997));
#15816=VECTOR('',#18848,1.0);
#15817=CARTESIAN_POINT('',(0.450000000000004,3.00000000000004,0.585407954662998));
#15818=CARTESIAN_POINT('',(2.5,3.00000000000004,0.585407954662998));
#15819=VECTOR('',#18849,1.0);
#15820=CARTESIAN_POINT('',(0.450000000000004,3.0,0.199999999999827));
#15821=CARTESIAN_POINT('',(2.5,3.0,0.199999999999827));
#15822=VECTOR('',#18850,1.0);
#15823=CARTESIAN_POINT('',(0.450000000000004,3.00000000000004,0.585407954662998));
#15824=VECTOR('',#18851,1.0);
#15825=CARTESIAN_POINT('',(-5.96744875736022E-15,4.31717840566479,9.9878683808049));
#15826=CARTESIAN_POINT('',(1.13797860024079E-15,4.31715294739629,10.0377886076392));
#15827=CARTESIAN_POINT('',(1.13797860024079E-15,4.31717840566479,9.98786838080491));
#15828=VECTOR('',#18852,1.0);
#15829=CARTESIAN_POINT('',(-0.03,4.31715294739629,10.0377886076392));
#15830=CARTESIAN_POINT('',(1.13797860024079E-15,4.31715294739628,10.0377886076392));
#15831=VECTOR('',#18853,1.0);
#15832=CARTESIAN_POINT('',(-0.03,4.31717840566479,9.9878683808049));
#15833=CARTESIAN_POINT('',(-0.03,4.31715294739628,10.0377886076392));
#15834=VECTOR('',#18854,1.0);
#15835=CARTESIAN_POINT('',(-5.96744875736022E-15,4.31717840566479,9.9878683808049));
#15836=VECTOR('',#18855,1.0);
#15837=CARTESIAN_POINT('',(1.13797860024079E-15,3.86414199752437,10.5244128181677));
#15838=CARTESIAN_POINT('',(-5.96744875736022E-15,3.81881118299078,10.5999634202101));
#15839=CARTESIAN_POINT('',(-5.96744875736022E-15,3.86414199752437,10.5244128181677));
#15840=VECTOR('',#18856,1.0);
#15841=CARTESIAN_POINT('',(-5.96744875736022E-15,3.81881118299078,10.5999634202101));
#15842=VECTOR('',#18857,1.0);
#15843=CARTESIAN_POINT('',(-5.96744875736022E-15,3.86414199752437,10.5244128181677));
#15844=VECTOR('',#18858,1.0);
#15845=CARTESIAN_POINT('',(8.24340595784179E-15,4.35112586007309,10.4128869745691));
#15846=CARTESIAN_POINT('',(1.13797860024079E-15,4.35097964968905,10.4625980080274));
#15847=CARTESIAN_POINT('',(1.13797860024079E-15,4.35112586007309,10.4128869745691));
#15848=VECTOR('',#18859,1.0);
#15849=CARTESIAN_POINT('',(-0.03,4.35097964968906,10.4625980080274));
#15850=CARTESIAN_POINT('',(1.13797860024079E-15,4.35097964968906,10.4625980080274));
#15851=VECTOR('',#18860,1.0);
#15852=CARTESIAN_POINT('',(-0.03,4.35112586007309,10.4128869745691));
#15853=CARTESIAN_POINT('',(-0.03,4.35097964968906,10.4625980080274));
#15854=VECTOR('',#18861,1.0);
#15855=CARTESIAN_POINT('',(8.24340595784179E-15,4.35112586007309,10.4128869745691));
#15856=VECTOR('',#18862,1.0);
#15857=CARTESIAN_POINT('',(1.13797860024079E-15,4.36284411305139,9.88661963484353));
#15858=CARTESIAN_POINT('',(1.13797860024079E-15,4.32854317447142,9.937817980307));
#15859=CARTESIAN_POINT('',(1.13797860024079E-15,4.36284411305138,9.88661963484353));
#15860=VECTOR('',#18863,1.0);
#15861=CARTESIAN_POINT('',(-0.03,4.32854317447142,9.937817980307));
#15862=CARTESIAN_POINT('',(1.13797860024079E-15,4.32854317447142,9.937817980307));
#15863=VECTOR('',#18864,1.0);
#15864=CARTESIAN_POINT('',(-0.03,4.36284411305138,9.88661963484353));
#15865=CARTESIAN_POINT('',(-0.03,4.32854317447142,9.937817980307));
#15866=VECTOR('',#18865,1.0);
#15867=CARTESIAN_POINT('',(1.13797860024079E-15,4.36284411305138,9.88661963484353));
#15868=VECTOR('',#18866,1.0);
#15869=CARTESIAN_POINT('',(1.13797860024079E-15,2.67999474090358,9.97517383186972));
#15870=CARTESIAN_POINT('',(-5.96744875736022E-15,2.67999474090358,9.97517383186972));
#15871=VECTOR('',#18867,1.0);
#15872=CARTESIAN_POINT('',(-5.96744875736022E-15,2.67999474090358,9.97517383186972));
#15873=VECTOR('',#18868,1.0);
#15874=CARTESIAN_POINT('',(1.13797860024079E-15,6.51661330354359,9.81249898147185));
#15875=CARTESIAN_POINT('',(1.13797860024079E-15,6.51661330354359,9.81249898147186));
#15876=VECTOR('',#18869,1.0);
#15877=CARTESIAN_POINT('',(8.24340595784179E-15,6.51661330354359,9.81249898147185));
#15878=VECTOR('',#18870,1.0);
#15879=CARTESIAN_POINT('',(1.13797860024079E-15,4.23881154402168,10.3496488721229));
#15880=CARTESIAN_POINT('',(1.13797860024079E-15,4.226760002229,10.4131456078847));
#15881=VECTOR('',#18871,1.0);
#15882=CARTESIAN_POINT('',(1.13797860024079E-15,4.23881154402168,10.3496488721229));
#15883=VECTOR('',#18872,1.0);
#15884=CARTESIAN_POINT('',(1.13797860024079E-15,2.5680305910202,9.76253976930782));
#15885=CARTESIAN_POINT('',(-5.96744875736022E-15,2.60144758344694,9.79986077938845));
#15886=CARTESIAN_POINT('',(1.13797860024079E-15,2.5680305910202,9.76253976930782));
#15887=VECTOR('',#18873,1.0);
#15888=CARTESIAN_POINT('',(1.13797860024079E-15,2.53409684097863,9.73765909592075));
#15889=CARTESIAN_POINT('',(-5.96744875736022E-15,2.53409684097863,9.73765909592075));
#15890=VECTOR('',#18874,1.0);
#15891=CARTESIAN_POINT('',(1.13797860024079E-15,2.47742575588381,9.7123956429431));
#15892=CARTESIAN_POINT('',(8.24340595784179E-15,2.47742575588381,9.71239564294309));
#15893=VECTOR('',#18875,1.0);
#15894=CARTESIAN_POINT('',(1.13797860024079E-15,2.4217881860187,9.69999999999972));
#15895=CARTESIAN_POINT('',(8.24340595784179E-15,2.4217881860187,9.69999999999971));
#15896=VECTOR('',#18876,1.0);
#15897=CARTESIAN_POINT('',(1.13797860024079E-15,2.3649448483856,9.69999999999972));
#15898=CARTESIAN_POINT('',(1.13797860024079E-15,2.3649448483856,9.69999999999972));
#15899=VECTOR('',#18877,1.0);
#15900=CARTESIAN_POINT('',(1.13797860024079E-15,2.3091350259822,9.71277842253367));
#15901=CARTESIAN_POINT('',(-5.96744875736022E-15,2.3091350259822,9.71277842253367));
#15902=VECTOR('',#18878,1.0);
#15903=CARTESIAN_POINT('',(1.13797860024079E-15,2.25332520357881,9.73746770612546));
#15904=CARTESIAN_POINT('',(1.13797860024079E-15,2.25332520357881,9.73746770612546));
#15905=VECTOR('',#18879,1.0);
#15906=CARTESIAN_POINT('',(1.13797860024079E-15,2.21921920099893,9.76253976930782));
#15907=VECTOR('',#18880,1.0);
#15908=CARTESIAN_POINT('',(1.13797860024079E-15,2.15135170091578,9.8498135159579));
#15909=CARTESIAN_POINT('',(1.13797860024079E-15,2.15135170091578,9.8498135159579));
#15910=VECTOR('',#18881,1.0);
#15911=CARTESIAN_POINT('',(1.13797860024079E-15,2.12913112347739,9.89995764232263));
#15912=CARTESIAN_POINT('',(1.13797860024079E-15,2.12913112347739,9.89995764232263));
#15913=VECTOR('',#18882,1.0);
#15914=CARTESIAN_POINT('',(1.13797860024079E-15,2.10639378842417,9.97536522166502));
#15915=CARTESIAN_POINT('',(1.13797860024079E-15,2.10639378842417,9.97536522166502));
#15916=VECTOR('',#18883,1.0);
#15917=CARTESIAN_POINT('',(8.24340595784179E-15,2.10639378842417,10.0748879152133));
#15918=CARTESIAN_POINT('',(1.13797860024079E-15,2.10639378842417,10.0748879152133));
#15919=VECTOR('',#18884,1.0);
#15920=CARTESIAN_POINT('',(8.24340595784179E-15,2.12930337601568,10.1499127149652));
#15921=CARTESIAN_POINT('',(1.13797860024079E-15,2.12930337601568,10.1499127149652));
#15922=VECTOR('',#18885,1.0);
#15923=CARTESIAN_POINT('',(1.13797860024079E-15,2.15135170091578,10.1999999999997));
#15924=CARTESIAN_POINT('',(1.13797860024079E-15,2.15135170091578,10.1999999999997));
#15925=VECTOR('',#18886,1.0);
#15926=CARTESIAN_POINT('',(1.13797860024079E-15,2.18494094588081,10.2496267983088));
#15927=CARTESIAN_POINT('',(1.13797860024079E-15,2.18494094588081,10.2496267983088));
#15928=VECTOR('',#18887,1.0);
#15929=CARTESIAN_POINT('',(1.13797860024079E-15,2.25280844596396,10.3252257674465));
#15930=CARTESIAN_POINT('',(1.13797860024079E-15,2.25280844596396,10.3252257674465));
#15931=VECTOR('',#18888,1.0);
#15932=CARTESIAN_POINT('',(1.13797860024079E-15,2.3091350259822,10.3501064408335));
#15933=CARTESIAN_POINT('',(1.13797860024079E-15,2.3091350259822,10.3501064408335));
#15934=VECTOR('',#18889,1.0);
#15935=CARTESIAN_POINT('',(1.13797860024079E-15,2.36511710092388,10.3625467775271));
#15936=CARTESIAN_POINT('',(8.24340595784179E-15,2.36511710092388,10.3625467775271));
#15937=VECTOR('',#18890,1.0);
#15938=CARTESIAN_POINT('',(1.13797860024079E-15,2.42265150073723,10.3625467775271));
#15939=CARTESIAN_POINT('',(1.13797860024079E-15,2.42265150073723,10.3625467775271));
#15940=VECTOR('',#18891,1.0);
#15941=CARTESIAN_POINT('',(8.24340595784179E-15,2.48943109005226,10.3379236889021));
#15942=CARTESIAN_POINT('',(-5.96744875736022E-15,2.48943109005226,10.3379236889021));
#15943=VECTOR('',#18892,1.0);
#15944=CARTESIAN_POINT('',(8.24340595784179E-15,2.54543129684009,10.2996558029922));
#15945=VECTOR('',#18893,1.0);
#15946=CARTESIAN_POINT('',(1.13797860024079E-15,2.1403399515478,10.5749526664293));
#15947=CARTESIAN_POINT('',(1.13797860024079E-15,2.1403399515478,10.5749526664293));
#15948=VECTOR('',#18894,1.0);
#15949=CARTESIAN_POINT('',(1.13797860024079E-15,2.1403399515478,10.6999999999997));
#15950=CARTESIAN_POINT('',(1.13797860024079E-15,2.1403399515478,10.6999999999997));
#15951=VECTOR('',#18895,1.0);
#15952=CARTESIAN_POINT('',(1.13797860024079E-15,2.60153037735237,10.6999999999997));
#15953=CARTESIAN_POINT('',(1.13797860024079E-15,2.60153037735237,10.6999999999997));
#15954=VECTOR('',#18896,1.0);
#15955=CARTESIAN_POINT('',(1.13797860024079E-15,2.6691428309918,10.1499127149652));
#15956=CARTESIAN_POINT('',(1.13797860024079E-15,2.6691428309918,10.1499127149652));
#15957=VECTOR('',#18897,1.0);
#15958=CARTESIAN_POINT('',(1.13797860024079E-15,2.55614516587873,10.1499127149652));
#15959=CARTESIAN_POINT('',(1.13797860024079E-15,2.55614516587873,10.1499127149652));
#15960=VECTOR('',#18898,1.0);
#15961=CARTESIAN_POINT('',(1.13797860024079E-15,2.5344413460552,10.1872337250458));
#15962=CARTESIAN_POINT('',(1.13797860024079E-15,2.5344413460552,10.1872337250458));
#15963=VECTOR('',#18899,1.0);
#15964=CARTESIAN_POINT('',(-5.96744875736022E-15,2.48931118102528,10.224937514717));
#15965=CARTESIAN_POINT('',(1.13797860024079E-15,2.48931118102528,10.224937514717));
#15966=VECTOR('',#18900,1.0);
#15967=CARTESIAN_POINT('',(1.13797860024079E-15,2.4217881860187,10.2502009676946));
#15968=CARTESIAN_POINT('',(-5.96744875736022E-15,2.4217881860187,10.2502009676946));
#15969=VECTOR('',#18901,1.0);
#15970=CARTESIAN_POINT('',(1.13797860024079E-15,2.36442809077074,10.2502009676946));
#15971=CARTESIAN_POINT('',(1.13797860024079E-15,2.36442809077074,10.2502009676946));
#15972=VECTOR('',#18902,1.0);
#15973=CARTESIAN_POINT('',(-5.96744875736022E-15,2.30844601582906,10.2245547351264));
#15974=CARTESIAN_POINT('',(-5.96744875736022E-15,2.30844601582905,10.2245547351264));
#15975=VECTOR('',#18903,1.0);
#15976=CARTESIAN_POINT('',(1.13797860024079E-15,2.26417711349056,10.1874251148411));
#15977=CARTESIAN_POINT('',(1.13797860024079E-15,2.26417711349056,10.1874251148411));
#15978=VECTOR('',#18904,1.0);
#15979=CARTESIAN_POINT('',(1.13797860024079E-15,2.24143977843732,10.1497213251699));
#15980=CARTESIAN_POINT('',(8.24340595784179E-15,2.24143977843732,10.1497213251699));
#15981=VECTOR('',#18905,1.0);
#15982=CARTESIAN_POINT('',(1.13797860024079E-15,2.2187024433841,10.0879024212927));
#15983=CARTESIAN_POINT('',(-5.96744875736022E-15,2.2187024433841,10.0879024212927));
#15984=VECTOR('',#18906,1.0);
#15985=CARTESIAN_POINT('',(1.13797860024079E-15,2.2187024433841,9.9872313889727));
#15986=CARTESIAN_POINT('',(1.13797860024079E-15,2.2187024433841,9.9872313889727));
#15987=VECTOR('',#18907,1.0);
#15988=CARTESIAN_POINT('',(-5.96744875736022E-15,2.24178428351389,9.92445553611916));
#15989=CARTESIAN_POINT('',(1.13797860024079E-15,2.24178428351389,9.92445553611916));
#15990=VECTOR('',#18908,1.0);
#15991=CARTESIAN_POINT('',(1.13797860024079E-15,2.26400486095228,9.88732591583381));
#15992=CARTESIAN_POINT('',(-5.96744875736022E-15,2.26400486095228,9.88732591583381));
#15993=VECTOR('',#18909,0.999999999999999);
#15994=CARTESIAN_POINT('',(1.13797860024079E-15,2.30913502598219,9.85000490575319));
#15995=CARTESIAN_POINT('',(1.13797860024079E-15,2.3091350259822,9.85000490575318));
#15996=VECTOR('',#18910,1.0);
#15997=CARTESIAN_POINT('',(1.13797860024079E-15,2.36528935346217,9.82493284257082));
#15998=CARTESIAN_POINT('',(-5.96744875736022E-15,2.36528935346217,9.82493284257082));
#15999=VECTOR('',#18911,1.0);
#16000=CARTESIAN_POINT('',(8.24340595784179E-15,2.42213269109527,9.82493284257082));
#16001=CARTESIAN_POINT('',(1.13797860024079E-15,2.42213269109527,9.82493284257082));
#16002=VECTOR('',#18912,1.0);
#16003=CARTESIAN_POINT('',(1.13797860024079E-15,2.47828701857521,9.85038768534375));
#16004=CARTESIAN_POINT('',(8.24340595784179E-15,2.47828701857521,9.85038768534375));
#16005=VECTOR('',#18913,1.0);
#16006=CARTESIAN_POINT('',(1.13797860024079E-15,2.5229004259903,9.88770869542439));
#16007=CARTESIAN_POINT('',(8.24340595784179E-15,2.52290042599029,9.88770869542439));
#16008=VECTOR('',#18914,1.0);
#16009=CARTESIAN_POINT('',(-5.96744875736022E-15,2.54512100342867,9.92426414632387));
#16010=VECTOR('',#18915,1.0);
#16011=CARTESIAN_POINT('',(1.13797860024079E-15,2.65794641600345,9.90053181170849));
#16012=CARTESIAN_POINT('',(-5.96744875736022E-15,2.65794641600345,9.90053181170849));
#16013=VECTOR('',#18916,1.0);
#16014=CARTESIAN_POINT('',(-5.96744875736022E-15,2.63520908095023,9.84923934657202));
#16015=CARTESIAN_POINT('',(1.13797860024079E-15,2.63520908095023,9.84923934657203));
#16016=VECTOR('',#18917,1.0);
#16017=CARTESIAN_POINT('',(-5.96744875736022E-15,2.60144758344694,9.79986077938845));
#16018=VECTOR('',#18918,1.0);
#16019=CARTESIAN_POINT('',(1.13797860024079E-15,4.4633928838345,9.83749446873881));
#16020=CARTESIAN_POINT('',(1.13797860024079E-15,4.40747665963739,9.84942621795977));
#16021=CARTESIAN_POINT('',(1.13797860024079E-15,4.4633928838345,9.83749446873881));
#16022=VECTOR('',#18919,1.0);
#16023=CARTESIAN_POINT('',(-0.03,4.40747665963738,9.84942621795977));
#16024=CARTESIAN_POINT('',(1.13797860024079E-15,4.40747665963739,9.84942621795977));
#16025=VECTOR('',#18920,1.0);
#16026=CARTESIAN_POINT('',(-0.03,4.4633928838345,9.83749446873881));
#16027=CARTESIAN_POINT('',(-0.03,4.40747665963739,9.84942621795977));
#16028=VECTOR('',#18921,1.0);
#16029=CARTESIAN_POINT('',(1.13797860024079E-15,4.4633928838345,9.83749446873881));
#16030=VECTOR('',#18922,1.0);
#16031=CARTESIAN_POINT('',(8.24340595784179E-15,2.53409684097863,9.73765909592075));
#16032=VECTOR('',#18923,1.0);
#16033=CARTESIAN_POINT('',(8.24340595784179E-15,2.47742575588381,9.7123956429431));
#16034=VECTOR('',#18924,1.0);
#16035=CARTESIAN_POINT('',(8.24340595784179E-15,4.23803402519635,10.5237249572386));
#16036=CARTESIAN_POINT('',(8.24340595784179E-15,4.28235259824033,10.599316309336));
#16037=VECTOR('',#18925,1.0);
#16038=CARTESIAN_POINT('',(8.24340595784179E-15,4.23803402519635,10.5237249572386));
#16039=VECTOR('',#18926,1.0);
#16040=CARTESIAN_POINT('',(1.13797860024079E-15,5.44112377334595,13.3419912414038));
#16041=CARTESIAN_POINT('',(1.13797860024079E-15,5.44112377334595,13.5810028016134));
#16042=VECTOR('',#18927,1.0);
#16043=CARTESIAN_POINT('',(-0.03,5.44112377334595,13.3419912414038));
#16044=CARTESIAN_POINT('',(1.13797860024079E-15,5.44112377334595,13.3419912414038));
#16045=VECTOR('',#18928,1.0);
#16046=CARTESIAN_POINT('',(-0.03,5.44112377334595,13.3419912414038));
#16047=VECTOR('',#18929,1.0);
#16048=CARTESIAN_POINT('',(1.13797860024079E-15,4.40747665963738,9.84942621795978));
#16049=VECTOR('',#18930,1.0);
#16050=CARTESIAN_POINT('',(-0.03,4.36284411305138,9.88661963484353));
#16051=VECTOR('',#18931,1.0);
#16052=CARTESIAN_POINT('',(1.13797860024079E-15,8.84702685039707,14.4261716324192));
#16053=VECTOR('',#18932,1.0);
#16054=CARTESIAN_POINT('',(0.534999999999998,8.8700000000002,13.9000000000001));
#16055=CARTESIAN_POINT('',(2.5,8.87000000000021,13.9000000000001));
#16056=VECTOR('',#18933,1.0);
#16057=CARTESIAN_POINT('',(0.534999999999998,8.87000000000018,13.9000000000007));
#16058=VECTOR('',#18934,1.0);
#16059=CARTESIAN_POINT('',(1.075,1.29999999999947,3.09999999999972));
#16060=CARTESIAN_POINT('',(1.07500000000001,1.29999999999995,3.09999999999999));
#16061=VECTOR('',#18935,1.0);
#16062=CARTESIAN_POINT('',(1.075,2.77000000000017,3.09999999999997));
#16063=CARTESIAN_POINT('',(3.92500000000001,2.77000000000017,3.09999999999997));
#16064=VECTOR('',#18936,1.0);
#16065=CARTESIAN_POINT('',(1.075,2.77000000000017,3.09999999999997));
#16066=VECTOR('',#18937,1.0);
#16067=AXIS2_PLACEMENT_3D('',#18938,#18939,#18940);
#16068=CARTESIAN_POINT('',(8.24340595784179E-15,3.64981086472971,10.6999999999997));
#16069=CARTESIAN_POINT('',(1.13797860024079E-15,3.58203469542711,10.6999999999997));
#16070=CARTESIAN_POINT('',(1.13797860024079E-15,3.64981086472971,10.6999999999997));
#16071=VECTOR('',#18941,1.0);
#16072=CARTESIAN_POINT('',(1.13797860024079E-15,3.58203469542711,10.6999999999997));
#16073=VECTOR('',#18942,1.0);
#16074=CARTESIAN_POINT('',(8.24340595784179E-15,3.64981086472971,10.6999999999997));
#16075=VECTOR('',#18943,1.0);
#16076=CARTESIAN_POINT('',(-5.96744875736022E-15,3.682890623206,9.98873867465974));
#16077=CARTESIAN_POINT('',(1.13797860024079E-15,3.74068521121134,9.89962319429598));
#16078=CARTESIAN_POINT('',(-5.96744875736022E-15,3.682890623206,9.98873867465974));
#16079=VECTOR('',#18944,1.0);
#16080=CARTESIAN_POINT('',(-5.96744875736022E-15,3.74068521121134,9.89962319429598));
#16081=VECTOR('',#18945,1.0);
#16082=CARTESIAN_POINT('',(-5.96744875736022E-15,3.682890623206,9.98873867465974));
#16083=VECTOR('',#18946,1.0);
#16084=CARTESIAN_POINT('',(1.13797860024079E-15,4.32852018787946,10.08727107747));
#16085=CARTESIAN_POINT('',(1.13797860024079E-15,4.36215476245978,10.1374456098159));
#16086=CARTESIAN_POINT('',(1.13797860024079E-15,4.32852018787946,10.08727107747));
#16087=VECTOR('',#18947,1.0);
#16088=CARTESIAN_POINT('',(-0.03,4.36215476245978,10.1374456098159));
#16089=CARTESIAN_POINT('',(1.13797860024079E-15,4.36215476245978,10.1374456098159));
#16090=VECTOR('',#18948,1.0);
#16091=CARTESIAN_POINT('',(-0.03,4.32852018787946,10.08727107747));
#16092=CARTESIAN_POINT('',(-0.03,4.36215476245978,10.1374456098159));
#16093=VECTOR('',#18949,1.0);
#16094=CARTESIAN_POINT('',(1.13797860024079E-15,4.32852018787946,10.08727107747));
#16095=VECTOR('',#18950,1.0);
#16096=CARTESIAN_POINT('',(1.13797860024079E-15,4.23803402519635,10.5237249572386));
#16097=VECTOR('',#18951,1.0);
#16098=CARTESIAN_POINT('',(1.13797860024079E-15,3.74065146982833,10.4995976646511));
#16099=CARTESIAN_POINT('',(1.13797860024079E-15,3.75136655945144,10.4633398956796));
#16100=CARTESIAN_POINT('',(1.13797860024079E-15,3.74065146982833,10.4995976646511));
#16101=VECTOR('',#18952,1.0);
#16102=CARTESIAN_POINT('',(1.13797860024079E-15,3.75136655945144,10.4633398956796));
#16103=VECTOR('',#18953,1.0);
#16104=CARTESIAN_POINT('',(1.13797860024079E-15,3.74065146982833,10.4995976646511));
#16105=VECTOR('',#18954,1.0);
#16106=CARTESIAN_POINT('',(1.13797860024079E-15,2.1403399515478,10.5749526664293));
#16107=VECTOR('',#18955,1.0);
#16108=CARTESIAN_POINT('',(1.13797860024079E-15,2.1403399515478,10.6999999999997));
#16109=VECTOR('',#18956,1.0);
#16110=CARTESIAN_POINT('',(-5.96744875736022E-15,3.76228840435557,9.82529619537766));
#16111=CARTESIAN_POINT('',(-5.96744875736022E-15,3.74068521121134,9.89962319429598));
#16112=VECTOR('',#18957,1.0);
#16113=CARTESIAN_POINT('',(-5.96744875736022E-15,3.76228840435557,9.82529619537766));
#16114=VECTOR('',#18958,1.0);
#16115=CARTESIAN_POINT('',(1.13797860024079E-15,3.32382028225619,9.82529619537766));
#16116=CARTESIAN_POINT('',(1.13797860024079E-15,3.76228840435557,9.82529619537766));
#16117=VECTOR('',#18959,1.0);
#16118=CARTESIAN_POINT('',(1.13797860024079E-15,3.32382028225619,9.82529619537766));
#16119=VECTOR('',#18960,1.0);
#16120=CARTESIAN_POINT('',(1.13797860024079E-15,2.15135170091578,9.84981351595789));
#16121=VECTOR('',#18961,1.0);
#16122=CARTESIAN_POINT('',(1.50000000000001,2.27082024582704,0.199999999999997));
#16123=CARTESIAN_POINT('',(2.5,2.27082024582704,0.199999999999997));
#16124=VECTOR('',#18962,1.0);
#16125=CARTESIAN_POINT('',(1.50000000000001,2.27082024582709,0.399999999999993));
#16126=CARTESIAN_POINT('',(2.5,2.27082024582709,0.399999999999993));
#16127=VECTOR('',#18963,1.0);
#16128=CARTESIAN_POINT('',(1.50000000000001,2.27082024582704,0.199999999999994));
#16129=VECTOR('',#18964,1.0);
#16130=CARTESIAN_POINT('',(1.13797860024079E-15,3.60507817944825,10.0874930154085));
#16131=CARTESIAN_POINT('',(1.13797860024079E-15,3.64711302110747,10.0341700960217));
#16132=CARTESIAN_POINT('',(1.13797860024079E-15,3.60507817944825,10.0874930154085));
#16133=VECTOR('',#18965,1.0);
#16134=CARTESIAN_POINT('',(1.13797860024079E-15,3.64711302110747,10.0341700960217));
#16135=VECTOR('',#18966,1.0);
#16136=CARTESIAN_POINT('',(1.13797860024079E-15,3.60507817944825,10.0874930154085));
#16137=VECTOR('',#18967,1.0);
#16138=CARTESIAN_POINT('',(1.50000000000001,1.26505317626214,0.40000000000023));
#16139=CARTESIAN_POINT('',(1.50000000000001,1.26505317626214,0.40000000000023));
#16140=VECTOR('',#18968,1.0);
#16141=CARTESIAN_POINT('',(1.50000000000001,1.26505317626209,0.200000000000233));
#16142=CARTESIAN_POINT('',(2.5,1.2650531762621,0.200000000000233));
#16143=VECTOR('',#18969,1.0);
#16144=CARTESIAN_POINT('',(1.50000000000001,1.26505317626209,0.200000000000229));
#16145=VECTOR('',#18970,1.0);
#16146=CARTESIAN_POINT('',(1.13797860024079E-15,3.32382028225619,9.82529619537766));
#16147=VECTOR('',#18971,1.0);
#16148=CARTESIAN_POINT('',(1.13797860024079E-15,4.46278932062385,10.1872790542078));
#16149=CARTESIAN_POINT('',(8.24340595784179E-15,4.46278932062384,10.1872790542078));
#16150=VECTOR('',#18972,1.0);
#16151=CARTESIAN_POINT('',(-0.03,4.46278932062384,10.1872790542078));
#16152=CARTESIAN_POINT('',(-0.03,4.7559673555241,10.1875001926902));
#16153=VECTOR('',#18973,1.0);
#16154=CARTESIAN_POINT('',(1.13797860024079E-15,4.46278932062384,10.1872790542078));
#16155=VECTOR('',#18974,1.0);
#16156=CARTESIAN_POINT('',(1.00999999999991,9.74000000000018,5.96500000000015));
#16157=CARTESIAN_POINT('',(1.24499999999991,9.74000000000018,6.645));
#16158=VECTOR('',#18975,1.0);
#16159=CARTESIAN_POINT('',(2.5,9.74000000000018,5.96500000000015));
#16160=VECTOR('',#18976,1.0);
#16161=CARTESIAN_POINT('',(8.24340595784179E-15,3.71873424105386,10.5369377550845));
#16162=CARTESIAN_POINT('',(1.13797860024079E-15,3.71873424105386,10.5369377550845));
#16163=VECTOR('',#18977,1.0);
#16164=CARTESIAN_POINT('',(8.24340595784179E-15,3.71873424105386,10.5369377550845));
#16165=VECTOR('',#18978,1.0);
#16166=CARTESIAN_POINT('',(1.13797860024079E-15,2.2187024433841,9.9872313889727));
#16167=VECTOR('',#18979,1.0);
#16168=CARTESIAN_POINT('',(-5.96744875736022E-15,2.24178428351389,9.92445553611915));
#16169=VECTOR('',#18980,1.0);
#16170=CARTESIAN_POINT('',(8.24340595784179E-15,2.42213269109527,9.82493284257082));
#16171=VECTOR('',#18981,1.0);
#16172=CARTESIAN_POINT('',(8.24340595784179E-15,2.47828701857521,9.85038768534375));
#16173=VECTOR('',#18982,1.0);
#16174=CARTESIAN_POINT('',(-5.96744875736022E-15,2.5229004259903,9.88770869542439));
#16175=VECTOR('',#18983,1.0);
#16176=CARTESIAN_POINT('',(1.13797860024079E-15,4.8797191971921,10.6999999999997));
#16177=CARTESIAN_POINT('',(1.13797860024079E-15,4.8797191971921,9.69999999999972));
#16178=VECTOR('',#18984,1.0);
#16179=CARTESIAN_POINT('',(1.13797860024079E-15,4.8797191971921,10.6999999999997));
#16180=VECTOR('',#18985,1.0);
#16181=CARTESIAN_POINT('',(2.5,8.87000000000018,0.0));
#16182=VECTOR('',#18986,1.0);
#16183=CARTESIAN_POINT('',(0.450000000000004,3.25000000000016,0.0));
#16184=CARTESIAN_POINT('',(2.5,3.25000000000016,0.0));
#16185=VECTOR('',#18987,1.0);
#16186=CARTESIAN_POINT('',(0.450000000000004,3.25000000000016,0.0));
#16187=VECTOR('',#18988,1.0);
#16188=CARTESIAN_POINT('',(1.13797860024079E-15,4.36303049345305,10.373173947739));
#16189=CARTESIAN_POINT('',(8.24340595784179E-15,4.36303049345305,10.373173947739));
#16190=VECTOR('',#18989,1.0);
#16191=CARTESIAN_POINT('',(-0.0299999999999929,4.36303049345305,10.373173947739));
#16192=CARTESIAN_POINT('',(-0.03,4.35112586007309,10.4128869745691));
#16193=VECTOR('',#18990,1.0);
#16194=CARTESIAN_POINT('',(1.13797860024079E-15,4.36303049345305,10.373173947739));
#16195=VECTOR('',#18991,1.0);
#16196=CARTESIAN_POINT('',(1.13797860024079E-15,5.0610358251732,10.5754938271602));
#16197=VECTOR('',#18992,1.0);
#16198=CARTESIAN_POINT('',(1.13797860024079E-15,2.26400486095228,9.88732591583381));
#16199=VECTOR('',#18993,1.0);
#16200=CARTESIAN_POINT('',(-5.96744875736022E-15,2.3091350259822,9.85000490575318));
#16201=VECTOR('',#18994,1.0);
#16202=CARTESIAN_POINT('',(1.13797860024079E-15,2.36528935346217,9.82493284257082));
#16203=VECTOR('',#18995,1.0);
#16204=CARTESIAN_POINT('',(1.13797860024079E-15,4.41847528894992,10.3124901926322));
#16205=CARTESIAN_POINT('',(1.13797860024079E-15,4.38531194208916,10.33657676523));
#16206=CARTESIAN_POINT('',(1.13797860024079E-15,4.41847528894992,10.3124901926322));
#16207=VECTOR('',#18996,1.0);
#16208=CARTESIAN_POINT('',(-0.0299999999999929,4.38531194208916,10.33657676523));
#16209=CARTESIAN_POINT('',(1.13797860024079E-15,4.38531194208916,10.33657676523));
#16210=VECTOR('',#18997,1.0);
#16211=CARTESIAN_POINT('',(-0.03,4.41847528894992,10.3124901926322));
#16212=CARTESIAN_POINT('',(-0.03,4.38531194208916,10.33657676523));
#16213=VECTOR('',#18998,1.0);
#16214=CARTESIAN_POINT('',(1.13797860024079E-15,4.41847528894992,10.3124901926322));
#16215=VECTOR('',#18999,1.0);
#16216=CARTESIAN_POINT('',(-5.96744875736022E-15,4.46475015027016,10.5749999999997));
#16217=CARTESIAN_POINT('',(1.13797860024079E-15,4.46475015027016,10.5749999999997));
#16218=VECTOR('',#19000,1.0);
#16219=CARTESIAN_POINT('',(-0.03,4.46475015027016,10.5749999999997));
#16220=CARTESIAN_POINT('',(-0.03,4.75594666126525,10.5749999999997));
#16221=VECTOR('',#19001,1.0);
#16222=CARTESIAN_POINT('',(-5.96744875736022E-15,4.46475015027016,10.5749999999997));
#16223=VECTOR('',#19002,1.0);
#16224=CARTESIAN_POINT('',(1.075,2.77000000000017,6.30000000000027));
#16225=CARTESIAN_POINT('',(1.07500000000001,2.77000000000017,6.30000000000027));
#16226=VECTOR('',#19003,1.0);
#16227=CARTESIAN_POINT('',(1.075,1.30000000000003,6.30000000000029));
#16228=CARTESIAN_POINT('',(2.5,1.30000000000003,6.30000000000029));
#16229=VECTOR('',#19004,1.0);
#16230=CARTESIAN_POINT('',(1.075,2.77000000000017,6.30000000000027));
#16231=VECTOR('',#19005,1.0);
#16232=CARTESIAN_POINT('',(1.13797860024079E-15,2.60144758344694,9.79986077938845));
#16233=VECTOR('',#19006,1.0);
#16234=CARTESIAN_POINT('',(-5.96744875736022E-15,2.5680305910202,9.76253976930782));
#16235=VECTOR('',#19007,1.0);
#16236=CARTESIAN_POINT('',(1.13797860024079E-15,6.3836993242514,9.85081440837242));
#16237=CARTESIAN_POINT('',(1.13797860024079E-15,6.3357528190281,9.83757879049575));
#16238=CARTESIAN_POINT('',(8.24340595784179E-15,6.3836993242514,9.85081440837242));
#16239=VECTOR('',#19008,1.0);
#16240=CARTESIAN_POINT('',(8.24340595784179E-15,6.3357528190281,9.83757879049575));
#16241=VECTOR('',#19009,1.0);
#16242=CARTESIAN_POINT('',(8.24340595784179E-15,6.3836993242514,9.85081440837243));
#16243=VECTOR('',#19010,1.0);
#16244=CARTESIAN_POINT('',(1.13797860024079E-15,4.38531194208916,10.33657676523));
#16245=VECTOR('',#19011,1.0);
#16246=CARTESIAN_POINT('',(-0.03,4.36303049345305,10.373173947739));
#16247=VECTOR('',#19012,1.0);
#16248=CARTESIAN_POINT('',(1.13797860024079E-15,5.74691305431584,10.6999999999997));
#16249=VECTOR('',#19013,1.0);
#16250=CARTESIAN_POINT('',(1.13797860024079E-15,4.23929492600836,9.82452573286564));
#16251=CARTESIAN_POINT('',(1.13797860024079E-15,4.29559315702906,9.76237374892011));
#16252=CARTESIAN_POINT('',(1.13797860024079E-15,4.23929492600836,9.82452573286565));
#16253=VECTOR('',#19014,1.0);
#16254=CARTESIAN_POINT('',(1.13797860024079E-15,4.29559315702906,9.7623737489201));
#16255=VECTOR('',#19015,1.0);
#16256=CARTESIAN_POINT('',(1.13797860024079E-15,4.23929492600836,9.82452573286565));
#16257=VECTOR('',#19016,1.0);
#16258=CARTESIAN_POINT('',(1.00999999999991,18.0700000000002,5.96500000000015));
#16259=CARTESIAN_POINT('',(1.00999999999991,9.74000000000018,5.96500000000015));
#16260=VECTOR('',#19017,1.0);
#16261=CARTESIAN_POINT('',(2.5,18.0700000000002,5.96500000000015));
#16262=VECTOR('',#19018,1.0);
#16263=CARTESIAN_POINT('',(1.2449999999999,18.0700000000002,6.64499999999998));
#16264=VECTOR('',#19019,1.0);
#16265=CARTESIAN_POINT('',(1.13797860024079E-15,3.68366667501469,10.5623723094377));
#16266=CARTESIAN_POINT('',(1.13797860024079E-15,3.63881988403777,10.5751736449839));
#16267=VECTOR('',#19020,1.0);
#16268=CARTESIAN_POINT('',(1.13797860024079E-15,3.68366667501469,10.5623723094377));
#16269=VECTOR('',#19021,1.0);
#16270=CARTESIAN_POINT('',(1.13797860024079E-15,3.00995049950512,9.53776244987912));
#16271=CARTESIAN_POINT('',(8.24340595784179E-15,3.04242055538231,9.51261163233776));
#16272=CARTESIAN_POINT('',(1.13797860024079E-15,3.00995049950512,9.53776244987913));
#16273=VECTOR('',#19022,1.0);
#16274=CARTESIAN_POINT('',(1.13797860024079E-15,3.04242055538232,9.51261163233776));
#16275=VECTOR('',#19023,1.0);
#16276=CARTESIAN_POINT('',(1.13797860024079E-15,3.00995049950512,9.53776244987912));
#16277=VECTOR('',#19024,1.0);
#16278=AXIS2_PLACEMENT_3D('',#19025,#19026,#19027);
#16279=AXIS2_PLACEMENT_3D('',#19028,#19029,#19030);
#16280=CARTESIAN_POINT('',(0.372871654083832,18.0700000000002,1.73000000000002));
#16281=VECTOR('',#19031,1.0);
#16282=CARTESIAN_POINT('',(1.13797860024079E-15,3.54837305498914,10.5624411870239));
#16283=VECTOR('',#19032,1.0);
#16284=CARTESIAN_POINT('',(1.13797860024079E-15,2.10639378842417,9.97536522166502));
#16285=VECTOR('',#19033,1.0);
#16286=CARTESIAN_POINT('',(1.13797860024079E-15,2.10639378842417,10.0748879152133));
#16287=VECTOR('',#19034,1.0);
#16288=AXIS2_PLACEMENT_3D('',#19035,#19036,#19037);
#16289=AXIS2_PLACEMENT_3D('',#19038,#19039,#19040);
#16290=CARTESIAN_POINT('',(-0.03,5.44112377334595,12.2044245622044));
#16291=VECTOR('',#19041,1.0);
#16292=AXIS2_PLACEMENT_3D('',#19042,#19043,#19044);
#16293=CARTESIAN_POINT('',(-0.03,5.36867385426015,12.5503037778635));
#16294=AXIS2_PLACEMENT_3D('',#19045,#19046,#19047);
#16295=AXIS2_PLACEMENT_3D('',#19048,#19049,#19050);
#16296=AXIS2_PLACEMENT_3D('',#19051,#19052,#19053);
#16297=AXIS2_PLACEMENT_3D('',#19054,#19055,#19056);
#16298=CARTESIAN_POINT('',(1.13797860024079E-15,3.92005877810331,9.77618528610327));
#16299=CARTESIAN_POINT('',(1.13797860024079E-15,3.92005877810331,9.77618528610327));
#16300=VECTOR('',#19057,1.0);
#16301=CARTESIAN_POINT('',(1.13797860024079E-15,3.92005877810331,9.77618528610327));
#16302=VECTOR('',#19058,1.0);
#16303=CARTESIAN_POINT('',(1.13797860024079E-15,5.36867385426015,12.5503037778635));
#16304=CARTESIAN_POINT('',(1.13797860024079E-15,5.36867385426015,12.5503037778635));
#16305=VECTOR('',#19059,1.0);
#16306=AXIS2_PLACEMENT_3D('',#19060,#19061,#19062);
#16307=CARTESIAN_POINT('',(1.13797860024079E-15,5.44112377334595,12.4337362515674));
#16308=VECTOR('',#19063,1.0);
#16309=AXIS2_PLACEMENT_3D('',#19064,#19065,#19066);
#16310=CARTESIAN_POINT('',(8.24340595784179E-15,4.20428017256863,10.1253002591066));
#16311=CARTESIAN_POINT('',(-5.96744875736022E-15,4.18221222212233,10.0379549611337));
#16312=CARTESIAN_POINT('',(-5.96744875736022E-15,4.20428017256863,10.1253002591066));
#16313=VECTOR('',#19067,1.0);
#16314=CARTESIAN_POINT('',(-5.96744875736022E-15,4.18221222212233,10.0379549611337));
#16315=VECTOR('',#19068,1.0);
#16316=CARTESIAN_POINT('',(8.24340595784179E-15,4.20428017256863,10.1253002591066));
#16317=VECTOR('',#19069,1.0);
#16318=CARTESIAN_POINT('',(1.13797860024079E-15,2.25332520357881,9.73746770612546));
#16319=VECTOR('',#19070,1.0);
#16320=CARTESIAN_POINT('',(1.13797860024079E-15,2.3091350259822,9.71277842253367));
#16321=VECTOR('',#19071,1.0);
#16322=CARTESIAN_POINT('',(0.534999999999998,7.27000000000017,13.9000000000001));
#16323=CARTESIAN_POINT('',(0.534999999999998,8.87000000000018,13.9000000000001));
#16324=VECTOR('',#19072,1.0);
#16325=CARTESIAN_POINT('',(0.534999999999998,7.27000000000017,12.099999999999));
#16326=CARTESIAN_POINT('',(0.534999999999998,7.27000000000017,12.099999999999));
#16327=VECTOR('',#19073,1.0);
#16328=CARTESIAN_POINT('',(0.534999999999998,8.87000000000018,12.099999999999));
#16329=CARTESIAN_POINT('',(0.534999999999998,7.27000000000017,12.099999999999));
#16330=VECTOR('',#19074,1.0);
#16331=CARTESIAN_POINT('',(0.534999999999998,8.87000000000018,12.099999999999));
#16332=VECTOR('',#19075,1.0);
#16333=CARTESIAN_POINT('',(0.534999999999998,7.27000000000017,13.9000000000001));
#16334=VECTOR('',#19076,1.0);
#16335=CARTESIAN_POINT('',(0.838675227416386,7.27000000000017,12.099999999999));
#16336=VECTOR('',#19077,1.0);
#16337=CARTESIAN_POINT('',(0.534999999999998,8.87000000000018,12.099999999999));
#16338=VECTOR('',#19078,1.0);
#16339=CARTESIAN_POINT('',(1.50000000000001,2.27082024582704,0.199999999999997));
#16340=VECTOR('',#19079,1.0);
#16341=CARTESIAN_POINT('',(1.50000000000001,1.26505317626214,0.40000000000023));
#16342=VECTOR('',#19080,1.0);
#16343=CARTESIAN_POINT('',(1.13797860024079E-15,6.31408705787544,9.7124870207777));
#16344=CARTESIAN_POINT('',(1.13797860024079E-15,6.31408705787544,9.7124870207777));
#16345=VECTOR('',#19081,1.0);
#16346=CARTESIAN_POINT('',(-5.96744875736022E-15,6.31408705787544,9.7124870207777));
#16347=VECTOR('',#19082,1.0);
#16348=CARTESIAN_POINT('',(1.13797860024079E-15,6.25791977907681,9.69999999999972));
#16349=CARTESIAN_POINT('',(-5.96744875736022E-15,6.25791977907681,9.69999999999972));
#16350=VECTOR('',#19083,1.0);
#16351=CARTESIAN_POINT('',(1.13797860024079E-15,6.2579197790768,9.69999999999972));
#16352=VECTOR('',#19084,1.0);
#16353=CARTESIAN_POINT('',(1.13797860024079E-15,6.15620659791901,9.69999999999972));
#16354=CARTESIAN_POINT('',(1.13797860024079E-15,6.15620659791901,9.69999999999972));
#16355=VECTOR('',#19085,1.0);
#16356=CARTESIAN_POINT('',(-5.96744875736022E-15,6.15620659791901,9.69999999999972));
#16357=VECTOR('',#19086,1.0);
#16358=CARTESIAN_POINT('',(1.13797860024079E-15,6.06637495650709,9.72528855174654));
#16359=CARTESIAN_POINT('',(-5.96744875736022E-15,6.06637495650709,9.72528855174654));
#16360=VECTOR('',#19087,1.0);
#16361=CARTESIAN_POINT('',(1.13797860024079E-15,6.06637495650709,9.72528855174654));
#16362=VECTOR('',#19088,1.0);
#16363=CARTESIAN_POINT('',(1.13797860024079E-15,5.98788478485261,9.76249300112477));
#16364=CARTESIAN_POINT('',(1.13797860024079E-15,5.98788478485261,9.76249300112477));
#16365=VECTOR('',#19089,1.0);
#16366=CARTESIAN_POINT('',(1.13797860024079E-15,5.98788478485261,9.76249300112477));
#16367=VECTOR('',#19090,1.0);
#16368=CARTESIAN_POINT('',(-5.96744875736022E-15,5.93063736607709,9.81329907715742));
#16369=CARTESIAN_POINT('',(1.13797860024079E-15,5.93063736607709,9.81329907715742));
#16370=VECTOR('',#19091,1.0);
#16371=CARTESIAN_POINT('',(1.13797860024079E-15,5.93063736607709,9.81329907715742));
#16372=VECTOR('',#19092,1.0);
#16373=CARTESIAN_POINT('',(1.13797860024079E-15,4.18221222212233,9.97449245541809));
#16374=CARTESIAN_POINT('',(1.13797860024079E-15,4.18221222212233,10.0379549611337));
#16375=VECTOR('',#19093,1.0);
#16376=CARTESIAN_POINT('',(1.13797860024079E-15,4.18221222212233,9.97449245541809));
#16377=VECTOR('',#19094,1.0);
#16378=CARTESIAN_POINT('',(1.13797860024079E-15,5.46600283780628,10.5754938271602));
#16379=VECTOR('',#19095,1.0);
#16380=CARTESIAN_POINT('',(1.13797860024079E-15,3.92005877810331,9.69999999999972));
#16381=VECTOR('',#19096,1.0);
#16382=CARTESIAN_POINT('',(0.450000000000004,0.200000000000188,9.39999999999998));
#16383=AXIS2_PLACEMENT_3D('',#19097,#19098,#19099);
#16384=CARTESIAN_POINT('',(1.13797860024079E-15,0.200000000000188,9.39999999999998));
#16385=VECTOR('',#19100,1.0);
#16386=CARTESIAN_POINT('',(1.13797860024079E-15,4.8797191971921,10.6999999999997));
#16387=VECTOR('',#19101,1.0);
#16388=CARTESIAN_POINT('',(0.450000000000004,-0.229999999999991,0.200000000000583));
#16389=CARTESIAN_POINT('',(2.5,-0.229999999999991,0.200000000000583));
#16390=VECTOR('',#19102,1.0);
#16391=CARTESIAN_POINT('',(0.450000000000004,-0.229999999999991,0.200000000000583));
#16392=VECTOR('',#19103,1.0);
#16393=CARTESIAN_POINT('',(0.450000000000004,3.0,0.199999999999827));
#16394=VECTOR('',#19104,1.0);
#16395=CARTESIAN_POINT('',(0.450000000000004,7.77000000000016,1.19999999999891));
#16396=CARTESIAN_POINT('',(0.450000000000004,7.77000000000017,1.19999999999891));
#16397=VECTOR('',#19105,1.0);
#16398=CARTESIAN_POINT('',(0.450000000000004,7.77000000000016,11.3300001772836));
#16399=CARTESIAN_POINT('',(4.55,7.77000000000017,11.3300001772836));
#16400=VECTOR('',#19106,1.0);
#16401=CARTESIAN_POINT('',(0.450000000000004,7.77000000000016,1.19999999999891));
#16402=VECTOR('',#19107,1.0);
#16403=CARTESIAN_POINT('',(-5.96744875736022E-15,4.36235708484213,9.72387961692803));
#16404=CARTESIAN_POINT('',(-5.96744875736022E-15,4.29559315702906,9.76237374892011));
#16405=VECTOR('',#19108,1.0);
#16406=CARTESIAN_POINT('',(-5.96744875736022E-15,4.36235708484213,9.72387961692803));
#16407=VECTOR('',#19109,1.0);
#16408=CARTESIAN_POINT('',(1.13797860024079E-15,3.07765798099238,9.49964729339892));
#16409=CARTESIAN_POINT('',(8.24340595784179E-15,3.04242055538231,9.51261163233776));
#16410=VECTOR('',#19110,1.0);
#16411=CARTESIAN_POINT('',(8.24340595784179E-15,3.07765798099238,9.49964729339892));
#16412=VECTOR('',#19111,1.0);
#16413=CARTESIAN_POINT('',(1.13797860024079E-15,5.34523840407575,12.8878637464856));
#16414=AXIS2_PLACEMENT_3D('',#19112,#19113,#19114);
#16415=CARTESIAN_POINT('',(-0.03,5.34523840407575,12.8878637464856));
#16416=CARTESIAN_POINT('',(1.13797860024079E-15,5.34523840407575,12.8878637464856));
#16417=VECTOR('',#19115,1.0);
#16418=AXIS2_PLACEMENT_3D('',#19116,#19117,#19118);
#16419=CARTESIAN_POINT('',(1.13797860024079E-15,4.46345264689219,10.299868185445));
#16420=CARTESIAN_POINT('',(1.13797860024079E-15,4.75594666126525,10.3001169135868));
#16421=VECTOR('',#19119,1.0);
#16422=CARTESIAN_POINT('',(-0.03,4.46345264689219,10.299868185445));
#16423=CARTESIAN_POINT('',(1.13797860024079E-15,4.46345264689219,10.299868185445));
#16424=VECTOR('',#19120,1.0);
#16425=CARTESIAN_POINT('',(-0.03,4.46345264689219,10.299868185445));
#16426=VECTOR('',#19121,1.0);
#16427=CARTESIAN_POINT('',(-0.03,4.4633928838345,9.83749446873881));
#16428=VECTOR('',#19122,1.0);
#16429=CARTESIAN_POINT('',(-0.03,4.31717840566479,9.9878683808049));
#16430=VECTOR('',#19123,1.0);
#16431=CARTESIAN_POINT('',(-0.03,4.32852018787946,10.08727107747));
#16432=VECTOR('',#19124,1.0);
#16433=CARTESIAN_POINT('',(-0.03,4.40753251952756,10.1755337646656));
#16434=CARTESIAN_POINT('',(-0.03,4.40753251952755,10.1755337646656));
#16435=VECTOR('',#19125,1.0);
#16436=CARTESIAN_POINT('',(-0.03,4.46278932062384,10.1872790542078));
#16437=VECTOR('',#19126,1.0);
#16438=CARTESIAN_POINT('',(1.13797860024079E-15,3.07765798099238,9.57535903280177));
#16439=CARTESIAN_POINT('',(1.13797860024079E-15,3.07765798099238,9.49964729339892));
#16440=VECTOR('',#19127,1.0);
#16441=CARTESIAN_POINT('',(1.13797860024079E-15,3.07765798099238,9.57535903280177));
#16442=VECTOR('',#19128,1.0);
#16443=CARTESIAN_POINT('',(0.534999999999998,8.87000000000018,12.099999999999));
#16444=VECTOR('',#19129,1.0);
#16445=CARTESIAN_POINT('',(1.13797860024079E-15,2.12930337601568,10.1499127149652));
#16446=VECTOR('',#19130,1.0);
#16447=CARTESIAN_POINT('',(0.966888920419778,0.0642847058893303,8.94999999999992));
#16448=CARTESIAN_POINT('',(4.44607364955609,0.0642847058893339,8.94999999999992));
#16449=VECTOR('',#19131,1.0);
#16450=CARTESIAN_POINT('',(0.941142344805401,-0.230000000000002,8.94999999999992));
#16451=CARTESIAN_POINT('',(0.941142344805393,-0.230000000000002,8.94999999999992));
#16452=VECTOR('',#19132,1.0);
#16453=CARTESIAN_POINT('',(0.966888920419776,0.0642847058893303,8.94999999999992));
#16454=VECTOR('',#19133,1.0);
#16455=CARTESIAN_POINT('',(1.13797860024079E-15,2.4217881860187,9.69999999999972));
#16456=VECTOR('',#19134,1.0);
#16457=CARTESIAN_POINT('',(-5.96744875736022E-15,2.3649448483856,9.69999999999972));
#16458=VECTOR('',#19135,1.0);
#16459=CARTESIAN_POINT('',(1.13797860024079E-15,3.77436057844816,10.6498414875778));
#16460=CARTESIAN_POINT('',(1.13797860024079E-15,3.81881118299078,10.5999634202101));
#16461=VECTOR('',#19136,1.0);
#16462=CARTESIAN_POINT('',(1.13797860024079E-15,3.77436057844816,10.6498414875778));
#16463=VECTOR('',#19137,1.0);
#16464=CARTESIAN_POINT('',(1.13797860024079E-15,3.87506833754527,10.4628606750323));
#16465=CARTESIAN_POINT('',(-5.96744875736022E-15,3.87506833754527,10.4628606750323));
#16466=VECTOR('',#19138,1.0);
#16467=CARTESIAN_POINT('',(1.13797860024079E-15,3.87506833754527,10.4628606750323));
#16468=VECTOR('',#19139,1.0);
#16469=CARTESIAN_POINT('',(1.13797860024079E-15,2.36442809077074,10.2502009676946));
#16470=VECTOR('',#19140,1.0);
#16471=CARTESIAN_POINT('',(1.13797860024079E-15,2.30844601582906,10.2245547351264));
#16472=VECTOR('',#19141,1.0);
#16473=CARTESIAN_POINT('',(0.450000000000004,2.77000000000017,11.3300001772836));
#16474=CARTESIAN_POINT('',(0.450000000000004,2.77000000000017,11.3300001772836));
#16475=VECTOR('',#19142,1.0);
#16476=CARTESIAN_POINT('',(0.450000000000004,2.77000000000017,1.19999999999891));
#16477=CARTESIAN_POINT('',(0.450000000000004,2.77000000000017,1.19999999999891));
#16478=VECTOR('',#19143,1.0);
#16479=CARTESIAN_POINT('',(0.450000000000004,7.77000000000017,1.19999999999891));
#16480=VECTOR('',#19144,1.0);
#16481=CARTESIAN_POINT('',(1.13797860024079E-15,5.62953466286795,12.4337362515674));
#16482=CARTESIAN_POINT('',(1.13797860024079E-15,5.62953466286795,12.4337362515674));
#16483=VECTOR('',#19145,1.0);
#16484=AXIS2_PLACEMENT_3D('',#19146,#19147,#19148);
#16485=CARTESIAN_POINT('',(1.13797860024079E-15,4.75595734866247,9.8375007724612));
#16486=VECTOR('',#19149,1.0);
#16487=CARTESIAN_POINT('',(1.13797860024079E-15,6.58500000000015,13.9999999999924));
#16488=AXIS2_PLACEMENT_3D('',#19150,#19151,#19152);
#16489=CARTESIAN_POINT('',(1.13797860024079E-15,6.58500000000015,13.9999999999924));
#16490=VECTOR('',#19153,1.0);
#16491=CARTESIAN_POINT('',(1.13797860024079E-15,5.70198458195385,13.2254237151077));
#16492=CARTESIAN_POINT('',(1.13797860024079E-15,5.70198458195385,13.2254237151077));
#16493=VECTOR('',#19154,1.0);
#16494=AXIS2_PLACEMENT_3D('',#19155,#19156,#19157);
#16495=CARTESIAN_POINT('',(1.13797860024079E-15,2.15135170091578,10.1999999999997));
#16496=VECTOR('',#19158,1.0);
#16497=AXIS2_PLACEMENT_3D('',#19159,#19160,#19161);
#16498=CARTESIAN_POINT('',(1.13797860024079E-15,3.79508952373487,10.0265123456787));
#16499=CARTESIAN_POINT('',(-5.96744875736022E-15,3.72889889380414,10.1124444317429));
#16500=CARTESIAN_POINT('',(-5.96744875736022E-15,3.79508952373487,10.0265123456787));
#16501=VECTOR('',#19162,1.0);
#16502=CARTESIAN_POINT('',(-5.96744875736022E-15,3.72889889380414,10.1124444317429));
#16503=VECTOR('',#19163,1.0);
#16504=CARTESIAN_POINT('',(8.24340595784179E-15,3.79508952373487,10.0265123456787));
#16505=VECTOR('',#19164,1.0);
#16506=CARTESIAN_POINT('',(1.13797860024079E-15,3.66199663854598,10.1745132855761));
#16507=CARTESIAN_POINT('',(1.13797860024079E-15,3.72889889380414,10.1124444317429));
#16508=VECTOR('',#19165,1.0);
#16509=CARTESIAN_POINT('',(1.13797860024079E-15,3.66199663854598,10.1745132855761));
#16510=VECTOR('',#19166,1.0);
#16511=CARTESIAN_POINT('',(1.13797860024079E-15,3.51510298437628,10.3374871037213));
#16512=CARTESIAN_POINT('',(1.13797860024079E-15,3.66199663854598,10.1745132855761));
#16513=VECTOR('',#19167,1.0);
#16514=CARTESIAN_POINT('',(1.13797860024079E-15,3.51510298437628,10.3374871037213));
#16515=VECTOR('',#19168,1.0);
#16516=CARTESIAN_POINT('',(1.13797860024079E-15,3.48111348540719,10.4131325678671));
#16517=CARTESIAN_POINT('',(1.13797860024079E-15,3.48111348540719,10.460682992091));
#16518=CARTESIAN_POINT('',(1.13797860024079E-15,3.48111348540719,10.4131325678671));
#16519=VECTOR('',#19169,1.0);
#16520=CARTESIAN_POINT('',(1.13797860024079E-15,3.48111348540719,10.460682992091));
#16521=VECTOR('',#19170,1.0);
#16522=CARTESIAN_POINT('',(1.13797860024079E-15,3.48111348540719,10.4131325678671));
#16523=VECTOR('',#19171,1.0);
#16524=CARTESIAN_POINT('',(1.13797860024079E-15,6.26904004026292,9.8250182185626));
#16525=CARTESIAN_POINT('',(1.13797860024079E-15,6.3357528190281,9.83757879049575));
#16526=VECTOR('',#19172,1.0);
#16527=CARTESIAN_POINT('',(1.13797860024079E-15,6.26904004026293,9.8250182185626));
#16528=VECTOR('',#19173,1.0);
#16529=CARTESIAN_POINT('',(1.13797860024079E-15,7.00416636758974,10.4756790123454));
#16530=CARTESIAN_POINT('',(1.13797860024079E-15,7.27224312243137,9.69999999999972));
#16531=CARTESIAN_POINT('',(1.13797860024079E-15,7.00416636758974,10.4756790123454));
#16532=VECTOR('',#19174,1.0);
#16533=CARTESIAN_POINT('',(1.13797860024079E-15,7.27224312243137,9.69999999999972));
#16534=VECTOR('',#19175,1.0);
#16535=CARTESIAN_POINT('',(1.13797860024079E-15,7.00416636758974,10.4756790123454));
#16536=VECTOR('',#19176,1.0);
#16537=CARTESIAN_POINT('',(1.13797860024079E-15,5.99908129959227,10.0502826677841));
#16538=CARTESIAN_POINT('',(1.13797860024079E-15,6.0577494960136,10.0748353909462));
#16539=CARTESIAN_POINT('',(-5.96744875736022E-15,5.99908129959226,10.0502826677841));
#16540=VECTOR('',#19177,1.0);
#16541=CARTESIAN_POINT('',(-5.96744875736022E-15,6.0577494960136,10.0748353909462));
#16542=VECTOR('',#19178,1.0);
#16543=CARTESIAN_POINT('',(1.13797860024079E-15,5.99908129959227,10.0502826677841));
#16544=VECTOR('',#19179,1.0);
#16545=CARTESIAN_POINT('',(1.13797860024079E-15,5.97643789757526,10.0248839734794));
#16546=CARTESIAN_POINT('',(1.13797860024079E-15,5.97643789757526,10.0248839734794));
#16547=VECTOR('',#19180,1.0);
#16548=CARTESIAN_POINT('',(1.13797860024079E-15,5.97643789757526,10.0248839734794));
#16549=VECTOR('',#19181,1.0);
#16550=CARTESIAN_POINT('',(1.13797860024079E-15,5.96543967373842,9.97528463648806));
#16551=CARTESIAN_POINT('',(1.13797860024079E-15,5.96543967373842,9.97528463648806));
#16552=VECTOR('',#19182,1.0);
#16553=CARTESIAN_POINT('',(1.13797860024079E-15,5.96543967373842,9.97528463648806));
#16554=VECTOR('',#19183,1.0);
#16555=CARTESIAN_POINT('',(1.13797860024079E-15,5.97686920047082,9.93718659503097));
#16556=CARTESIAN_POINT('',(1.13797860024079E-15,5.97686920047082,9.93718659503097));
#16557=VECTOR('',#19184,1.0);
#16558=CARTESIAN_POINT('',(-5.96744875736022E-15,5.97686920047082,9.93718659503097));
#16559=VECTOR('',#19185,1.0);
#16560=CARTESIAN_POINT('',(-5.96744875736022E-15,6.01007952342911,9.88782686836328));
#16561=CARTESIAN_POINT('',(-5.96744875736022E-15,6.01007952342911,9.88782686836329));
#16562=VECTOR('',#19186,1.0);
#16563=CARTESIAN_POINT('',(-5.96744875736022E-15,6.01007952342911,9.88782686836328));
#16564=VECTOR('',#19187,1.0);
#16565=CARTESIAN_POINT('',(1.13797860024079E-15,6.05474090468707,9.86287119266781));
#16566=CARTESIAN_POINT('',(-5.96744875736022E-15,6.05474090468707,9.86287119266782));
#16567=VECTOR('',#19188,1.0);
#16568=CARTESIAN_POINT('',(8.24340595784179E-15,6.05474090468707,9.86287119266781));
#16569=VECTOR('',#19189,1.0);
#16570=CARTESIAN_POINT('',(1.13797860024079E-15,6.12273532769315,9.83743649618911));
#16571=CARTESIAN_POINT('',(8.24340595784179E-15,6.12273532769315,9.83743649618911));
#16572=VECTOR('',#19190,1.0);
#16573=CARTESIAN_POINT('',(1.13797860024079E-15,6.12273532769315,9.83743649618911));
#16574=VECTOR('',#19191,1.0);
#16575=CARTESIAN_POINT('',(1.13797860024079E-15,7.00416636758974,9.69999999999972));
#16576=CARTESIAN_POINT('',(1.13797860024079E-15,7.00416636758974,9.69999999999972));
#16577=VECTOR('',#19192,1.0);
#16578=CARTESIAN_POINT('',(1.13797860024079E-15,7.00416636758974,9.69999999999972));
#16579=VECTOR('',#19193,1.0);
#16580=CARTESIAN_POINT('',(1.13797860024079E-15,6.50527183378618,10.0749303663334));
#16581=CARTESIAN_POINT('',(8.24340595784179E-15,6.50527183378618,10.0749303663334));
#16582=VECTOR('',#19194,1.0);
#16583=CARTESIAN_POINT('',(1.13797860024079E-15,6.50527183378618,10.0749303663334));
#16584=VECTOR('',#19195,1.0);
#16585=CARTESIAN_POINT('',(1.13797860024079E-15,7.38774427744289,9.69999999999972));
#16586=CARTESIAN_POINT('',(1.13797860024079E-15,7.65582103228452,10.4756790123454));
#16587=CARTESIAN_POINT('',(1.13797860024079E-15,7.38774427744289,9.69999999999972));
#16588=VECTOR('',#19196,1.0);
#16589=CARTESIAN_POINT('',(1.13797860024079E-15,7.65582103228452,10.4756790123454));
#16590=VECTOR('',#19197,1.0);
#16591=CARTESIAN_POINT('',(1.13797860024079E-15,7.38774427744289,9.69999999999972));
#16592=VECTOR('',#19198,1.0);
#16593=CARTESIAN_POINT('',(1.13797860024079E-15,7.76847030692543,10.6999999999997));
#16594=CARTESIAN_POINT('',(1.13797860024079E-15,7.61166303347094,10.6999999999997));
#16595=CARTESIAN_POINT('',(1.13797860024079E-15,7.76847030692543,10.6999999999997));
#16596=VECTOR('',#19199,1.0);
#16597=CARTESIAN_POINT('',(1.13797860024079E-15,7.61166303347094,10.6999999999997));
#16598=VECTOR('',#19200,1.0);
#16599=CARTESIAN_POINT('',(1.13797860024079E-15,7.76847030692543,10.6999999999997));
#16600=VECTOR('',#19201,1.0);
#16601=CARTESIAN_POINT('',(1.13797860024079E-15,7.76847030692543,9.69999999999972));
#16602=CARTESIAN_POINT('',(1.13797860024079E-15,7.76847030692543,9.69999999999972));
#16603=VECTOR('',#19202,1.0);
#16604=CARTESIAN_POINT('',(1.13797860024079E-15,7.76847030692543,9.69999999999972));
#16605=VECTOR('',#19203,1.0);
#16606=CARTESIAN_POINT('',(1.13797860024079E-15,7.65582103228452,9.69999999999972));
#16607=CARTESIAN_POINT('',(1.13797860024079E-15,7.65582103228452,9.69999999999972));
#16608=VECTOR('',#19204,1.0);
#16609=CARTESIAN_POINT('',(1.13797860024079E-15,7.65582103228452,9.69999999999972));
#16610=VECTOR('',#19205,1.0);
#16611=CARTESIAN_POINT('',(1.13797860024079E-15,7.65582103228452,10.4756790123454));
#16612=VECTOR('',#19206,1.0);
#16613=CARTESIAN_POINT('',(1.13797860024079E-15,6.21280072441776,9.8249994816799));
#16614=CARTESIAN_POINT('',(1.13797860024079E-15,6.26904004026292,9.8250182185626));
#16615=VECTOR('',#19207,1.0);
#16616=CARTESIAN_POINT('',(1.13797860024079E-15,6.21280072441776,9.8249994816799));
#16617=VECTOR('',#19208,1.0);
#16618=CARTESIAN_POINT('',(1.13797860024079E-15,6.34783313064731,10.1624942530463));
#16619=CARTESIAN_POINT('',(-5.96744875736022E-15,6.0577494960136,10.0748353909462));
#16620=VECTOR('',#19209,1.0);
#16621=CARTESIAN_POINT('',(-5.96744875736022E-15,6.34783313064731,10.1624942530463));
#16622=VECTOR('',#19210,1.0);
#16623=CARTESIAN_POINT('',(1.13797860024079E-15,6.4603749508463,10.2125053366431));
#16624=CARTESIAN_POINT('',(8.24340595784179E-15,6.3478331306473,10.1624942530463));
#16625=VECTOR('',#19211,1.0);
#16626=CARTESIAN_POINT('',(8.24340595784179E-15,6.4603749508463,10.2125053366431));
#16627=VECTOR('',#19212,1.0);
#16628=CARTESIAN_POINT('',(1.13797860024079E-15,6.50869215494636,10.2482947889348));
#16629=CARTESIAN_POINT('',(1.13797860024079E-15,6.4603749508463,10.2125053366431));
#16630=VECTOR('',#19213,1.0);
#16631=CARTESIAN_POINT('',(1.13797860024079E-15,6.50869215494636,10.2482947889348));
#16632=VECTOR('',#19214,1.0);
#16633=CARTESIAN_POINT('',(1.13797860024079E-15,6.56138218056481,10.2875115581971));
#16634=CARTESIAN_POINT('',(1.13797860024079E-15,6.50869215494636,10.2482947889348));
#16635=VECTOR('',#19215,1.0);
#16636=CARTESIAN_POINT('',(1.13797860024079E-15,6.56138218056481,10.2875115581971));
#16637=VECTOR('',#19216,1.0);
#16638=CARTESIAN_POINT('',(1.13797860024079E-15,6.59505314675169,10.3492038815219));
#16639=CARTESIAN_POINT('',(-5.96744875736022E-15,6.56138218056481,10.2875115581971));
#16640=VECTOR('',#19217,1.0);
#16641=CARTESIAN_POINT('',(-5.96744875736022E-15,6.59505314675168,10.3492038815219));
#16642=VECTOR('',#19218,1.0);
#16643=CARTESIAN_POINT('',(1.13797860024079E-15,6.60680174960579,10.4130282477262));
#16644=CARTESIAN_POINT('',(1.13797860024079E-15,6.59505314675169,10.3492038815219));
#16645=VECTOR('',#19219,1.0);
#16646=CARTESIAN_POINT('',(1.13797860024079E-15,6.60680174960579,10.4130282477262));
#16647=VECTOR('',#19220,1.0);
#16648=CARTESIAN_POINT('',(2.5,2.77000000000017,11.3300001772836));
#16649=VECTOR('',#19221,1.0);
#16650=AXIS2_PLACEMENT_3D('',#19222,#19223,#19224);
#16651=CARTESIAN_POINT('',(1.5,1.72000000000016,14.8));
#16652=VECTOR('',#19225,1.0);
#16653=CARTESIAN_POINT('',(1.13797860024079E-15,2.36511710092388,10.3625467775271));
#16654=VECTOR('',#19226,1.0);
#16655=CARTESIAN_POINT('',(-5.96744875736022E-15,2.42265150073723,10.3625467775271));
#16656=VECTOR('',#19227,1.0);
#16657=CARTESIAN_POINT('',(0.941142344805408,-0.229999999999995,2.21665408814026));
#16658=CARTESIAN_POINT('',(2.5,-0.229999999999998,2.21665408814026));
#16659=VECTOR('',#19228,1.0);
#16660=CARTESIAN_POINT('',(0.941142344805406,-0.23,2.21665408814026));
#16661=VECTOR('',#19229,1.0);
#16662=CARTESIAN_POINT('',(1.13797860024079E-15,2.25280844596396,10.3252257674465));
#16663=VECTOR('',#19230,1.0);
#16664=CARTESIAN_POINT('',(8.24340595784179E-15,2.3091350259822,10.3501064408335));
#16665=VECTOR('',#19231,1.0);
#16666=AXIS2_PLACEMENT_3D('',#19232,#19233,#19234);
#16667=CARTESIAN_POINT('',(1.075,1.29999999999932,3.09999999999962));
#16668=VECTOR('',#19235,1.0);
#16669=CARTESIAN_POINT('',(1.075,2.77000000000017,6.30000000000027));
#16670=VECTOR('',#19236,1.0);
#16671=CARTESIAN_POINT('',(1.13797860024079E-15,2.18494094588081,10.2496267983088));
#16672=VECTOR('',#19237,1.0);
#16673=CARTESIAN_POINT('',(1.13797860024079E-15,2.60153037735237,10.6999999999997));
#16674=VECTOR('',#19238,1.0);
#16675=CARTESIAN_POINT('',(1.13797860024079E-15,2.6691428309918,10.1499127149652));
#16676=VECTOR('',#19239,1.0);
#16677=CARTESIAN_POINT('',(8.24340595784179E-15,4.20428897466857,9.88788065843593));
#16678=CARTESIAN_POINT('',(1.13797860024079E-15,4.20428897466857,9.88788065843593));
#16679=VECTOR('',#19240,1.0);
#16680=CARTESIAN_POINT('',(8.24340595784179E-15,4.20428897466857,9.88788065843593));
#16681=VECTOR('',#19241,1.0);
#16682=CARTESIAN_POINT('',(1.13797860024079E-15,3.369334885149,10.3486529407777));
#16683=CARTESIAN_POINT('',(1.13797860024079E-15,3.41458648078338,10.2743411404085));
#16684=CARTESIAN_POINT('',(1.13797860024079E-15,3.369334885149,10.3486529407777));
#16685=VECTOR('',#19242,1.0);
#16686=CARTESIAN_POINT('',(1.13797860024079E-15,3.41458648078338,10.2743411404085));
#16687=VECTOR('',#19243,1.0);
#16688=CARTESIAN_POINT('',(1.13797860024079E-15,3.369334885149,10.3486529407777));
#16689=VECTOR('',#19244,1.0);
#16690=CARTESIAN_POINT('',(1.13797860024079E-15,3.43697022085308,10.2493532066586));
#16691=CARTESIAN_POINT('',(1.13797860024079E-15,3.41458648078338,10.2743411404085));
#16692=VECTOR('',#19245,1.0);
#16693=CARTESIAN_POINT('',(1.13797860024079E-15,3.43697022085308,10.2493532066586));
#16694=VECTOR('',#19246,1.0);
#16695=CARTESIAN_POINT('',(-5.96744875736022E-15,3.70614430415007,10.6877390387641));
#16696=CARTESIAN_POINT('',(8.24340595784179E-15,3.70614430415007,10.6877390387641));
#16697=VECTOR('',#19247,1.0);
#16698=CARTESIAN_POINT('',(-5.96744875736022E-15,3.70614430415007,10.6877390387641));
#16699=VECTOR('',#19248,1.0);
#16700=CARTESIAN_POINT('',(1.13797860024079E-15,3.87506833754527,10.4127413673387));
#16701=VECTOR('',#19249,1.0);
#16702=AXIS2_PLACEMENT_3D('',#19250,#19251,#19252);
#16703=CARTESIAN_POINT('',(0.450000000000004,0.87237251903057,14.150480679737));
#16704=CARTESIAN_POINT('',(2.5,0.872372519030574,14.150480679737));
#16705=VECTOR('',#19253,1.0);
#16706=CARTESIAN_POINT('',(2.5,0.700000000000184,14.2500000000001));
#16707=VECTOR('',#19254,1.0);
#16708=CARTESIAN_POINT('',(0.450000000000004,1.08590027117854,14.0272003745549));
#16709=CARTESIAN_POINT('',(1.13797860024079E-15,1.08590027117854,14.0272003745549));
#16710=VECTOR('',#19255,1.0);
#16711=CARTESIAN_POINT('',(0.450000000000004,0.87237251903057,14.150480679737));
#16712=VECTOR('',#19256,0.999999999999999);
#16713=CARTESIAN_POINT('',(8.24340595784179E-15,2.48943109005226,10.3379236889021));
#16714=VECTOR('',#19257,1.0);
#16715=CARTESIAN_POINT('',(1.13797860024079E-15,4.36209163887608,10.5002874190154));
#16716=CARTESIAN_POINT('',(1.13797860024079E-15,4.38289004549827,10.5351702997273));
#16717=CARTESIAN_POINT('',(1.13797860024079E-15,4.36209163887608,10.5002874190154));
#16718=VECTOR('',#19258,1.0);
#16719=CARTESIAN_POINT('',(-0.0300000000000071,4.38289004549828,10.5351702997273));
#16720=CARTESIAN_POINT('',(1.13797860024079E-15,4.38289004549828,10.5351702997273));
#16721=VECTOR('',#19259,1.0);
#16722=CARTESIAN_POINT('',(-0.03,4.36209163887608,10.5002874190154));
#16723=CARTESIAN_POINT('',(-0.03,4.38289004549828,10.5351702997273));
#16724=VECTOR('',#19260,1.0);
#16725=CARTESIAN_POINT('',(1.13797860024079E-15,4.36209163887608,10.5002874190154));
#16726=VECTOR('',#19261,1.0);
#16727=CARTESIAN_POINT('',(8.24340595784179E-15,3.68366667501469,10.5623723094377));
#16728=VECTOR('',#19262,1.0);
#16729=CARTESIAN_POINT('',(0.450000000000004,3.25000000000016,0.572306009842228));
#16730=CARTESIAN_POINT('',(0.450000000000004,3.25000000000016,0.0));
#16731=VECTOR('',#19263,1.0);
#16732=CARTESIAN_POINT('',(0.450000000000004,3.25000000000016,0.572306009842227));
#16733=VECTOR('',#19264,1.0);
#16734=AXIS2_PLACEMENT_3D('',#19265,#19266,#19267);
#16735=AXIS2_PLACEMENT_3D('',#19268,#19269,#19270);
#16736=CARTESIAN_POINT('',(1.07500000000005,1.29999999999991,6.30000000000055));
#16737=VECTOR('',#19271,1.0);
#16738=CARTESIAN_POINT('',(0.450000000000004,2.77000000000017,1.19999999999891));
#16739=VECTOR('',#19272,1.0);
#16740=CARTESIAN_POINT('',(1.13797860024079E-15,4.41728097708883,10.562618186609));
#16741=CARTESIAN_POINT('',(1.13797860024079E-15,4.38289004549827,10.5351702997273));
#16742=VECTOR('',#19273,1.0);
#16743=CARTESIAN_POINT('',(-0.03,4.41728097708882,10.562618186609));
#16744=CARTESIAN_POINT('',(1.13797860024079E-15,4.41728097708883,10.562618186609));
#16745=VECTOR('',#19274,1.0);
#16746=CARTESIAN_POINT('',(-0.03,4.41728097708883,10.562618186609));
#16747=VECTOR('',#19275,1.0);
#16748=CARTESIAN_POINT('',(1.13797860024079E-15,2.95351022983645,9.62514209432696));
#16749=CARTESIAN_POINT('',(1.13797860024079E-15,2.94244937441786,9.66250744567026));
#16750=VECTOR('',#19276,1.0);
#16751=CARTESIAN_POINT('',(1.13797860024079E-15,2.95351022983645,9.62514209432696));
#16752=VECTOR('',#19277,1.0);
#16753=CARTESIAN_POINT('',(8.24340595784179E-15,3.85246744490413,9.95035834968788));
#16754=VECTOR('',#19278,1.0);
#16755=CARTESIAN_POINT('',(0.450000000000004,3.25000000000016,0.572306009842228));
#16756=VECTOR('',#19279,1.0);
#16757=CARTESIAN_POINT('',(-0.03,4.41847528894992,10.3124901926322));
#16758=VECTOR('',#19280,1.0);
#16759=CARTESIAN_POINT('',(-0.03,4.36209163887608,10.5002874190154));
#16760=VECTOR('',#19281,1.0);
#16761=CARTESIAN_POINT('',(-0.03,4.46475015027016,10.5749999999997));
#16762=VECTOR('',#19282,1.0);
#16763=CARTESIAN_POINT('',(0.941142344805398,-0.230000000000006,8.94999999999992));
#16764=VECTOR('',#19283,1.0);
#16765=CARTESIAN_POINT('',(-5.96744875736022E-15,4.41728097708882,10.562618186609));
#16766=VECTOR('',#19284,1.0);
#16767=CARTESIAN_POINT('',(8.24340595784179E-15,4.18221222212233,9.97449245541809));
#16768=VECTOR('',#19285,1.0);
#16769=CARTESIAN_POINT('',(0.450000000000004,0.0700000000002902,9.59999999999976));
#16770=CARTESIAN_POINT('',(2.5,0.0700000000002902,9.59999999999976));
#16771=VECTOR('',#19286,1.0);
#16772=CARTESIAN_POINT('',(0.450000000000004,0.872372519030573,14.150480679737));
#16773=VECTOR('',#19287,1.0);
#16774=CARTESIAN_POINT('',(1.13797860024079E-15,4.35097964968906,10.4625980080274));
#16775=VECTOR('',#19288,1.0);
#16776=CARTESIAN_POINT('',(0.450000000000004,-0.230000000000002,9.40000000000009));
#16777=AXIS2_PLACEMENT_3D('',#19289,#19290,#19291);
#16778=CARTESIAN_POINT('',(2.5,-0.230000000000002,9.40000000000009));
#16779=VECTOR('',#19292,1.0);
#16780=CARTESIAN_POINT('',(1.13797860024079E-15,2.98618069066695,9.56343184097806));
#16781=CARTESIAN_POINT('',(1.13797860024079E-15,2.98618069066695,9.56343184097806));
#16782=VECTOR('',#19293,1.0);
#16783=CARTESIAN_POINT('',(1.13797860024079E-15,2.98618069066695,9.56343184097805));
#16784=VECTOR('',#19294,1.0);
#16785=CARTESIAN_POINT('',(2.5,9.74000000000018,1.21500000000015));
#16786=VECTOR('',#19295,1.0);
#16787=CARTESIAN_POINT('',(0.450000000000004,0.0700000000002902,9.59999999999976));
#16788=VECTOR('',#19296,1.0);
#16789=CARTESIAN_POINT('',(1.13797860024079E-15,2.12913112347739,9.89995764232263));
#16790=VECTOR('',#19297,1.0);
#16791=CARTESIAN_POINT('',(1.13797860024079E-15,6.42658315501015,9.87496941099737));
#16792=CARTESIAN_POINT('',(8.24340595784179E-15,6.42658315501015,9.87496941099737));
#16793=VECTOR('',#19298,1.0);
#16794=CARTESIAN_POINT('',(1.13797860024079E-15,6.42658315501015,9.87496941099737));
#16795=VECTOR('',#19299,1.0);
#16796=CARTESIAN_POINT('',(1.13797860024079E-15,6.21280072441776,9.8249994816799));
#16797=VECTOR('',#19300,1.0);
#16798=CARTESIAN_POINT('',(1.13797860024079E-15,7.27224312243137,9.69999999999972));
#16799=VECTOR('',#19301,1.0);
#16800=CARTESIAN_POINT('',(1.13797860024079E-15,6.89151709294883,9.69999999999972));
#16801=CARTESIAN_POINT('',(1.13797860024079E-15,6.89151709294883,9.69999999999972));
#16802=VECTOR('',#19302,1.0);
#16803=CARTESIAN_POINT('',(1.13797860024079E-15,6.89151709294883,9.69999999999972));
#16804=VECTOR('',#19303,1.0);
#16805=CARTESIAN_POINT('',(1.13797860024079E-15,6.89151709294883,10.6999999999997));
#16806=CARTESIAN_POINT('',(1.13797860024079E-15,6.89151709294883,10.6999999999997));
#16807=VECTOR('',#19304,1.0);
#16808=CARTESIAN_POINT('',(1.13797860024079E-15,6.89151709294883,10.6999999999997));
#16809=VECTOR('',#19305,1.0);
#16810=CARTESIAN_POINT('',(1.13797860024079E-15,7.04832436640332,10.6999999999997));
#16811=CARTESIAN_POINT('',(1.13797860024079E-15,7.04832436640332,10.6999999999997));
#16812=VECTOR('',#19306,1.0);
#16813=CARTESIAN_POINT('',(1.13797860024079E-15,7.04832436640332,10.6999999999997));
#16814=VECTOR('',#19307,1.0);
#16815=CARTESIAN_POINT('',(1.13797860024079E-15,7.32999369993712,9.89997364476933));
#16816=CARTESIAN_POINT('',(1.13797860024079E-15,7.32999369993712,9.89997364476933));
#16817=VECTOR('',#19308,1.0);
#16818=CARTESIAN_POINT('',(8.24340595784179E-15,7.32999369993712,9.89997364476933));
#16819=VECTOR('',#19309,1.0);
#16820=CARTESIAN_POINT('',(8.24340595784179E-15,7.61166303347094,10.6999999999997));
#16821=VECTOR('',#19310,1.0);
#16822=CARTESIAN_POINT('',(1.13797860024079E-15,6.4716045037394,9.92500603129535));
#16823=VECTOR('',#19311,1.0);
#16824=CARTESIAN_POINT('',(1.13797860024079E-15,6.6181464613719,10.0749303663334));
#16825=VECTOR('',#19312,1.0);
#16826=CARTESIAN_POINT('',(8.24340595784179E-15,3.58203469542711,10.6999999999997));
#16827=VECTOR('',#19313,1.0);
#16828=CARTESIAN_POINT('',(-5.96744875736022E-15,4.40753251952756,10.1755337646656));
#16829=CARTESIAN_POINT('',(1.13797860024079E-15,4.40753251952755,10.1755337646656));
#16830=VECTOR('',#19314,1.0);
#16831=CARTESIAN_POINT('',(-5.96744875736022E-15,4.40753251952755,10.1755337646656));
#16832=VECTOR('',#19315,1.0);
#16833=CARTESIAN_POINT('',(8.24340595784179E-15,2.26417711349056,10.1874251148411));
#16834=VECTOR('',#19316,1.0);
#16835=CARTESIAN_POINT('',(-5.96744875736022E-15,2.24143977843732,10.1497213251699));
#16836=VECTOR('',#19317,1.0);
#16837=CARTESIAN_POINT('',(1.13797860024079E-15,2.2187024433841,10.0879024212927));
#16838=VECTOR('',#19318,1.0);
#16839=CARTESIAN_POINT('',(-5.96744875736022E-15,4.24993666479888,10.2012029416245));
#16840=CARTESIAN_POINT('',(-5.96744875736022E-15,4.30554833202665,10.2500247675657));
#16841=VECTOR('',#19319,1.0);
#16842=CARTESIAN_POINT('',(1.13797860024079E-15,4.23881154402167,10.3496488721229));
#16843=VECTOR('',#19320,1.0);
#16844=CARTESIAN_POINT('',(-5.96744875736022E-15,4.36235708484212,9.72387961692804));
#16845=VECTOR('',#19321,1.0);
#16846=CARTESIAN_POINT('',(8.24340595784179E-15,4.24993666479888,10.2012029416245));
#16847=VECTOR('',#19322,1.0);
#16848=CARTESIAN_POINT('',(1.13797860024079E-15,4.46345264689219,10.299868185445));
#16849=VECTOR('',#19323,1.0);
#16850=CARTESIAN_POINT('',(-5.96744875736022E-15,4.32854317447142,9.937817980307));
#16851=VECTOR('',#19324,1.0);
#16852=CARTESIAN_POINT('',(-5.96744875736022E-15,4.36215476245978,10.1374456098159));
#16853=VECTOR('',#19325,1.0);
#16854=CARTESIAN_POINT('',(1.13797860024079E-15,4.31715294739628,10.0377886076392));
#16855=VECTOR('',#19326,1.0);
#16856=CARTESIAN_POINT('',(8.24340595784179E-15,5.87519018059639,10.0625288832073));
#16857=CARTESIAN_POINT('',(1.13797860024079E-15,5.86402873416845,10.0001214197341));
#16858=CARTESIAN_POINT('',(8.24340595784179E-15,5.87519018059639,10.0625288832073));
#16859=VECTOR('',#19327,1.0);
#16860=CARTESIAN_POINT('',(8.24340595784179E-15,5.86402873416845,10.0001214197341));
#16861=VECTOR('',#19328,1.0);
#16862=CARTESIAN_POINT('',(8.24340595784179E-15,5.87519018059639,10.0625288832073));
#16863=VECTOR('',#19329,1.0);
#16864=CARTESIAN_POINT('',(1.13797860024079E-15,6.47163228920391,10.3374728755956));
#16865=CARTESIAN_POINT('',(1.13797860024079E-15,6.38834668128709,10.2855555555553));
#16866=CARTESIAN_POINT('',(8.24340595784179E-15,6.47163228920391,10.3374728755956));
#16867=VECTOR('',#19330,1.0);
#16868=CARTESIAN_POINT('',(8.24340595784179E-15,6.38834668128709,10.2855555555553));
#16869=VECTOR('',#19331,1.0);
#16870=CARTESIAN_POINT('',(1.13797860024079E-15,6.47163228920391,10.3374728755956));
#16871=VECTOR('',#19332,1.0);
#16872=CARTESIAN_POINT('',(1.13797860024079E-15,6.40434621054266,10.5373201971269));
#16873=CARTESIAN_POINT('',(1.13797860024079E-15,6.43748086422242,10.5128942543813));
#16874=CARTESIAN_POINT('',(1.13797860024079E-15,6.40434621054266,10.5373201971269));
#16875=VECTOR('',#19333,1.0);
#16876=CARTESIAN_POINT('',(1.13797860024079E-15,6.43748086422243,10.5128942543813));
#16877=VECTOR('',#19334,1.0);
#16878=CARTESIAN_POINT('',(1.13797860024079E-15,6.40434621054266,10.5373201971269));
#16879=VECTOR('',#19335,1.0);
#16880=CARTESIAN_POINT('',(1.13797860024079E-15,6.33648389098698,10.5628081373832));
#16881=CARTESIAN_POINT('',(1.13797860024079E-15,6.33648389098698,10.5628081373832));
#16882=VECTOR('',#19336,1.0);
#16883=CARTESIAN_POINT('',(1.13797860024079E-15,6.33648389098698,10.5628081373832));
#16884=VECTOR('',#19337,1.0);
#16885=CARTESIAN_POINT('',(1.13797860024079E-15,6.26925877630974,10.5750211087561));
#16886=CARTESIAN_POINT('',(1.13797860024079E-15,6.26925877630974,10.5750211087561));
#16887=VECTOR('',#19338,1.0);
#16888=CARTESIAN_POINT('',(1.13797860024079E-15,6.26925877630974,10.5750211087561));
#16889=VECTOR('',#19339,1.0);
#16890=CARTESIAN_POINT('',(1.13797860024079E-15,6.21238824090747,10.5750211087561));
#16891=CARTESIAN_POINT('',(1.13797860024079E-15,6.21238824090747,10.5750211087561));
#16892=VECTOR('',#19340,1.0);
#16893=CARTESIAN_POINT('',(1.13797860024079E-15,6.21238824090747,10.5750211087561));
#16894=VECTOR('',#19341,1.0);
#16895=CARTESIAN_POINT('',(1.13797860024079E-15,6.14548172866945,10.5626311377981));
#16896=CARTESIAN_POINT('',(1.13797860024079E-15,6.14548172866945,10.5626311377981));
#16897=VECTOR('',#19342,1.0);
#16898=CARTESIAN_POINT('',(1.13797860024079E-15,6.14548172866946,10.5626311377981));
#16899=VECTOR('',#19343,1.0);
#16900=CARTESIAN_POINT('',(8.24340595784179E-15,6.07777871033339,10.5373201971269));
#16901=CARTESIAN_POINT('',(1.13797860024079E-15,6.07777871033339,10.5373201971269));
#16902=VECTOR('',#19344,1.0);
#16903=CARTESIAN_POINT('',(8.24340595784179E-15,6.07777871033339,10.5373201971269));
#16904=VECTOR('',#19345,1.0);
#16905=CARTESIAN_POINT('',(1.13797860024079E-15,6.02159627969111,10.4875134545693));
#16906=CARTESIAN_POINT('',(8.24340595784179E-15,6.02159627969112,10.4875134545693));
#16907=VECTOR('',#19346,1.0);
#16908=CARTESIAN_POINT('',(1.13797860024079E-15,6.02159627969111,10.4875134545693));
#16909=VECTOR('',#19347,1.0);
#16910=CARTESIAN_POINT('',(1.13797860024079E-15,5.99910374328681,10.4249994349959));
#16911=CARTESIAN_POINT('',(1.13797860024079E-15,5.99910374328681,10.4249994349959));
#16912=VECTOR('',#19348,1.0);
#16913=CARTESIAN_POINT('',(8.24340595784179E-15,5.99910374328681,10.4249994349959));
#16914=VECTOR('',#19349,1.0);
#16915=CARTESIAN_POINT('',(1.13797860024079E-15,5.88629864435704,10.4247484609948));
#16916=CARTESIAN_POINT('',(8.24340595784179E-15,5.88629864435704,10.4247484609948));
#16917=VECTOR('',#19350,1.0);
#16918=CARTESIAN_POINT('',(1.13797860024079E-15,5.88629864435704,10.4247484609948));
#16919=VECTOR('',#19351,1.0);
#16920=CARTESIAN_POINT('',(1.13797860024079E-15,5.90907871876188,10.5118322568706));
#16921=CARTESIAN_POINT('',(1.13797860024079E-15,5.90907871876188,10.5118322568706));
#16922=VECTOR('',#19352,1.0);
#16923=CARTESIAN_POINT('',(1.13797860024079E-15,5.90907871876188,10.5118322568706));
#16924=VECTOR('',#19353,1.0);
#16925=CARTESIAN_POINT('',(1.13797860024079E-15,5.94300987853972,10.5755521075114));
#16926=CARTESIAN_POINT('',(1.13797860024079E-15,5.94300987853972,10.5755521075114));
#16927=VECTOR('',#19354,1.0);
#16928=CARTESIAN_POINT('',(1.13797860024079E-15,5.94300987853972,10.5755521075114));
#16929=VECTOR('',#19355,1.0);
#16930=CARTESIAN_POINT('',(1.13797860024079E-15,6.01007569199733,10.637324962716));
#16931=CARTESIAN_POINT('',(1.13797860024079E-15,6.01007569199733,10.637324962716));
#16932=VECTOR('',#19356,1.0);
#16933=CARTESIAN_POINT('',(8.24340595784179E-15,6.01007569199733,10.637324962716));
#16934=VECTOR('',#19357,1.0);
#16935=CARTESIAN_POINT('',(-5.96744875736022E-15,6.06677656512508,10.6626042449248));
#16936=CARTESIAN_POINT('',(8.24340595784179E-15,6.06677656512508,10.6626042449248));
#16937=VECTOR('',#19358,1.0);
#16938=CARTESIAN_POINT('',(8.24340595784179E-15,6.06677656512508,10.6626042449248));
#16939=VECTOR('',#19359,1.0);
#16940=CARTESIAN_POINT('',(-5.96744875736022E-15,6.14571485240548,10.6873913819458));
#16941=CARTESIAN_POINT('',(8.24340595784179E-15,6.14571485240548,10.6873913819458));
#16942=VECTOR('',#19360,1.0);
#16943=CARTESIAN_POINT('',(1.13797860024079E-15,6.14571485240548,10.6873913819458));
#16944=VECTOR('',#19361,1.0);
#16945=CARTESIAN_POINT('',(1.13797860024079E-15,6.21264079162149,10.6999999999997));
#16946=CARTESIAN_POINT('',(1.13797860024079E-15,6.21264079162148,10.6999999999997));
#16947=VECTOR('',#19362,1.0);
#16948=CARTESIAN_POINT('',(1.13797860024079E-15,6.21264079162149,10.6999999999997));
#16949=VECTOR('',#19363,1.0);
#16950=CARTESIAN_POINT('',(1.13797860024079E-15,6.28059636067158,10.6999999999997));
#16951=CARTESIAN_POINT('',(1.13797860024079E-15,6.28059636067158,10.6999999999997));
#16952=VECTOR('',#19364,1.0);
#16953=CARTESIAN_POINT('',(1.13797860024079E-15,6.28059636067158,10.6999999999997));
#16954=VECTOR('',#19365,1.0);
#16955=CARTESIAN_POINT('',(-5.96744875736022E-15,6.34615205037251,10.6877353079689));
#16956=CARTESIAN_POINT('',(1.13797860024079E-15,6.34615205037251,10.6877353079689));
#16957=VECTOR('',#19366,1.0);
#16958=CARTESIAN_POINT('',(-5.96744875736022E-15,6.34615205037251,10.6877353079689));
#16959=VECTOR('',#19367,1.0);
#16960=CARTESIAN_POINT('',(-5.96744875736022E-15,6.41532504337739,10.662703537375));
#16961=CARTESIAN_POINT('',(-5.96744875736022E-15,6.41532504337739,10.662703537375));
#16962=VECTOR('',#19368,1.0);
#16963=CARTESIAN_POINT('',(1.13797860024079E-15,6.41532504337739,10.662703537375));
#16964=VECTOR('',#19369,1.0);
#16965=CARTESIAN_POINT('',(1.13797860024079E-15,6.46069998833011,10.6373192066319));
#16966=CARTESIAN_POINT('',(1.13797860024079E-15,6.46069998833011,10.6373192066319));
#16967=VECTOR('',#19370,1.0);
#16968=CARTESIAN_POINT('',(-5.96744875736022E-15,6.46069998833011,10.6373192066319));
#16969=VECTOR('',#19371,1.0);
#16970=CARTESIAN_POINT('',(-5.96744875736022E-15,6.52765183018343,10.575268620371));
#16971=CARTESIAN_POINT('',(-5.96744875736022E-15,6.52765183018343,10.575268620371));
#16972=VECTOR('',#19372,1.0);
#16973=CARTESIAN_POINT('',(1.13797860024079E-15,6.52765183018343,10.575268620371));
#16974=VECTOR('',#19373,1.0);
#16975=CARTESIAN_POINT('',(-5.96744875736022E-15,6.57209066861293,10.5135374434788));
#16976=CARTESIAN_POINT('',(1.13797860024079E-15,6.57209066861293,10.5135374434788));
#16977=VECTOR('',#19374,1.0);
#16978=CARTESIAN_POINT('',(1.13797860024079E-15,6.57209066861293,10.5135374434788));
#16979=VECTOR('',#19375,1.0);
#16980=CARTESIAN_POINT('',(1.13797860024079E-15,6.59488077229512,10.4761386729662));
#16981=CARTESIAN_POINT('',(1.13797860024079E-15,6.59488077229512,10.4761386729662));
#16982=VECTOR('',#19376,1.0);
#16983=CARTESIAN_POINT('',(-5.96744875736022E-15,6.59488077229512,10.4761386729662));
#16984=VECTOR('',#19377,1.0);
#16985=CARTESIAN_POINT('',(1.13797860024079E-15,6.60610051564634,10.4391294729798));
#16986=CARTESIAN_POINT('',(-5.96744875736022E-15,6.60610051564634,10.4391294729798));
#16987=VECTOR('',#19378,1.0);
#16988=CARTESIAN_POINT('',(1.13797860024079E-15,6.60610051564634,10.4391294729798));
#16989=VECTOR('',#19379,1.0);
#16990=CARTESIAN_POINT('',(1.13797860024079E-15,6.48309303367757,10.4624623090084));
#16991=CARTESIAN_POINT('',(1.13797860024079E-15,6.49402482071396,10.4127016254867));
#16992=CARTESIAN_POINT('',(1.13797860024079E-15,6.48309303367757,10.4624623090084));
#16993=VECTOR('',#19380,1.0);
#16994=CARTESIAN_POINT('',(1.13797860024079E-15,6.49402482071396,10.4127016254867));
#16995=VECTOR('',#19381,1.0);
#16996=CARTESIAN_POINT('',(1.13797860024079E-15,6.48309303367757,10.4624623090084));
#16997=VECTOR('',#19382,1.0);
#16998=CARTESIAN_POINT('',(1.13797860024079E-15,6.43748086422242,10.5128942543813));
#16999=VECTOR('',#19383,1.0);
#17000=CARTESIAN_POINT('',(1.13797860024079E-15,6.12335234028842,10.1999999999997));
#17001=CARTESIAN_POINT('',(-5.96744875736022E-15,6.38834668128709,10.2855555555553));
#17002=VECTOR('',#19384,1.0);
#17003=CARTESIAN_POINT('',(-5.96744875736022E-15,6.12335234028842,10.1999999999997));
#17004=VECTOR('',#19385,1.0);
#17005=CARTESIAN_POINT('',(1.13797860024079E-15,5.98784395430512,10.1500006232397));
#17006=CARTESIAN_POINT('',(-5.96744875736022E-15,6.12335234028842,10.1999999999997));
#17007=VECTOR('',#19386,1.0);
#17008=CARTESIAN_POINT('',(-5.96744875736022E-15,5.98784395430512,10.1500006232397));
#17009=VECTOR('',#19387,1.0);
#17010=CARTESIAN_POINT('',(1.13797860024079E-15,5.931357459395,10.1247363227591));
#17011=CARTESIAN_POINT('',(1.13797860024079E-15,5.98784395430512,10.1500006232397));
#17012=VECTOR('',#19388,1.0);
#17013=CARTESIAN_POINT('',(1.13797860024079E-15,5.93135745939501,10.1247363227591));
#17014=VECTOR('',#19389,1.0);
#17015=CARTESIAN_POINT('',(1.13797860024079E-15,5.87537020392584,9.92491242529211));
#17016=CARTESIAN_POINT('',(1.13797860024079E-15,5.89751307345223,9.86290500966173));
#17017=CARTESIAN_POINT('',(1.13797860024079E-15,5.87537020392584,9.92491242529211));
#17018=VECTOR('',#19390,1.0);
#17019=CARTESIAN_POINT('',(1.13797860024079E-15,5.89751307345223,9.86290500966173));
#17020=VECTOR('',#19391,1.0);
#17021=CARTESIAN_POINT('',(8.24340595784179E-15,5.87537020392584,9.92491242529211));
#17022=VECTOR('',#19392,1.0);
#17023=CARTESIAN_POINT('',(1.13797860024079E-15,5.89751307345223,9.86290500966173));
#17024=VECTOR('',#19393,1.0);
#17025=CARTESIAN_POINT('',(1.13797860024079E-15,6.60680174960579,10.4130282477262));
#17026=VECTOR('',#19394,1.0);
#17027=CARTESIAN_POINT('',(8.24340595784179E-15,5.86402873416845,10.0001214197341));
#17028=VECTOR('',#19395,1.0);
#17029=CARTESIAN_POINT('',(1.13797860024079E-15,5.89769309678172,10.0997333325855));
#17030=CARTESIAN_POINT('',(1.13797860024079E-15,5.931357459395,10.1247363227591));
#17031=VECTOR('',#19396,1.0);
#17032=CARTESIAN_POINT('',(1.13797860024079E-15,5.89769309678173,10.0997333325855));
#17033=VECTOR('',#19397,1.0);
#17034=CARTESIAN_POINT('',(8.24340595784179E-15,5.89769309678173,10.0997333325855));
#17035=VECTOR('',#19398,1.0);
#17036=CARTESIAN_POINT('',(1.13797860024079E-15,6.49420113985973,10.3878212837258));
#17037=CARTESIAN_POINT('',(1.13797860024079E-15,6.49420113985973,10.3878212837258));
#17038=VECTOR('',#19399,1.0);
#17039=CARTESIAN_POINT('',(-5.96744875736022E-15,6.49420113985973,10.3878212837258));
#17040=VECTOR('',#19400,1.0);
#17041=CARTESIAN_POINT('',(-5.96744875736022E-15,6.49402482071396,10.4127016254867));
#17042=VECTOR('',#19401,1.0);
#17043=CARTESIAN_POINT('',(1.13797860024079E-15,7.96000000000013,14.5000000000001));
#17044=VECTOR('',#19402,1.0);
#17045=AXIS2_PLACEMENT_3D('',#19403,#19404,#19405);
#17046=CARTESIAN_POINT('',(1.13797860024079E-15,5.62953466286795,11.8188888888899));
#17047=VECTOR('',#19406,1.0);
#17048=CARTESIAN_POINT('',(-5.96744875736022E-15,3.64711302110747,10.0341700960217));
#17049=VECTOR('',#19407,1.0);
#17050=CARTESIAN_POINT('',(1.13797860024079E-15,6.47738366571695,13.581111111109));
#17051=VECTOR('',#19408,1.0);
#17052=CARTESIAN_POINT('',(1.13797860024079E-15,8.87000000000018,1.21500000000015));
#17053=VECTOR('',#19409,1.0);
#17054=AXIS2_PLACEMENT_3D('',#19410,#19411,#19412);
#17055=CARTESIAN_POINT('',(1.13797860024079E-15,3.02117221581956,9.69999999999972));
#17056=VECTOR('',#19413,1.0);
#17057=CARTESIAN_POINT('',(1.13797860024079E-15,5.75953466286795,13.711111111109));
#17058=VECTOR('',#19414,1.0);
#17059=CARTESIAN_POINT('',(1.13797860024079E-15,5.62953466286795,13.3419912414038));
#17060=VECTOR('',#19415,1.0);
#17061=CARTESIAN_POINT('',(1.13797860024079E-15,6.58500000000015,13.9999999999924));
#17062=VECTOR('',#19416,1.0);
#17063=CARTESIAN_POINT('',(1.13797860024079E-15,6.76000000000014,11.5749999999997));
#17064=AXIS2_PLACEMENT_3D('',#19417,#19418,#19419);
#17065=CARTESIAN_POINT('',(1.13797860024079E-15,6.76000000000014,11.5749999999997));
#17066=VECTOR('',#19420,1.0);
#17067=CARTESIAN_POINT('',(1.13797860024079E-15,4.39145299145315,11.3999999999997));
#17068=CARTESIAN_POINT('',(1.13797860024079E-15,4.39145299145315,11.3999999999997));
#17069=VECTOR('',#19421,1.0);
#17070=CARTESIAN_POINT('',(1.13797860024079E-15,4.39145299145315,11.3999999999997));
#17071=VECTOR('',#19422,1.0);
#17072=AXIS2_PLACEMENT_3D('',#19423,#19424,#19425);
#17073=CARTESIAN_POINT('',(1.13797860024079E-15,4.21645299145315,13.8249999999924));
#17074=CARTESIAN_POINT('',(1.13797860024079E-15,4.21645299145315,13.8249999999924));
#17075=VECTOR('',#19426,1.0);
#17076=CARTESIAN_POINT('',(1.13797860024079E-15,4.21645299145315,13.8249999999924));
#17077=VECTOR('',#19427,1.0);
#17078=AXIS2_PLACEMENT_3D('',#19428,#19429,#19430);
#17079=CARTESIAN_POINT('',(1.13797860024079E-15,6.76000000000014,11.5749999999997));
#17080=VECTOR('',#19431,1.0);
#17081=CARTESIAN_POINT('',(1.13797860024079E-15,3.05478865841102,9.58754551140431));
#17082=CARTESIAN_POINT('',(1.13797860024079E-15,3.07765798099238,9.57535903280178));
#17083=VECTOR('',#19432,1.0);
#17084=CARTESIAN_POINT('',(1.13797860024079E-15,3.05478865841102,9.5875455114043));
#17085=VECTOR('',#19433,1.0);
#17086=CARTESIAN_POINT('',(1.13797860024079E-15,2.96447817025814,9.60050985034315));
#17087=CARTESIAN_POINT('',(1.13797860024079E-15,2.96447817025814,9.60050985034315));
#17088=VECTOR('',#19434,1.0);
#17089=CARTESIAN_POINT('',(1.13797860024079E-15,2.96447817025814,9.60050985034315));
#17090=VECTOR('',#19435,1.0);
#17091=CARTESIAN_POINT('',(8.24340595784179E-15,6.45972593142703,9.76209295328199));
#17092=VECTOR('',#19436,1.0);
#17093=CARTESIAN_POINT('',(1.13797860024079E-15,3.41370653861294,10.5998089652875));
#17094=CARTESIAN_POINT('',(1.13797860024079E-15,3.45929518032369,10.6500020183669));
#17095=VECTOR('',#19437,1.0);
#17096=CARTESIAN_POINT('',(1.13797860024079E-15,3.41370653861294,10.5998089652875));
#17097=VECTOR('',#19438,1.0);
#17098=CARTESIAN_POINT('',(0.450000000000004,-0.230000000000003,9.40000000000009));
#17099=VECTOR('',#19439,1.0);
#17100=CARTESIAN_POINT('',(0.450000000000004,0.270000000000183,9.39999999999998));
#17101=CARTESIAN_POINT('',(0.450000000000004,0.270000000000181,9.39999999999998));
#17102=VECTOR('',#19440,1.0);
#17103=CARTESIAN_POINT('',(-5.96744875736022E-15,0.270000000000183,9.39999999999998));
#17104=VECTOR('',#19441,1.0);
#17105=CARTESIAN_POINT('',(0.450000000000004,1.08590027117854,14.0272003745549));
#17106=VECTOR('',#19442,1.0);
#17107=CARTESIAN_POINT('',(1.13797860024079E-15,3.05478865841102,9.58754551140431));
#17108=VECTOR('',#19443,1.0);
#17109=CARTESIAN_POINT('',(1.13797860024079E-15,2.65794641600345,9.90053181170849));
#17110=VECTOR('',#19444,1.0);
#17111=CARTESIAN_POINT('',(1.13797860024079E-15,3.43697022085308,10.2493532066586));
#17112=VECTOR('',#19445,1.0);
#17113=CARTESIAN_POINT('',(2.5,1.57000000000017,14.8));
#17114=VECTOR('',#19446,1.0);
#17115=CARTESIAN_POINT('',(1.13797860024079E-15,2.4217881860187,10.2502009676946));
#17116=VECTOR('',#19447,1.0);
#17117=CARTESIAN_POINT('',(-5.96744875736022E-15,2.63520908095023,9.84923934657203));
#17118=VECTOR('',#19448,1.0);
#17119=CARTESIAN_POINT('',(1.13797860024079E-15,3.49246085920711,10.3745879058068));
#17120=CARTESIAN_POINT('',(1.13797860024079E-15,3.49246085920711,10.3745879058068));
#17121=VECTOR('',#19449,1.0);
#17122=CARTESIAN_POINT('',(1.13797860024079E-15,3.49246085920711,10.3745879058068));
#17123=VECTOR('',#19450,1.0);
#17124=CARTESIAN_POINT('',(-5.96744875736022E-15,3.77436057844816,10.6498414875778));
#17125=VECTOR('',#19451,1.0);
#17126=CARTESIAN_POINT('',(-5.96744875736022E-15,2.48931118102528,10.224937514717));
#17127=VECTOR('',#19452,1.0);
#17128=CARTESIAN_POINT('',(1.13797860024079E-15,2.5344413460552,10.1872337250458));
#17129=VECTOR('',#19453,1.0);
#17130=CARTESIAN_POINT('',(1.13797860024079E-15,2.55614516587873,10.1499127149652));
#17131=VECTOR('',#19454,1.0);
#17132=CARTESIAN_POINT('',(1.13797860024079E-15,3.36855589930702,10.5240118376261));
#17133=CARTESIAN_POINT('',(1.13797860024079E-15,3.35757122122581,10.4625436966207));
#17134=CARTESIAN_POINT('',(1.13797860024079E-15,3.36855589930702,10.5240118376261));
#17135=VECTOR('',#19455,1.0);
#17136=CARTESIAN_POINT('',(1.13797860024079E-15,3.35757122122581,10.4625436966207));
#17137=VECTOR('',#19456,1.0);
#17138=CARTESIAN_POINT('',(1.13797860024079E-15,3.36855589930702,10.5240118376261));
#17139=VECTOR('',#19457,1.0);
#17140=CARTESIAN_POINT('',(1.13797860024079E-15,3.41370653861294,10.5998089652875));
#17141=VECTOR('',#19458,1.0);
#17142=CARTESIAN_POINT('',(1.13797860024079E-15,3.35757122122581,10.4118970261983));
#17143=CARTESIAN_POINT('',(1.13797860024079E-15,3.35757122122581,10.4625436966207));
#17144=VECTOR('',#19459,1.0);
#17145=CARTESIAN_POINT('',(1.13797860024079E-15,3.35757122122581,10.4118970261983));
#17146=VECTOR('',#19460,1.0);
#17147=CARTESIAN_POINT('',(1.13797860024079E-15,3.35757122122581,10.4118970261983));
#17148=VECTOR('',#19461,1.0);
#17149=CARTESIAN_POINT('',(1.13797860024079E-15,3.51510298437628,10.3374871037213));
#17150=VECTOR('',#19462,1.0);
#17151=CARTESIAN_POINT('',(1.13797860024079E-15,3.49230420621238,10.500143089148));
#17152=CARTESIAN_POINT('',(8.24340595784179E-15,3.48111348540719,10.460682992091));
#17153=VECTOR('',#19463,1.0);
#17154=CARTESIAN_POINT('',(8.24340595784179E-15,3.49230420621238,10.500143089148));
#17155=VECTOR('',#19464,1.0);
#17156=CARTESIAN_POINT('',(-5.96744875736022E-15,4.24993666479888,10.2012029416245));
#17157=VECTOR('',#19465,1.0);
#17158=AXIS2_PLACEMENT_3D('',#19466,#19467,#19468);
#17159=CARTESIAN_POINT('',(8.24340595784179E-15,3.49230420621238,10.500143089148));
#17160=VECTOR('',#19469,1.0);
#17161=CARTESIAN_POINT('',(1.13797860024079E-15,3.75136655945144,10.4633398956796));
#17162=VECTOR('',#19470,1.0);
#17163=CARTESIAN_POINT('',(1.13797860024079E-15,1.47494014940163,14.0000000000001));
#17164=VECTOR('',#19471,1.0);
#17165=CARTESIAN_POINT('',(1.13797860024079E-15,1.97494014940163,8.69999999999974));
#17166=VECTOR('',#19472,1.0);
#17167=CARTESIAN_POINT('',(1.13797860024079E-15,8.46000000000013,9.19999999999974));
#17168=VECTOR('',#19473,1.0);
#17169=CARTESIAN_POINT('',(8.24340595784179E-15,2.95351022983645,9.62514209432697));
#17170=VECTOR('',#19474,1.0);
#17171=AXIS2_PLACEMENT_3D('',#19475,#19476,#19477);
#17172=CARTESIAN_POINT('',(2.5,2.67000000000017,14.8));
#17173=VECTOR('',#19478,1.0);
#17174=DIRECTION('',(0.0,-1.0,-4.50354351615808E-16));
#17175=CARTESIAN_POINT('',(7.5,15.9899999999993,3.73000000000001));
#17176=DIRECTION('',(0.0,1.0,4.44089209850063E-16));
#17177=DIRECTION('',(-1.0,0.0,0.0));
#17178=DIRECTION('',(0.0,1.0,4.44089209850063E-16));
#17179=CARTESIAN_POINT('',(7.5,10.59,3.73));
#17180=DIRECTION('',(-2.33549744054136E-46,1.0,4.44089209850063E-16));
#17181=DIRECTION('',(-1.0,-2.33549744054136E-46,0.0));
#17182=DIRECTION('',(0.0,1.0,4.11193115593806E-16));
#17183=CARTESIAN_POINT('',(7.5,10.59,3.73));
#17184=DIRECTION('',(1.09564014614024E-32,-1.0,-4.44089209850063E-16));
#17185=DIRECTION('',(-1.0,-6.55450605073339E-31,1.45127192761458E-15));
#17186=DIRECTION('',(0.0,1.0,4.44089209850063E-16));
#17187=CARTESIAN_POINT('',(7.5,15.9899999999993,3.73000000000001));
#17188=DIRECTION('',(-2.57797681444775E-31,-1.0,-4.44089209850063E-16));
#17189=DIRECTION('',(-1.0,0.0,5.80508771045833E-16));
#17190=DIRECTION('',(-1.9580623983296E-17,1.0,4.895155995824E-16));
#17191=CARTESIAN_POINT('',(7.5,10.59,3.73));
#17192=DIRECTION('',(-1.13531658305418E-32,1.0,4.44089209850063E-16));
#17193=DIRECTION('',(1.0,-5.43852429378757E-32,1.48029736616687E-16));
#17194=CARTESIAN_POINT('',(7.5,15.9899999999993,3.73000000000001));
#17195=DIRECTION('',(3.28692043842088E-31,1.0,4.44089209850063E-16));
#17196=DIRECTION('',(1.0,5.8387436013534E-47,-7.40148683083437E-16));
#17197=DIRECTION('',(1.9580624552086E-17,-1.0,-4.69934989250064E-16));
#17198=CARTESIAN_POINT('',(7.5,15.9899999999993,3.73000000000001));
#17199=DIRECTION('',(-3.28692043842088E-30,-1.0,-4.44089209850063E-16));
#17200=DIRECTION('',(1.0,0.0,-7.40148683083437E-15));
#17201=CARTESIAN_POINT('',(7.5,10.59,3.73));
#17202=DIRECTION('',(8.6261544814258E-33,-1.0,-4.44089209850063E-16));
#17203=DIRECTION('',(1.0,1.10426630062172E-30,-2.46716227694479E-15));
#17204=CARTESIAN_POINT('',(7.5,10.59,3.73));
#17205=DIRECTION('',(8.6261544814258E-33,-1.0,-4.44089209850063E-16));
#17206=DIRECTION('',(1.0,1.10426630062172E-30,-2.46716227694479E-15));
#17207=CARTESIAN_POINT('',(7.5,10.59,3.73));
#17208=DIRECTION('',(1.09564014614024E-32,-1.0,-4.44089209850063E-16));
#17209=DIRECTION('',(-1.0,-6.55450605073339E-31,1.45127192761458E-15));
#17210=CARTESIAN_POINT('',(7.5,10.59,3.73));
#17211=DIRECTION('',(-1.13531658305418E-32,1.0,4.44089209850063E-16));
#17212=DIRECTION('',(1.0,-5.43852429378757E-32,1.48029736616687E-16));
#17213=CARTESIAN_POINT('',(7.5,10.59,3.73));
#17214=DIRECTION('',(-2.33549744054136E-46,1.0,4.44089209850063E-16));
#17215=DIRECTION('',(-1.0,-2.33549744054136E-46,0.0));
#17216=CARTESIAN_POINT('',(7.5,15.9899999999993,3.73000000000001));
#17217=DIRECTION('',(-3.28692043842088E-30,-1.0,-4.44089209850063E-16));
#17218=DIRECTION('',(1.0,0.0,-7.40148683083437E-15));
#17219=CARTESIAN_POINT('',(7.5,15.9899999999993,3.73000000000001));
#17220=DIRECTION('',(-2.57797681444775E-31,-1.0,-4.44089209850063E-16));
#17221=DIRECTION('',(-1.0,0.0,5.80508771045833E-16));
#17222=CARTESIAN_POINT('',(7.5,15.9899999999993,3.73000000000001));
#17223=DIRECTION('',(0.0,1.0,4.44089209850063E-16));
#17224=DIRECTION('',(-1.0,0.0,0.0));
#17225=CARTESIAN_POINT('',(7.5,15.9899999999993,3.73000000000001));
#17226=DIRECTION('',(3.28692043842088E-31,1.0,4.44089209850063E-16));
#17227=DIRECTION('',(1.0,5.8387436013534E-47,-7.40148683083437E-16));
#17228=DIRECTION('',(0.0,1.0,4.44089209850063E-16));
#17229=DIRECTION('',(0.0,1.0,4.44089209850063E-16));
#17230=DIRECTION('',(-8.49320613838245E-15,1.0,-1.1102230246249E-16));
#17231=DIRECTION('',(-1.0,-8.49320613838245E-15,1.79811072098726E-14));
#17232=DIRECTION('',(-8.49320613838245E-15,1.0,-1.1102230246249E-16));
#17233=DIRECTION('',(-1.0,-8.49320613838245E-15,1.79811072098726E-14));
#17234=DIRECTION('',(-8.49320613838245E-15,1.0,-1.1102230246249E-16));
#17235=DIRECTION('',(-1.79811072098726E-14,-1.11022302462651E-16,-1.0));
#17236=DIRECTION('',(8.49320613838245E-15,-1.0,1.1102230246249E-16));
#17237=DIRECTION('',(-1.79811072098726E-14,-1.11022302462651E-16,-1.0));
#17238=DIRECTION('',(1.79811072098726E-14,1.11022302462651E-16,1.0));
#17239=DIRECTION('',(-8.49320613838245E-15,1.0,-1.1102230246249E-16));
#17240=DIRECTION('',(-8.49320613838245E-15,1.0,-1.1102230246249E-16));
#17241=DIRECTION('',(-8.49320613838245E-15,1.0,-1.1102230246249E-16));
#17242=DIRECTION('',(1.79811072098726E-14,1.11022302462651E-16,1.0));
#17243=DIRECTION('',(-1.79811072098726E-14,-1.11022302462651E-16,-1.0));
#17244=DIRECTION('',(-8.49320613838245E-15,1.0,-1.1102230246249E-16));
#17245=DIRECTION('',(8.49320613838245E-15,-1.0,1.1102230246249E-16));
#17246=DIRECTION('',(-8.49320613838245E-15,1.0,-1.1102230246249E-16));
#17247=DIRECTION('',(-1.79811072098726E-14,-1.11022302462651E-16,-1.0));
#17248=DIRECTION('',(8.49320613838245E-15,-1.0,1.1102230246249E-16));
#17249=CARTESIAN_POINT('',(7.49999999999975,5.27000000000021,8.43000000000002));
#17250=DIRECTION('',(1.79811072098726E-14,1.11022302462651E-16,1.0));
#17251=DIRECTION('',(-1.0,-8.43769498715119E-15,1.79811072098726E-14));
#17252=DIRECTION('',(-8.49320613838245E-15,1.0,-1.1102230246249E-16));
#17253=DIRECTION('',(-1.0,-8.49320613838245E-15,1.79811072098726E-14));
#17254=DIRECTION('',(8.49320613838245E-15,-1.0,1.1102230246249E-16));
#17255=DIRECTION('',(-1.79811072098726E-14,-1.11022302462651E-16,-1.0));
#17256=DIRECTION('',(8.49320613838245E-15,-1.0,1.1102230246249E-16));
#17257=DIRECTION('',(-1.79811072098726E-14,-1.11022302462651E-16,-1.0));
#17258=DIRECTION('',(-1.0,-8.49320613838245E-15,1.79811072098726E-14));
#17259=DIRECTION('',(0.707106781186534,6.02772201250408E-15,-0.707106781186561));
#17260=DIRECTION('',(-0.70710678118656,-6.18473125837265E-15,-0.707106781186535));
#17261=DIRECTION('',(-1.0,-8.49320613838245E-15,1.79811072098726E-14));
#17262=DIRECTION('',(-0.707106781186534,-6.02772201250408E-15,0.707106781186561));
#17263=DIRECTION('',(0.70710678118656,6.18473125837265E-15,0.707106781186535));
#17264=DIRECTION('',(1.0,8.49320613838245E-15,-1.79811072098726E-14));
#17265=DIRECTION('',(8.49320613838245E-15,-1.0,1.1102230246249E-16));
#17266=DIRECTION('',(-1.0,-8.49320613838245E-15,1.79811072098726E-14));
#17267=DIRECTION('',(8.49320613838245E-15,-1.0,1.1102230246249E-16));
#17268=CARTESIAN_POINT('',(7.49999999999972,5.27000000000021,6.83000000000003));
#17269=DIRECTION('',(1.79811072098726E-14,1.11022302462651E-16,1.0));
#17270=DIRECTION('',(-1.0,-8.43769498715119E-15,1.79811072098726E-14));
#17271=CARTESIAN_POINT('',(7.49999999999975,5.27000000000021,8.43000000000002));
#17272=DIRECTION('',(1.79811072098726E-14,1.11022302462651E-16,1.0));
#17273=DIRECTION('',(-1.0,-8.43769498715119E-15,1.79811072098726E-14));
#17274=DIRECTION('',(8.49320613838245E-15,-1.0,1.1102230246249E-16));
#17275=DIRECTION('',(-8.49320613838245E-15,1.0,-1.1102230246249E-16));
#17276=DIRECTION('',(-0.707106781186534,-6.02772201250408E-15,0.707106781186561));
#17277=DIRECTION('',(-0.70710678118656,-6.18473125837265E-15,-0.707106781186535));
#17278=DIRECTION('',(0.707106781186534,6.02772201250408E-15,-0.707106781186561));
#17279=DIRECTION('',(0.70710678118656,6.18473125837265E-15,0.707106781186535));
#17280=DIRECTION('',(1.0,8.49320613838245E-15,-1.79811072098726E-14));
#17281=CARTESIAN_POINT('',(7.49999999999975,5.27000000000021,9.82999999999992));
#17282=DIRECTION('',(0.707106781186561,6.2402424096039E-15,0.707106781186534));
#17283=DIRECTION('',(-0.707106781186534,-6.04485596593244E-15,0.707106781186561));
#17284=CARTESIAN_POINT('',(7.49999999999975,5.27000000000021,9.82999999999992));
#17285=DIRECTION('',(0.707106781186561,6.2402424096039E-15,0.707106781186534));
#17286=DIRECTION('',(-0.707106781186534,-6.04485596593244E-15,0.707106781186561));
#17287=CARTESIAN_POINT('',(7.49999999999975,5.27000000000021,9.83000000000003));
#17288=DIRECTION('',(-0.707106781186535,-6.08323316373534E-15,0.70710678118656));
#17289=DIRECTION('',(0.70710678118656,6.20186521180101E-15,0.707106781186535));
#17290=CARTESIAN_POINT('',(7.49999999999975,5.27000000000021,9.83000000000003));
#17291=DIRECTION('',(-0.707106781186535,-6.08323316373534E-15,0.70710678118656));
#17292=DIRECTION('',(0.70710678118656,6.20186521180101E-15,0.707106781186535));
#17293=CARTESIAN_POINT('',(7.49999999999972,5.27000000000021,6.83000000000003));
#17294=DIRECTION('',(1.79811072098726E-14,1.11022302462651E-16,1.0));
#17295=DIRECTION('',(-1.0,-8.43769498715119E-15,1.79811072098726E-14));
#17296=CARTESIAN_POINT('',(7.49999999999972,5.27000000000021,6.82999999999992));
#17297=DIRECTION('',(1.79811072098726E-14,1.11022302462651E-16,1.0));
#17298=DIRECTION('',(-1.0,-8.43769498715119E-15,1.79811072098726E-14));
#17299=DIRECTION('',(1.79811072098726E-14,1.11022302462651E-16,1.0));
#17300=DIRECTION('',(1.79811072098726E-14,1.11022302462651E-16,1.0));
#17301=CARTESIAN_POINT('',(7.49999999999972,5.27000000000021,6.82999999999992));
#17302=DIRECTION('',(1.79811072098726E-14,1.11022302462651E-16,1.0));
#17303=DIRECTION('',(-1.0,-8.43769498715119E-15,1.79811072098726E-14));
#17304=CARTESIAN_POINT('',(7.49999999999972,5.27000000000021,6.82999999999992));
#17305=DIRECTION('',(1.79811072098726E-14,1.11022302462651E-16,1.0));
#17306=DIRECTION('',(-1.0,-8.43769498715119E-15,1.79811072098726E-14));
#17307=CARTESIAN_POINT('',(7.49999999999972,5.27000000000021,6.82999999999992));
#17308=DIRECTION('',(1.79811072098726E-14,1.11022302462651E-16,1.0));
#17309=DIRECTION('',(-1.0,-8.43769498715119E-15,1.79811072098726E-14));
#17310=DIRECTION('',(-0.707106781186548,0.707106781186547,-1.62588397641634E-16));
#17311=DIRECTION('',(1.62588397641634E-16,3.92523114670943E-16,1.0));
#17312=DIRECTION('',(-0.707106781186548,0.707106781186547,-1.62588397641634E-16));
#17313=DIRECTION('',(1.62588397641634E-16,3.92523114670943E-16,1.0));
#17314=DIRECTION('',(0.707106781186548,-0.707106781186547,1.62588397641634E-16));
#17315=DIRECTION('',(1.62588397641634E-16,3.92523114670943E-16,1.0));
#17316=DIRECTION('',(0.707106781186548,-0.707106781186547,1.62588397641634E-16));
#17317=DIRECTION('',(1.62588397641634E-16,3.92523114670943E-16,1.0));
#17318=CARTESIAN_POINT('',(7.50034380597097,5.27034380597093,12.0176388374866));
#17319=DIRECTION('',(-1.62588397641634E-16,-3.92523114670943E-16,-1.0));
#17320=DIRECTION('',(0.70710678118655,-0.707106781186545,1.62588397641633E-16));
#17321=DIRECTION('',(1.62588397641634E-16,3.92523114670943E-16,1.0));
#17322=CARTESIAN_POINT('',(7.50034380597097,5.27034380597093,13.63));
#17323=DIRECTION('',(1.62588397641634E-16,3.92523114670943E-16,1.0));
#17324=DIRECTION('',(0.707106781186545,0.70710678118655,-3.92523114670943E-16));
#17325=CARTESIAN_POINT('',(7.50034380597097,5.27034380597093,12.63));
#17326=DIRECTION('',(1.62588397641634E-16,3.92523114670943E-16,1.0));
#17327=DIRECTION('',(0.707106781186545,0.70710678118655,-3.92523114670943E-16));
#17328=CARTESIAN_POINT('',(7.50034380597097,5.27034380597093,13.63));
#17329=DIRECTION('',(1.62588397641634E-16,3.92523114670943E-16,1.0));
#17330=DIRECTION('',(0.707106781186545,0.70710678118655,-3.92523114670943E-16));
#17331=DIRECTION('',(1.62588397641634E-16,3.92523114670943E-16,1.0));
#17332=CARTESIAN_POINT('',(7.50034380597097,5.27034380597093,12.0176388374866));
#17333=DIRECTION('',(-1.62588397641634E-16,-3.92523114670943E-16,-1.0));
#17334=DIRECTION('',(0.70710678118655,-0.707106781186545,1.62588397641633E-16));
#17335=CARTESIAN_POINT('',(7.50034380597097,5.27034380597093,12.0176388374866));
#17336=DIRECTION('',(-1.62588397641634E-16,-3.92523114670943E-16,-1.0));
#17337=DIRECTION('',(0.707106781186547,0.707106781186548,-3.92523114670943E-16));
#17338=CARTESIAN_POINT('',(7.50034380597097,5.27034380597093,12.0176388374866));
#17339=DIRECTION('',(-1.62588397641634E-16,-3.92523114670943E-16,-1.0));
#17340=DIRECTION('',(0.707106781186547,0.707106781186548,-3.92523114670943E-16));
#17341=CARTESIAN_POINT('',(7.50034380597097,5.27034380597093,13.63));
#17342=DIRECTION('',(1.62588397641634E-16,3.92523114670943E-16,1.0));
#17343=DIRECTION('',(0.707106781186545,0.70710678118655,-3.92523114670943E-16));
#17344=CARTESIAN_POINT('',(7.50034380597097,5.27034380597093,6.82999999999999));
#17345=DIRECTION('',(-1.62588397641634E-16,-3.92523114670943E-16,-1.0));
#17346=DIRECTION('',(0.707106781186547,0.707106781186548,-3.92523114670943E-16));
#17347=CARTESIAN_POINT('',(7.50034380597097,5.27034380597093,6.82999999999999));
#17348=DIRECTION('',(-1.62588397641634E-16,-3.92523114670943E-16,-1.0));
#17349=DIRECTION('',(0.707106781186547,0.707106781186548,-3.92523114670943E-16));
#17350=CARTESIAN_POINT('',(7.50034380597097,5.27034380597093,12.63));
#17351=DIRECTION('',(1.62588397641634E-16,3.92523114670943E-16,1.0));
#17352=DIRECTION('',(0.707106781186545,0.70710678118655,-3.92523114670943E-16));
#17353=DIRECTION('',(-1.62588397641634E-16,-3.92523114670943E-16,-1.0));
#17354=DIRECTION('',(-1.62588397641634E-16,-3.92523114670943E-16,-1.0));
#17355=CARTESIAN_POINT('',(7.50034380597097,5.27034380597093,13.63));
#17356=DIRECTION('',(1.62588397641634E-16,3.92523114670943E-16,1.0));
#17357=DIRECTION('',(0.707106781186545,0.70710678118655,-3.92523114670943E-16));
#17358=DIRECTION('',(0.0,-1.0,-4.50354351615808E-16));
#17359=CARTESIAN_POINT('',(2.5,15.9899999999993,3.73000000000001));
#17360=DIRECTION('',(0.0,1.0,4.44089209850063E-16));
#17361=DIRECTION('',(-1.0,0.0,0.0));
#17362=DIRECTION('',(0.0,1.0,4.44089209850063E-16));
#17363=CARTESIAN_POINT('',(2.5,10.59,3.73));
#17364=DIRECTION('',(-2.33549744054136E-46,1.0,4.44089209850063E-16));
#17365=DIRECTION('',(-1.0,-2.33549744054136E-46,0.0));
#17366=DIRECTION('',(0.0,1.0,4.11193115593806E-16));
#17367=CARTESIAN_POINT('',(2.5,10.59,3.73));
#17368=DIRECTION('',(1.09564014614024E-32,-1.0,-4.44089209850063E-16));
#17369=DIRECTION('',(-1.0,-6.55450605073339E-31,1.45127192761458E-15));
#17370=DIRECTION('',(0.0,1.0,4.44089209850063E-16));
#17371=CARTESIAN_POINT('',(2.5,15.9899999999993,3.73000000000001));
#17372=DIRECTION('',(-2.57797681444775E-31,-1.0,-4.44089209850063E-16));
#17373=DIRECTION('',(-1.0,0.0,5.80508771045833E-16));
#17374=DIRECTION('',(-1.9580623983296E-17,1.0,4.895155995824E-16));
#17375=CARTESIAN_POINT('',(2.5,10.59,3.73));
#17376=DIRECTION('',(-1.13531658305418E-32,1.0,4.44089209850063E-16));
#17377=DIRECTION('',(1.0,-5.43852429378757E-32,1.48029736616687E-16));
#17378=CARTESIAN_POINT('',(2.5,15.9899999999993,3.73000000000001));
#17379=DIRECTION('',(3.28692043842088E-31,1.0,4.44089209850063E-16));
#17380=DIRECTION('',(1.0,5.8387436013534E-47,-7.40148683083437E-16));
#17381=DIRECTION('',(1.9580624552086E-17,-1.0,-4.69934989250064E-16));
#17382=CARTESIAN_POINT('',(2.5,15.9899999999993,3.73000000000001));
#17383=DIRECTION('',(-3.28692043842088E-30,-1.0,-4.44089209850063E-16));
#17384=DIRECTION('',(1.0,0.0,-7.40148683083437E-15));
#17385=CARTESIAN_POINT('',(2.5,10.59,3.73));
#17386=DIRECTION('',(8.6261544814258E-33,-1.0,-4.44089209850063E-16));
#17387=DIRECTION('',(1.0,1.10426630062172E-30,-2.46716227694479E-15));
#17388=CARTESIAN_POINT('',(2.5,10.59,3.73));
#17389=DIRECTION('',(8.6261544814258E-33,-1.0,-4.44089209850063E-16));
#17390=DIRECTION('',(1.0,1.10426630062172E-30,-2.46716227694479E-15));
#17391=CARTESIAN_POINT('',(2.5,10.59,3.73));
#17392=DIRECTION('',(1.09564014614024E-32,-1.0,-4.44089209850063E-16));
#17393=DIRECTION('',(-1.0,-6.55450605073339E-31,1.45127192761458E-15));
#17394=CARTESIAN_POINT('',(2.5,10.59,3.73));
#17395=DIRECTION('',(-1.13531658305418E-32,1.0,4.44089209850063E-16));
#17396=DIRECTION('',(1.0,-5.43852429378757E-32,1.48029736616687E-16));
#17397=CARTESIAN_POINT('',(2.5,10.59,3.73));
#17398=DIRECTION('',(-2.33549744054136E-46,1.0,4.44089209850063E-16));
#17399=DIRECTION('',(-1.0,-2.33549744054136E-46,0.0));
#17400=CARTESIAN_POINT('',(2.5,15.9899999999993,3.73000000000001));
#17401=DIRECTION('',(-3.28692043842088E-30,-1.0,-4.44089209850063E-16));
#17402=DIRECTION('',(1.0,0.0,-7.40148683083437E-15));
#17403=CARTESIAN_POINT('',(2.5,15.9899999999993,3.73000000000001));
#17404=DIRECTION('',(-2.57797681444775E-31,-1.0,-4.44089209850063E-16));
#17405=DIRECTION('',(-1.0,0.0,5.80508771045833E-16));
#17406=CARTESIAN_POINT('',(2.5,15.9899999999993,3.73000000000001));
#17407=DIRECTION('',(0.0,1.0,4.44089209850063E-16));
#17408=DIRECTION('',(-1.0,0.0,0.0));
#17409=CARTESIAN_POINT('',(2.5,15.9899999999993,3.73000000000001));
#17410=DIRECTION('',(3.28692043842088E-31,1.0,4.44089209850063E-16));
#17411=DIRECTION('',(1.0,5.8387436013534E-47,-7.40148683083437E-16));
#17412=DIRECTION('',(0.0,1.0,4.44089209850063E-16));
#17413=DIRECTION('',(0.0,1.0,4.44089209850063E-16));
#17414=DIRECTION('',(-8.49320613838245E-15,1.0,-1.1102230246249E-16));
#17415=DIRECTION('',(-1.0,-8.49320613838245E-15,1.79811072098726E-14));
#17416=DIRECTION('',(-8.49320613838245E-15,1.0,-1.1102230246249E-16));
#17417=DIRECTION('',(-1.0,-8.49320613838245E-15,1.79811072098726E-14));
#17418=DIRECTION('',(-8.49320613838245E-15,1.0,-1.1102230246249E-16));
#17419=DIRECTION('',(-1.79811072098726E-14,-1.11022302462651E-16,-1.0));
#17420=DIRECTION('',(8.49320613838245E-15,-1.0,1.1102230246249E-16));
#17421=DIRECTION('',(-1.79811072098726E-14,-1.11022302462651E-16,-1.0));
#17422=DIRECTION('',(1.79811072098726E-14,1.11022302462651E-16,1.0));
#17423=DIRECTION('',(-8.49320613838245E-15,1.0,-1.1102230246249E-16));
#17424=DIRECTION('',(-8.49320613838245E-15,1.0,-1.1102230246249E-16));
#17425=DIRECTION('',(-8.49320613838245E-15,1.0,-1.1102230246249E-16));
#17426=DIRECTION('',(1.79811072098726E-14,1.11022302462651E-16,1.0));
#17427=DIRECTION('',(-1.79811072098726E-14,-1.11022302462651E-16,-1.0));
#17428=DIRECTION('',(-8.49320613838245E-15,1.0,-1.1102230246249E-16));
#17429=DIRECTION('',(8.49320613838245E-15,-1.0,1.1102230246249E-16));
#17430=DIRECTION('',(-8.49320613838245E-15,1.0,-1.1102230246249E-16));
#17431=DIRECTION('',(-1.79811072098726E-14,-1.11022302462651E-16,-1.0));
#17432=DIRECTION('',(8.49320613838245E-15,-1.0,1.1102230246249E-16));
#17433=CARTESIAN_POINT('',(2.49999999999975,5.27000000000021,8.43000000000002));
#17434=DIRECTION('',(1.79811072098726E-14,1.11022302462651E-16,1.0));
#17435=DIRECTION('',(-1.0,-8.43769498715119E-15,1.79811072098726E-14));
#17436=DIRECTION('',(-8.49320613838245E-15,1.0,-1.1102230246249E-16));
#17437=DIRECTION('',(-1.0,-8.49320613838245E-15,1.79811072098726E-14));
#17438=DIRECTION('',(8.49320613838245E-15,-1.0,1.1102230246249E-16));
#17439=DIRECTION('',(-1.79811072098726E-14,-1.11022302462651E-16,-1.0));
#17440=DIRECTION('',(8.49320613838245E-15,-1.0,1.1102230246249E-16));
#17441=DIRECTION('',(-1.79811072098726E-14,-1.11022302462651E-16,-1.0));
#17442=DIRECTION('',(-1.0,-8.49320613838245E-15,1.79811072098726E-14));
#17443=DIRECTION('',(0.707106781186534,6.02772201250408E-15,-0.707106781186561));
#17444=DIRECTION('',(-0.70710678118656,-6.18473125837265E-15,-0.707106781186535));
#17445=DIRECTION('',(-1.0,-8.49320613838245E-15,1.79811072098726E-14));
#17446=DIRECTION('',(-0.707106781186534,-6.02772201250408E-15,0.707106781186561));
#17447=DIRECTION('',(0.70710678118656,6.18473125837265E-15,0.707106781186535));
#17448=DIRECTION('',(1.0,8.49320613838245E-15,-1.79811072098726E-14));
#17449=DIRECTION('',(8.49320613838245E-15,-1.0,1.1102230246249E-16));
#17450=DIRECTION('',(-1.0,-8.49320613838245E-15,1.79811072098726E-14));
#17451=DIRECTION('',(8.49320613838245E-15,-1.0,1.1102230246249E-16));
#17452=CARTESIAN_POINT('',(2.49999999999972,5.27000000000021,6.83000000000003));
#17453=DIRECTION('',(1.79811072098726E-14,1.11022302462651E-16,1.0));
#17454=DIRECTION('',(-1.0,-8.43769498715119E-15,1.79811072098726E-14));
#17455=CARTESIAN_POINT('',(2.49999999999975,5.27000000000021,8.43000000000002));
#17456=DIRECTION('',(1.79811072098726E-14,1.11022302462651E-16,1.0));
#17457=DIRECTION('',(-1.0,-8.43769498715119E-15,1.79811072098726E-14));
#17458=DIRECTION('',(8.49320613838245E-15,-1.0,1.1102230246249E-16));
#17459=DIRECTION('',(-8.49320613838245E-15,1.0,-1.1102230246249E-16));
#17460=DIRECTION('',(-0.707106781186534,-6.02772201250408E-15,0.707106781186561));
#17461=DIRECTION('',(-0.70710678118656,-6.18473125837265E-15,-0.707106781186535));
#17462=DIRECTION('',(0.707106781186534,6.02772201250408E-15,-0.707106781186561));
#17463=DIRECTION('',(0.70710678118656,6.18473125837265E-15,0.707106781186535));
#17464=DIRECTION('',(1.0,8.49320613838245E-15,-1.79811072098726E-14));
#17465=CARTESIAN_POINT('',(2.49999999999975,5.27000000000021,9.82999999999992));
#17466=DIRECTION('',(0.707106781186561,6.2402424096039E-15,0.707106781186534));
#17467=DIRECTION('',(-0.707106781186534,-6.04485596593244E-15,0.707106781186561));
#17468=CARTESIAN_POINT('',(2.49999999999975,5.27000000000021,9.82999999999992));
#17469=DIRECTION('',(0.707106781186561,6.2402424096039E-15,0.707106781186534));
#17470=DIRECTION('',(-0.707106781186534,-6.04485596593244E-15,0.707106781186561));
#17471=CARTESIAN_POINT('',(2.49999999999975,5.27000000000021,9.83000000000003));
#17472=DIRECTION('',(-0.707106781186535,-6.08323316373534E-15,0.70710678118656));
#17473=DIRECTION('',(0.70710678118656,6.20186521180101E-15,0.707106781186535));
#17474=CARTESIAN_POINT('',(2.49999999999975,5.27000000000021,9.83000000000003));
#17475=DIRECTION('',(-0.707106781186535,-6.08323316373534E-15,0.70710678118656));
#17476=DIRECTION('',(0.70710678118656,6.20186521180101E-15,0.707106781186535));
#17477=CARTESIAN_POINT('',(2.49999999999972,5.27000000000021,6.83000000000003));
#17478=DIRECTION('',(1.79811072098726E-14,1.11022302462651E-16,1.0));
#17479=DIRECTION('',(-1.0,-8.43769498715119E-15,1.79811072098726E-14));
#17480=CARTESIAN_POINT('',(2.49999999999972,5.27000000000021,6.82999999999992));
#17481=DIRECTION('',(1.79811072098726E-14,1.11022302462651E-16,1.0));
#17482=DIRECTION('',(-1.0,-8.43769498715119E-15,1.79811072098726E-14));
#17483=DIRECTION('',(1.79811072098726E-14,1.11022302462651E-16,1.0));
#17484=DIRECTION('',(1.79811072098726E-14,1.11022302462651E-16,1.0));
#17485=CARTESIAN_POINT('',(2.49999999999972,5.27000000000021,6.82999999999992));
#17486=DIRECTION('',(1.79811072098726E-14,1.11022302462651E-16,1.0));
#17487=DIRECTION('',(-1.0,-8.43769498715119E-15,1.79811072098726E-14));
#17488=CARTESIAN_POINT('',(2.49999999999972,5.27000000000021,6.82999999999992));
#17489=DIRECTION('',(1.79811072098726E-14,1.11022302462651E-16,1.0));
#17490=DIRECTION('',(-1.0,-8.43769498715119E-15,1.79811072098726E-14));
#17491=CARTESIAN_POINT('',(2.49999999999972,5.27000000000021,6.82999999999992));
#17492=DIRECTION('',(1.79811072098726E-14,1.11022302462651E-16,1.0));
#17493=DIRECTION('',(-1.0,-8.43769498715119E-15,1.79811072098726E-14));
#17494=DIRECTION('',(-0.707106781186548,0.707106781186547,-1.62588397641634E-16));
#17495=DIRECTION('',(1.62588397641634E-16,3.92523114670943E-16,1.0));
#17496=DIRECTION('',(-0.707106781186548,0.707106781186547,-1.62588397641634E-16));
#17497=DIRECTION('',(1.62588397641634E-16,3.92523114670943E-16,1.0));
#17498=DIRECTION('',(0.707106781186548,-0.707106781186547,1.62588397641634E-16));
#17499=DIRECTION('',(1.62588397641634E-16,3.92523114670943E-16,1.0));
#17500=DIRECTION('',(0.707106781186548,-0.707106781186547,1.62588397641634E-16));
#17501=DIRECTION('',(1.62588397641634E-16,3.92523114670943E-16,1.0));
#17502=CARTESIAN_POINT('',(2.50034380597097,5.27034380597093,12.0176388374866));
#17503=DIRECTION('',(-1.62588397641634E-16,-3.92523114670943E-16,-1.0));
#17504=DIRECTION('',(0.70710678118655,-0.707106781186545,1.62588397641633E-16));
#17505=DIRECTION('',(1.62588397641634E-16,3.92523114670943E-16,1.0));
#17506=CARTESIAN_POINT('',(2.50034380597097,5.27034380597093,13.63));
#17507=DIRECTION('',(1.62588397641634E-16,3.92523114670943E-16,1.0));
#17508=DIRECTION('',(0.707106781186545,0.70710678118655,-3.92523114670943E-16));
#17509=CARTESIAN_POINT('',(2.50034380597097,5.27034380597093,12.63));
#17510=DIRECTION('',(1.62588397641634E-16,3.92523114670943E-16,1.0));
#17511=DIRECTION('',(0.707106781186545,0.70710678118655,-3.92523114670943E-16));
#17512=CARTESIAN_POINT('',(2.50034380597097,5.27034380597093,13.63));
#17513=DIRECTION('',(1.62588397641634E-16,3.92523114670943E-16,1.0));
#17514=DIRECTION('',(0.707106781186545,0.70710678118655,-3.92523114670943E-16));
#17515=DIRECTION('',(1.62588397641634E-16,3.92523114670943E-16,1.0));
#17516=CARTESIAN_POINT('',(2.50034380597097,5.27034380597093,12.0176388374866));
#17517=DIRECTION('',(-1.62588397641634E-16,-3.92523114670943E-16,-1.0));
#17518=DIRECTION('',(0.70710678118655,-0.707106781186545,1.62588397641633E-16));
#17519=CARTESIAN_POINT('',(2.50034380597097,5.27034380597093,12.0176388374866));
#17520=DIRECTION('',(-1.62588397641634E-16,-3.92523114670943E-16,-1.0));
#17521=DIRECTION('',(0.707106781186547,0.707106781186548,-3.92523114670943E-16));
#17522=CARTESIAN_POINT('',(2.50034380597097,5.27034380597093,12.0176388374866));
#17523=DIRECTION('',(-1.62588397641634E-16,-3.92523114670943E-16,-1.0));
#17524=DIRECTION('',(0.707106781186547,0.707106781186548,-3.92523114670943E-16));
#17525=CARTESIAN_POINT('',(2.50034380597097,5.27034380597093,13.63));
#17526=DIRECTION('',(1.62588397641634E-16,3.92523114670943E-16,1.0));
#17527=DIRECTION('',(0.707106781186545,0.70710678118655,-3.92523114670943E-16));
#17528=CARTESIAN_POINT('',(2.50034380597097,5.27034380597093,6.82999999999999));
#17529=DIRECTION('',(-1.62588397641634E-16,-3.92523114670943E-16,-1.0));
#17530=DIRECTION('',(0.707106781186547,0.707106781186548,-3.92523114670943E-16));
#17531=CARTESIAN_POINT('',(2.50034380597097,5.27034380597093,6.82999999999999));
#17532=DIRECTION('',(-1.62588397641634E-16,-3.92523114670943E-16,-1.0));
#17533=DIRECTION('',(0.707106781186547,0.707106781186548,-3.92523114670943E-16));
#17534=CARTESIAN_POINT('',(2.50034380597097,5.27034380597093,12.63));
#17535=DIRECTION('',(1.62588397641634E-16,3.92523114670943E-16,1.0));
#17536=DIRECTION('',(0.707106781186545,0.70710678118655,-3.92523114670943E-16));
#17537=DIRECTION('',(-1.62588397641634E-16,-3.92523114670943E-16,-1.0));
#17538=DIRECTION('',(-1.62588397641634E-16,-3.92523114670943E-16,-1.0));
#17539=CARTESIAN_POINT('',(2.50034380597097,5.27034380597093,13.63));
#17540=DIRECTION('',(1.62588397641634E-16,3.92523114670943E-16,1.0));
#17541=DIRECTION('',(0.707106781186545,0.70710678118655,-3.92523114670943E-16));
#17542=DIRECTION('',(0.0,0.0,-1.0));
#17543=CARTESIAN_POINT('',(8.35,1.72000000000015,14.8));
#17544=DIRECTION('',(0.0,0.0,-1.0));
#17545=DIRECTION('',(1.0,0.0,0.0));
#17546=DIRECTION('',(0.0,0.0,-1.0));
#17547=CARTESIAN_POINT('',(8.35,1.72000000000015,15.0));
#17548=DIRECTION('',(0.0,0.0,-1.0));
#17549=DIRECTION('',(1.0,0.0,0.0));
#17550=DIRECTION('',(0.0,0.0,-1.0));
#17551=CARTESIAN_POINT('',(8.35,2.52000000000015,14.8));
#17552=DIRECTION('',(0.0,0.0,-1.0));
#17553=DIRECTION('',(0.0,1.0,0.0));
#17554=DIRECTION('',(0.0,0.0,-1.0));
#17555=CARTESIAN_POINT('',(8.35,2.52000000000015,15.0));
#17556=DIRECTION('',(0.0,0.0,-1.0));
#17557=DIRECTION('',(0.0,1.0,0.0));
#17558=DIRECTION('',(0.0,0.0,-1.0));
#17559=CARTESIAN_POINT('',(6.65000000000001,1.72000000000017,14.8));
#17560=DIRECTION('',(0.0,0.0,-1.0));
#17561=DIRECTION('',(0.0,-1.0,0.0));
#17562=DIRECTION('',(0.0,0.0,-1.0));
#17563=CARTESIAN_POINT('',(6.65000000000001,1.72000000000017,15.0));
#17564=DIRECTION('',(0.0,0.0,-1.0));
#17565=DIRECTION('',(0.0,-1.0,0.0));
#17566=DIRECTION('',(0.0,0.0,-1.0));
#17567=CARTESIAN_POINT('',(3.34999999999999,2.52000000000017,15.0));
#17568=DIRECTION('',(0.0,0.0,1.0));
#17569=DIRECTION('',(1.0,0.0,0.0));
#17570=DIRECTION('',(0.0,0.0,-1.0));
#17571=CARTESIAN_POINT('',(3.34999999999999,2.52000000000017,14.8));
#17572=DIRECTION('',(0.0,0.0,1.0));
#17573=DIRECTION('',(1.0,0.0,0.0));
#17574=DIRECTION('',(0.0,0.0,-1.0));
#17575=CARTESIAN_POINT('',(3.34999999999999,1.72000000000017,15.0));
#17576=DIRECTION('',(0.0,0.0,1.0));
#17577=DIRECTION('',(0.0,-1.0,0.0));
#17578=DIRECTION('',(0.0,0.0,-1.0));
#17579=CARTESIAN_POINT('',(3.34999999999999,1.72000000000017,14.8));
#17580=DIRECTION('',(0.0,0.0,1.0));
#17581=DIRECTION('',(0.0,-1.0,0.0));
#17582=DIRECTION('',(0.0,0.0,-1.0));
#17583=CARTESIAN_POINT('',(6.65000000000001,2.52000000000017,14.8));
#17584=DIRECTION('',(0.0,0.0,-1.0));
#17585=DIRECTION('',(-1.0,0.0,0.0));
#17586=DIRECTION('',(0.0,0.0,-1.0));
#17587=CARTESIAN_POINT('',(6.65000000000001,2.52000000000017,15.0));
#17588=DIRECTION('',(0.0,0.0,-1.0));
#17589=DIRECTION('',(-1.0,0.0,0.0));
#17590=DIRECTION('',(-1.0,0.0,0.0));
#17591=CARTESIAN_POINT('',(1.13797860024079E-15,6.34738366571694,13.581111111109));
#17592=DIRECTION('',(-1.0,0.0,0.0));
#17593=DIRECTION('',(0.0,0.0,1.0));
#17594=DIRECTION('',(-1.0,0.0,0.0));
#17595=CARTESIAN_POINT('',(-0.03,6.34738366571694,13.581111111109));
#17596=DIRECTION('',(-1.0,0.0,0.0));
#17597=DIRECTION('',(0.0,0.0,1.0));
#17598=DIRECTION('',(-1.0,0.0,0.0));
#17599=CARTESIAN_POINT('',(1.13797860024079E-15,5.31112377334595,12.2044245622044));
#17600=DIRECTION('',(-1.0,0.0,0.0));
#17601=DIRECTION('',(0.0,1.0,0.0));
#17602=DIRECTION('',(-1.0,0.0,0.0));
#17603=CARTESIAN_POINT('',(-0.03,5.31112377334595,12.2044245622044));
#17604=DIRECTION('',(-1.0,0.0,0.0));
#17605=DIRECTION('',(0.0,1.0,0.0));
#17606=DIRECTION('',(-1.0,0.0,0.0));
#17607=CARTESIAN_POINT('',(1.13797860024079E-15,5.75953466286795,11.8188888888899));
#17608=DIRECTION('',(-1.0,0.0,0.0));
#17609=DIRECTION('',(0.0,0.0,-1.0));
#17610=DIRECTION('',(-1.0,0.0,0.0));
#17611=CARTESIAN_POINT('',(-0.03,5.75953466286795,11.8188888888899));
#17612=DIRECTION('',(-1.0,0.0,0.0));
#17613=DIRECTION('',(0.0,0.0,-1.0));
#17614=DIRECTION('',(0.0,0.0,-1.0));
#17615=CARTESIAN_POINT('',(1.65,1.72000000000016,15.0));
#17616=DIRECTION('',(0.0,0.0,1.0));
#17617=DIRECTION('',(-1.0,0.0,0.0));
#17618=DIRECTION('',(0.0,0.0,-1.0));
#17619=CARTESIAN_POINT('',(1.65,1.72000000000016,14.8));
#17620=DIRECTION('',(0.0,0.0,1.0));
#17621=DIRECTION('',(-1.0,0.0,0.0));
#17622=DIRECTION('',(0.0,0.0,-1.0));
#17623=CARTESIAN_POINT('',(1.65,2.52000000000017,15.0));
#17624=DIRECTION('',(0.0,-0.0,1.0));
#17625=DIRECTION('',(0.0,1.0,0.0));
#17626=DIRECTION('',(0.0,0.0,-1.0));
#17627=CARTESIAN_POINT('',(1.65,2.52000000000017,14.8));
#17628=DIRECTION('',(0.0,-0.0,1.0));
#17629=DIRECTION('',(0.0,1.0,0.0));
#17630=DIRECTION('',(-1.0,0.0,0.0));
#17631=CARTESIAN_POINT('',(1.13797860024079E-15,6.34738366571694,11.8188888888899));
#17632=DIRECTION('',(-1.0,0.0,0.0));
#17633=DIRECTION('',(0.0,1.0,8.19857002800055E-14));
#17634=DIRECTION('',(-1.0,0.0,0.0));
#17635=CARTESIAN_POINT('',(-0.03,6.34738366571694,11.8188888888899));
#17636=DIRECTION('',(-1.0,0.0,0.0));
#17637=DIRECTION('',(0.0,1.0,8.19857002800055E-14));
#17638=DIRECTION('',(-1.0,0.0,0.0));
#17639=CARTESIAN_POINT('',(1.13797860024079E-15,5.75953466286795,13.581111111109));
#17640=DIRECTION('',(-1.0,0.0,0.0));
#17641=DIRECTION('',(0.0,-1.0,0.0));
#17642=DIRECTION('',(-1.0,0.0,0.0));
#17643=CARTESIAN_POINT('',(-0.03,5.75953466286795,13.581111111109));
#17644=DIRECTION('',(-1.0,0.0,0.0));
#17645=DIRECTION('',(0.0,-1.0,0.0));
#17646=DIRECTION('',(-1.0,0.0,0.0));
#17647=CARTESIAN_POINT('',(1.13797860024079E-15,5.31112377334595,13.5810028016134));
#17648=DIRECTION('',(-1.0,0.0,0.0));
#17649=DIRECTION('',(0.0,-0.00999272394925412,0.999950071487609));
#17650=DIRECTION('',(-1.0,0.0,0.0));
#17651=CARTESIAN_POINT('',(-0.03,5.31112377334595,13.5810028016134));
#17652=DIRECTION('',(-1.0,0.0,0.0));
#17653=DIRECTION('',(0.0,-0.00999272394925412,0.999950071487609));
#17654=DIRECTION('',(-0.0,-0.0,-1.0));
#17655=CARTESIAN_POINT('',(2.5,5.27000000000017,12.0186751345947));
#17656=DIRECTION('',(0.0,-0.0,1.0));
#17657=DIRECTION('',(0.0,1.0,0.0));
#17658=DIRECTION('',(-0.0,-0.0,1.0));
#17659=CARTESIAN_POINT('',(2.5,5.27000000000018,11.3300001772836));
#17660=DIRECTION('',(0.0,0.0,-1.0));
#17661=DIRECTION('',(-1.22464679914735E-16,1.0,0.0));
#17662=DIRECTION('',(-1.0,0.0,0.0));
#17663=CARTESIAN_POINT('',(1.13797860024079E-15,5.53532921810695,12.8878637464856));
#17664=DIRECTION('',(-1.0,0.0,0.0));
#17665=DIRECTION('',(0.0,-1.0,0.0));
#17666=DIRECTION('',(-1.0,0.0,0.0));
#17667=CARTESIAN_POINT('',(-0.03,5.53532921810695,12.8878637464856));
#17668=DIRECTION('',(-1.0,0.0,0.0));
#17669=DIRECTION('',(0.0,-1.0,0.0));
#17670=DIRECTION('',(-1.0,0.0,0.0));
#17671=CARTESIAN_POINT('',(1.13797860024079E-15,7.96000000000013,9.19999999999974));
#17672=DIRECTION('',(-1.0,0.0,0.0));
#17673=DIRECTION('',(0.0,1.0,0.0));
#17674=DIRECTION('',(-1.0,0.0,0.0));
#17675=CARTESIAN_POINT('',(-0.03,7.96000000000013,9.19999999999974));
#17676=DIRECTION('',(-1.0,0.0,0.0));
#17677=DIRECTION('',(0.0,1.0,0.0));
#17678=DIRECTION('',(-1.0,0.0,0.0));
#17679=CARTESIAN_POINT('',(1.13797860024079E-15,1.97494014940163,9.19999999999974));
#17680=DIRECTION('',(-1.0,0.0,0.0));
#17681=DIRECTION('',(0.0,0.0,-1.0));
#17682=DIRECTION('',(-1.0,0.0,0.0));
#17683=CARTESIAN_POINT('',(-0.03,1.97494014940163,9.19999999999974));
#17684=DIRECTION('',(-1.0,0.0,0.0));
#17685=DIRECTION('',(0.0,0.0,-1.0));
#17686=DIRECTION('',(-1.0,0.0,0.0));
#17687=CARTESIAN_POINT('',(1.13797860024079E-15,1.97494014940163,14.0000000000001));
#17688=DIRECTION('',(-1.0,0.0,0.0));
#17689=DIRECTION('',(0.0,-1.0,0.0));
#17690=DIRECTION('',(-1.0,0.0,0.0));
#17691=CARTESIAN_POINT('',(-0.03,1.97494014940163,14.0000000000001));
#17692=DIRECTION('',(-1.0,0.0,0.0));
#17693=DIRECTION('',(0.0,-1.0,0.0));
#17694=DIRECTION('',(1.0,0.0,-0.0));
#17695=CARTESIAN_POINT('',(-0.03,4.39145299145315,13.8249999999924));
#17696=DIRECTION('',(-1.0,0.0,0.0));
#17697=DIRECTION('',(0.0,-1.0,0.0));
#17698=DIRECTION('',(-1.0,0.0,0.0));
#17699=CARTESIAN_POINT('',(1.13797860024079E-15,4.39145299145315,13.8249999999924));
#17700=DIRECTION('',(-1.0,0.0,0.0));
#17701=DIRECTION('',(0.0,-1.0,0.0));
#17702=DIRECTION('',(1.0,0.0,0.0));
#17703=CARTESIAN_POINT('',(-0.03,4.39145299145315,11.5749999999997));
#17704=DIRECTION('',(-1.0,0.0,0.0));
#17705=DIRECTION('',(0.0,0.0,-1.0));
#17706=DIRECTION('',(-1.0,0.0,0.0));
#17707=CARTESIAN_POINT('',(1.13797860024079E-15,4.39145299145315,11.5749999999997));
#17708=DIRECTION('',(-1.0,0.0,0.0));
#17709=DIRECTION('',(0.0,0.0,-1.0));
#17710=DIRECTION('',(1.0,-0.0,0.0));
#17711=CARTESIAN_POINT('',(-0.03,6.58500000000015,11.5749999999997));
#17712=DIRECTION('',(-1.0,0.0,0.0));
#17713=DIRECTION('',(0.0,1.0,0.0));
#17714=DIRECTION('',(-1.0,0.0,0.0));
#17715=CARTESIAN_POINT('',(1.13797860024079E-15,6.58500000000015,11.5749999999997));
#17716=DIRECTION('',(-1.0,0.0,0.0));
#17717=DIRECTION('',(0.0,1.0,0.0));
#17718=DIRECTION('',(-1.0,0.0,0.0));
#17719=CARTESIAN_POINT('',(1.13797860024079E-15,5.31112377334595,13.3419912414038));
#17720=DIRECTION('',(-1.0,0.0,0.0));
#17721=DIRECTION('',(0.0,1.0,0.0));
#17722=DIRECTION('',(-1.0,0.0,0.0));
#17723=CARTESIAN_POINT('',(-0.03,5.31112377334595,13.3419912414038));
#17724=DIRECTION('',(-1.0,0.0,0.0));
#17725=DIRECTION('',(0.0,1.0,0.0));
#17726=DIRECTION('',(-1.0,0.0,0.0));
#17727=CARTESIAN_POINT('',(1.13797860024079E-15,7.96000000000013,14.0000000000001));
#17728=DIRECTION('',(-1.0,0.0,0.0));
#17729=DIRECTION('',(0.0,0.0,1.0));
#17730=DIRECTION('',(-1.0,0.0,0.0));
#17731=CARTESIAN_POINT('',(-0.03,7.96000000000013,14.0000000000001));
#17732=DIRECTION('',(-1.0,0.0,0.0));
#17733=DIRECTION('',(0.0,0.0,1.0));
#17734=DIRECTION('',(-1.0,0.0,0.0));
#17735=CARTESIAN_POINT('',(9.55,-0.0300000000001482,9.40000000000009));
#17736=DIRECTION('',(-1.0,0.0,0.0));
#17737=DIRECTION('',(0.0,-1.0,1.77635683940142E-14));
#17738=DIRECTION('',(-1.0,0.0,0.0));
#17739=CARTESIAN_POINT('',(0.450000000000004,-0.0300000000001375,9.40000000000009));
#17740=DIRECTION('',(-1.0,0.0,0.0));
#17741=DIRECTION('',(0.0,-1.0,1.77635683940142E-14));
#17742=DIRECTION('',(-0.0,-1.0,0.0));
#17743=CARTESIAN_POINT('',(2.5,18.0700000000002,3.73));
#17744=DIRECTION('',(0.0,1.0,0.0));
#17745=DIRECTION('',(0.0,0.0,-1.0));
#17746=DIRECTION('',(-0.0,1.0,0.0));
#17747=CARTESIAN_POINT('',(2.5,16.7200000000002,3.73));
#17748=DIRECTION('',(-0.0,1.0,0.0));
#17749=DIRECTION('',(2.44929317577474E-16,0.0,1.0));
#17750=CARTESIAN_POINT('',(2.5,16.7200000000002,3.73));
#17751=DIRECTION('',(-0.0,1.0,0.0));
#17752=DIRECTION('',(2.44929317577474E-16,0.0,1.0));
#17753=DIRECTION('',(0.0407039138155154,-0.707106781186548,-0.705934268469876));
#17754=CARTESIAN_POINT('',(2.5,16.7200000000002,3.73));
#17755=DIRECTION('',(-0.0,1.0,0.0));
#17756=DIRECTION('',(2.44929317577474E-16,0.0,1.0));
#17757=DIRECTION('',(0.0407039138155154,0.707106781186548,-0.705934268469876));
#17758=CARTESIAN_POINT('',(2.5,15.9850000000002,3.73));
#17759=DIRECTION('',(0.0,1.0,0.0));
#17760=DIRECTION('',(0.0,0.0,1.0));
#17761=CARTESIAN_POINT('',(2.5,15.9850000000002,3.73));
#17762=DIRECTION('',(0.0,1.0,0.0));
#17763=DIRECTION('',(0.0,0.0,1.0));
#17764=DIRECTION('',(-0.0,-1.0,0.0));
#17765=CARTESIAN_POINT('',(2.5,15.9850000000002,3.73));
#17766=DIRECTION('',(0.0,1.0,0.0));
#17767=DIRECTION('',(0.0,0.0,1.0));
#17768=DIRECTION('',(-0.0,1.0,0.0));
#17769=CARTESIAN_POINT('',(2.5,10.5850000000009,3.73));
#17770=DIRECTION('',(0.0,1.0,0.0));
#17771=DIRECTION('',(0.0,0.0,-1.0));
#17772=DIRECTION('',(0.0,1.0,0.0));
#17773=CARTESIAN_POINT('',(2.5,9.74000000000018,3.74499999999898));
#17774=DIRECTION('',(0.0,1.0,0.0));
#17775=DIRECTION('',(0.504380974796539,0.0,-0.86348122866875));
#17776=CARTESIAN_POINT('',(2.5,9.74000000000018,3.74499999999898));
#17777=DIRECTION('',(0.0,1.0,0.0));
#17778=DIRECTION('',(-0.504380974796538,0.0,-0.86348122866875));
#17779=DIRECTION('',(0.0,1.0,0.0));
#17780=CARTESIAN_POINT('',(2.5,18.0700000000002,3.74499999999898));
#17781=DIRECTION('',(0.0,1.0,0.0));
#17782=DIRECTION('',(0.725982370620028,0.0,-0.687713310580016));
#17783=DIRECTION('',(-1.0,0.0,0.0));
#17784=CARTESIAN_POINT('',(1.13797860024079E-15,5.75953466286795,13.3419912414038));
#17785=DIRECTION('',(-1.0,-0.0,0.0));
#17786=DIRECTION('',(0.0,-0.442692930108542,-0.896673279200353));
#17787=DIRECTION('',(-1.0,0.0,0.0));
#17788=CARTESIAN_POINT('',(-0.03,5.75953466286795,13.3419912414038));
#17789=DIRECTION('',(-1.0,-0.0,0.0));
#17790=DIRECTION('',(0.0,-0.442692930108542,-0.896673279200353));
#17791=DIRECTION('',(1.0,-0.0,-0.0));
#17792=CARTESIAN_POINT('',(-0.03,6.58500000000015,13.8249999999924));
#17793=DIRECTION('',(-1.0,0.0,0.0));
#17794=DIRECTION('',(0.0,0.0,1.0));
#17795=DIRECTION('',(-1.0,0.0,0.0));
#17796=CARTESIAN_POINT('',(1.13797860024079E-15,6.58500000000015,13.8249999999924));
#17797=DIRECTION('',(-1.0,0.0,0.0));
#17798=DIRECTION('',(0.0,0.0,1.0));
#17799=DIRECTION('',(-1.0,0.0,0.0));
#17800=CARTESIAN_POINT('',(1.13797860024079E-15,5.75953466286795,12.4337362515674));
#17801=DIRECTION('',(-1.0,0.0,0.0));
#17802=DIRECTION('',(0.0,-1.0,0.0));
#17803=DIRECTION('',(-1.0,0.0,0.0));
#17804=CARTESIAN_POINT('',(-0.03,5.75953466286795,12.4337362515674));
#17805=DIRECTION('',(-1.0,0.0,0.0));
#17806=DIRECTION('',(0.0,-1.0,0.0));
#17807=DIRECTION('',(1.0,-0.0,-0.0));
#17808=CARTESIAN_POINT('',(-0.03,5.53532921810695,12.8878637464856));
#17809=DIRECTION('',(-1.0,0.0,0.0));
#17810=DIRECTION('',(0.0,1.0,0.0));
#17811=CARTESIAN_POINT('',(1.13797860024079E-15,5.53532921810695,12.8878637464856));
#17812=DIRECTION('',(-1.0,0.0,0.0));
#17813=DIRECTION('',(0.0,1.0,0.0));
#17814=DIRECTION('',(1.0,0.0,0.0));
#17815=CARTESIAN_POINT('',(1.13797860024079E-15,0.200000000000188,9.2));
#17816=DIRECTION('',(-1.0,0.0,0.0));
#17817=DIRECTION('',(0.0,-1.0,0.0));
#17818=DIRECTION('',(1.0,0.0,0.0));
#17819=CARTESIAN_POINT('',(0.450000000000004,0.200000000000188,9.2));
#17820=DIRECTION('',(-1.0,0.0,0.0));
#17821=DIRECTION('',(0.0,-1.0,0.0));
#17822=DIRECTION('',(-1.0,0.0,0.0));
#17823=CARTESIAN_POINT('',(1.13797860024079E-15,5.31112377334595,12.4337362515674));
#17824=DIRECTION('',(-1.0,0.0,0.0));
#17825=DIRECTION('',(0.0,0.442692930109189,0.896673279200033));
#17826=DIRECTION('',(-1.0,0.0,0.0));
#17827=CARTESIAN_POINT('',(-0.03,5.31112377334595,12.4337362515674));
#17828=DIRECTION('',(-1.0,0.0,0.0));
#17829=DIRECTION('',(0.0,0.442692930109189,0.896673279200033));
#17830=DIRECTION('',(0.0,0.0,1.0));
#17831=CARTESIAN_POINT('',(2.5,5.27000000000018,12.099999999999));
#17832=DIRECTION('',(0.0,-0.0,1.0));
#17833=DIRECTION('',(0.923076923076923,0.384615384615385,0.0));
#17834=DIRECTION('',(0.0,0.0,1.0));
#17835=CARTESIAN_POINT('',(2.5,5.27000000000017,13.9000000000001));
#17836=DIRECTION('',(0.0,-0.0,1.0));
#17837=DIRECTION('',(0.0,1.0,0.0));
#17838=DIRECTION('',(-1.0,0.0,0.0));
#17839=CARTESIAN_POINT('',(1.13797860024079E-15,5.31800199993625,12.8927136819089));
#17840=DIRECTION('',(-1.0,-0.0,0.0));
#17841=DIRECTION('',(0.0,-0.00999272394949704,-0.999950071487606));
#17842=CARTESIAN_POINT('',(-0.03,5.31800199993625,12.8927136819089));
#17843=DIRECTION('',(-1.0,-0.0,0.0));
#17844=DIRECTION('',(0.0,-0.00999272394949704,-0.999950071487606));
#17845=DIRECTION('',(1.0,0.0,0.0));
#17846=CARTESIAN_POINT('',(1.13797860024079E-15,8.24759791744796,14.4));
#17847=DIRECTION('',(1.0,0.0,-0.0));
#17848=DIRECTION('',(0.0,0.999048221581857,0.0436193873653412));
#17849=DIRECTION('',(1.0,0.0,0.0));
#17850=CARTESIAN_POINT('',(10.0,8.24759791744795,14.4));
#17851=DIRECTION('',(1.0,0.0,-0.0));
#17852=DIRECTION('',(0.0,0.999048221581857,0.0436193873653412));
#17853=DIRECTION('',(-0.0,0.0,1.0));
#17854=CARTESIAN_POINT('',(2.5,5.27000000000017,12.0186751345947));
#17855=DIRECTION('',(0.0,-0.0,1.0));
#17856=DIRECTION('',(0.0,1.0,0.0));
#17857=DIRECTION('',(-0.0,0.0,-1.0));
#17858=CARTESIAN_POINT('',(2.5,5.27000000000017,15.0));
#17859=DIRECTION('',(0.0,-0.0,1.0));
#17860=DIRECTION('',(0.0,1.0,0.0));
#17861=DIRECTION('',(-1.0,0.0,0.0));
#17862=CARTESIAN_POINT('',(10.0,0.924204055632505,14.8));
#17863=DIRECTION('',(-1.0,0.0,0.0));
#17864=DIRECTION('',(0.0,-0.999048221581857,0.0436193873653437));
#17865=DIRECTION('',(-1.0,0.0,0.0));
#17866=CARTESIAN_POINT('',(1.13797860024079E-15,0.924204055632516,14.8));
#17867=DIRECTION('',(-1.0,0.0,0.0));
#17868=DIRECTION('',(0.0,-0.999048221581857,0.0436193873653437));
#17869=DIRECTION('',(-0.0,-0.0,-1.0));
#17870=CARTESIAN_POINT('',(7.50000000000001,5.27000000000018,12.0186751345947));
#17871=DIRECTION('',(0.0,-0.0,1.0));
#17872=DIRECTION('',(0.0,1.0,0.0));
#17873=DIRECTION('',(-0.0,-0.0,1.0));
#17874=CARTESIAN_POINT('',(7.5,5.27000000000016,11.3300001772836));
#17875=DIRECTION('',(0.0,0.0,1.0));
#17876=DIRECTION('',(0.0,-1.0,0.0));
#17877=DIRECTION('',(0.0,1.0,0.0));
#17878=CARTESIAN_POINT('',(7.5,9.74000000000017,3.74499999999898));
#17879=DIRECTION('',(0.0,-1.0,-0.0));
#17880=DIRECTION('',(-2.44929349266472E-16,0.0,-1.0));
#17881=CARTESIAN_POINT('',(7.50000000000001,9.74000000000018,3.74499999999898));
#17882=DIRECTION('',(0.0,-1.0,-0.0));
#17883=DIRECTION('',(-0.725982370620028,0.0,-0.687713310580016));
#17884=DIRECTION('',(0.0,1.0,0.0));
#17885=CARTESIAN_POINT('',(7.5,18.0700000000002,3.74499999999898));
#17886=DIRECTION('',(0.0,-1.0,-0.0));
#17887=DIRECTION('',(-2.44929349266472E-16,0.0,-1.0));
#17888=DIRECTION('',(-0.0,0.0,1.0));
#17889=CARTESIAN_POINT('',(7.50000000000001,5.27000000000018,12.0186751345947));
#17890=DIRECTION('',(0.0,0.0,-1.0));
#17891=DIRECTION('',(0.0,-1.0,0.0));
#17892=DIRECTION('',(-0.0,0.0,-1.0));
#17893=CARTESIAN_POINT('',(7.50000000000001,5.27000000000018,15.0));
#17894=DIRECTION('',(0.0,0.0,-1.0));
#17895=DIRECTION('',(0.0,-1.0,0.0));
#17896=DIRECTION('',(-0.0,-1.0,0.0));
#17897=CARTESIAN_POINT('',(7.5,15.9850000000002,3.73));
#17898=DIRECTION('',(0.0,-1.0,-0.0));
#17899=DIRECTION('',(-1.22464679914735E-16,0.0,-1.0));
#17900=CARTESIAN_POINT('',(7.5,15.9850000000002,3.73));
#17901=DIRECTION('',(0.0,-1.0,-0.0));
#17902=DIRECTION('',(-1.22464679914735E-16,0.0,-1.0));
#17903=DIRECTION('',(-0.0,1.0,0.0));
#17904=CARTESIAN_POINT('',(7.50000000000001,10.5850000000009,3.73));
#17905=DIRECTION('',(0.0,-1.0,0.0));
#17906=DIRECTION('',(0.0,0.0,1.0));
#17907=DIRECTION('',(0.040703913815517,-0.707106781186545,-0.705934268469879));
#17908=CARTESIAN_POINT('',(7.50000000000001,16.7200000000002,3.73));
#17909=DIRECTION('',(0.0,-1.0,0.0));
#17910=DIRECTION('',(0.0,0.0,1.0));
#17911=CARTESIAN_POINT('',(7.50000000000001,16.7200000000002,3.73));
#17912=DIRECTION('',(0.0,-1.0,0.0));
#17913=DIRECTION('',(0.0,0.0,1.0));
#17914=DIRECTION('',(0.040703913815513,0.707106781186549,-0.705934268469875));
#17915=CARTESIAN_POINT('',(7.5,15.9850000000002,3.73));
#17916=DIRECTION('',(0.0,-1.0,-0.0));
#17917=DIRECTION('',(-1.22464679914735E-16,0.0,-1.0));
#17918=DIRECTION('',(2.07282503804636E-15,-1.27196081880117E-15,1.0));
#17919=DIRECTION('',(2.17087541685762E-15,-1.23572649697492E-15,1.0));
#17920=CARTESIAN_POINT('',(4.74821868910679,0.0699999999999989,8.94999999999992));
#17921=DIRECTION('',(2.12354208058719E-16,-1.51097870244186E-15,1.0));
#17922=DIRECTION('',(-0.99026806874157,-0.139173100960068,0.0));
#17923=DIRECTION('',(-2.19845079792795E-15,-1.26410920880857E-15,1.0));
#17924=DIRECTION('',(-2.17087541685762E-15,-1.23572649697492E-15,1.0));
#17925=CARTESIAN_POINT('',(5.25178131089322,0.0700000000000025,8.94999999999992));
#17926=DIRECTION('',(-2.17087541685762E-15,0.0,1.0));
#17927=DIRECTION('',(0.0,-1.0,0.0));
#17928=DIRECTION('',(-0.0,-1.0,0.0));
#17929=CARTESIAN_POINT('',(7.50000000000001,18.0700000000002,3.73));
#17930=DIRECTION('',(0.0,-1.0,0.0));
#17931=DIRECTION('',(0.0,0.0,1.0));
#17932=DIRECTION('',(-0.0,1.0,0.0));
#17933=CARTESIAN_POINT('',(7.50000000000001,16.7200000000002,3.73));
#17934=DIRECTION('',(0.0,-1.0,0.0));
#17935=DIRECTION('',(0.0,0.0,1.0));
#17936=DIRECTION('',(0.0,0.0,1.0));
#17937=CARTESIAN_POINT('',(7.5,5.27000000000016,12.099999999999));
#17938=DIRECTION('',(0.0,-0.0,1.0));
#17939=DIRECTION('',(0.638971066378313,0.76923076923077,0.0));
#17940=DIRECTION('',(0.0,0.0,1.0));
#17941=CARTESIAN_POINT('',(7.50000000000001,5.27000000000018,13.9000000000001));
#17942=DIRECTION('',(0.0,-0.0,1.0));
#17943=DIRECTION('',(0.0,1.0,0.0));
#17944=DIRECTION('',(-1.0,0.0,0.0));
#17945=CARTESIAN_POINT('',(4.99999999999993,9.53999658961737,7.64272450102428));
#17946=DIRECTION('',(-1.0,0.0,0.0));
#17947=DIRECTION('',(0.0,0.0,1.0));
#17948=DIRECTION('',(-1.0,0.0,0.0));
#17949=CARTESIAN_POINT('',(3.4,9.53999658961737,7.64272450102428));
#17950=DIRECTION('',(-1.0,0.0,0.0));
#17951=DIRECTION('',(0.0,1.06581410364015E-13,1.0));
#17952=DIRECTION('',(-1.0,0.0,0.0));
#17953=CARTESIAN_POINT('',(4.99999999999993,12.8309763788948,8.94825699190903));
#17954=DIRECTION('',(1.0,0.0,-0.0));
#17955=DIRECTION('',(0.0,0.707106781186611,0.707106781186484));
#17956=DIRECTION('',(-1.0,0.0,0.0));
#17957=CARTESIAN_POINT('',(3.4,12.8309763788948,8.94825699190903));
#17958=DIRECTION('',(-1.0,0.0,0.0));
#17959=DIRECTION('',(0.0,0.25881904510271,0.965925826289018));
#17960=DIRECTION('',(1.0,0.0,0.0));
#17961=CARTESIAN_POINT('',(3.4,13.2542606583284,8.24213000000042));
#17962=DIRECTION('',(1.0,0.0,0.0));
#17963=DIRECTION('',(0.0,-0.707106781186525,-0.70710678118657));
#17964=DIRECTION('',(1.0,0.0,0.0));
#17965=CARTESIAN_POINT('',(4.99999999999993,13.2542606583284,8.24213000000042));
#17966=DIRECTION('',(1.0,0.0,0.0));
#17967=DIRECTION('',(0.0,-0.707106781186678,-0.707106781186416));
#17968=DIRECTION('',(1.0,0.0,0.0));
#17969=CARTESIAN_POINT('',(3.4,9.53999658961739,10.7902559902129));
#17970=DIRECTION('',(-1.0,-0.0,0.0));
#17971=DIRECTION('',(0.0,-0.224100670508508,-0.974566000575455));
#17972=DIRECTION('',(-1.0,-0.0,-0.0));
#17973=CARTESIAN_POINT('',(4.99999999999993,9.53999658961739,10.7902559902129));
#17974=DIRECTION('',(-1.0,-0.0,0.0));
#17975=DIRECTION('',(0.0,-0.224100670508509,-0.974566000575454));
#17976=DIRECTION('',(1.0,0.0,0.0));
#17977=CARTESIAN_POINT('',(3.4,9.53999658961739,8.14272450102428));
#17978=DIRECTION('',(-1.0,0.0,0.0));
#17979=DIRECTION('',(0.0,0.0,-1.0));
#17980=DIRECTION('',(-1.0,-0.0,-0.0));
#17981=CARTESIAN_POINT('',(4.99999999999993,9.53999658961739,8.14272450102428));
#17982=DIRECTION('',(-1.0,-0.0,0.0));
#17983=DIRECTION('',(0.0,-7.105427357601E-14,-1.0));
#17984=DIRECTION('',(-1.0,-0.0,-0.0));
#17985=CARTESIAN_POINT('',(4.99999999999993,9.53999658961739,8.14286904004586));
#17986=DIRECTION('',(1.0,0.0,-0.0));
#17987=DIRECTION('',(0.0,0.0436193873653286,0.999048221581858));
#17988=DIRECTION('',(1.0,-0.0,0.0));
#17989=CARTESIAN_POINT('',(3.4,9.53999658961739,8.14286904004586));
#17990=DIRECTION('',(1.0,0.0,-0.0));
#17991=DIRECTION('',(0.0,0.0436193873653297,0.999048221581858));
#17992=DIRECTION('',(1.0,0.0,0.0));
#17993=CARTESIAN_POINT('',(10.0,7.8000000000002,14.0));
#17994=DIRECTION('',(1.0,0.0,0.0));
#17995=DIRECTION('',(0.0,1.0,0.0));
#17996=DIRECTION('',(1.0,0.0,0.0));
#17997=CARTESIAN_POINT('',(10.03,7.8000000000002,14.0));
#17998=DIRECTION('',(1.0,0.0,0.0));
#17999=DIRECTION('',(0.0,1.0,0.0));
#18000=DIRECTION('',(1.0,0.0,0.0));
#18001=CARTESIAN_POINT('',(10.0,7.8000000000002,9.50000000000001));
#18002=DIRECTION('',(1.0,0.0,0.0));
#18003=DIRECTION('',(0.0,0.0,-1.0));
#18004=DIRECTION('',(1.0,0.0,0.0));
#18005=CARTESIAN_POINT('',(10.03,7.8000000000002,9.50000000000001));
#18006=DIRECTION('',(1.0,0.0,0.0));
#18007=DIRECTION('',(0.0,0.0,-1.0));
#18008=DIRECTION('',(1.0,0.0,0.0));
#18009=CARTESIAN_POINT('',(10.0,2.2000000000002,9.50000000000001));
#18010=DIRECTION('',(1.0,0.0,0.0));
#18011=DIRECTION('',(0.0,-1.0,3.5527136788005E-15));
#18012=DIRECTION('',(1.0,0.0,0.0));
#18013=CARTESIAN_POINT('',(10.03,2.2000000000002,9.50000000000001));
#18014=DIRECTION('',(1.0,0.0,0.0));
#18015=DIRECTION('',(0.0,-1.0,0.0));
#18016=DIRECTION('',(1.0,0.0,0.0));
#18017=CARTESIAN_POINT('',(10.0,2.2000000000002,14.0));
#18018=DIRECTION('',(1.0,0.0,-0.0));
#18019=DIRECTION('',(0.0,0.0,1.0));
#18020=DIRECTION('',(1.0,0.0,0.0));
#18021=CARTESIAN_POINT('',(10.03,2.2000000000002,14.0));
#18022=DIRECTION('',(1.0,0.0,-0.0));
#18023=DIRECTION('',(0.0,0.0,1.0));
#18024=DIRECTION('',(1.0,0.0,0.0));
#18025=CARTESIAN_POINT('',(9.55,0.200000000000202,9.19999999999998));
#18026=DIRECTION('',(1.0,0.0,-0.0));
#18027=DIRECTION('',(0.0,0.0,1.0));
#18028=DIRECTION('',(-1.0,0.0,0.0));
#18029=CARTESIAN_POINT('',(10.0,0.200000000000202,9.19999999999998));
#18030=DIRECTION('',(1.0,0.0,-0.0));
#18031=DIRECTION('',(0.0,0.0,1.0));
#18032=DIRECTION('',(1.0,0.0,0.0));
#18033=CARTESIAN_POINT('',(10.0,0.500000000000203,2.0));
#18034=DIRECTION('',(1.0,0.0,-0.0));
#18035=DIRECTION('',(0.0,0.0,1.0));
#18036=DIRECTION('',(1.0,0.0,0.0));
#18037=CARTESIAN_POINT('',(10.03,0.500000000000203,2.0));
#18038=DIRECTION('',(1.0,0.0,-0.0));
#18039=DIRECTION('',(0.0,0.0,1.0));
#18040=DIRECTION('',(1.0,0.0,0.0));
#18041=CARTESIAN_POINT('',(10.0,8.3400000000002,2.0));
#18042=DIRECTION('',(1.0,0.0,0.0));
#18043=DIRECTION('',(0.0,1.0,0.0));
#18044=DIRECTION('',(1.0,0.0,0.0));
#18045=CARTESIAN_POINT('',(10.03,8.3400000000002,2.0));
#18046=DIRECTION('',(1.0,0.0,0.0));
#18047=DIRECTION('',(0.0,1.0,0.0));
#18048=DIRECTION('',(1.0,0.0,0.0));
#18049=CARTESIAN_POINT('',(10.0,8.3400000000002,1.0));
#18050=DIRECTION('',(1.0,0.0,0.0));
#18051=DIRECTION('',(0.0,0.0,-1.0));
#18052=DIRECTION('',(1.0,0.0,0.0));
#18053=CARTESIAN_POINT('',(10.03,8.3400000000002,1.0));
#18054=DIRECTION('',(1.0,0.0,0.0));
#18055=DIRECTION('',(0.0,0.0,-1.0));
#18056=DIRECTION('',(1.0,0.0,0.0));
#18057=CARTESIAN_POINT('',(10.0,0.500000000000203,1.0));
#18058=DIRECTION('',(1.0,0.0,0.0));
#18059=DIRECTION('',(0.0,-1.0,0.0));
#18060=DIRECTION('',(1.0,0.0,0.0));
#18061=CARTESIAN_POINT('',(10.03,0.500000000000203,1.0));
#18062=DIRECTION('',(1.0,0.0,0.0));
#18063=DIRECTION('',(0.0,-1.0,0.0));
#18064=DIRECTION('',(0.0,-1.15656936595124E-13,-1.0));
#18065=DIRECTION('',(0.0,-0.998629534754573,0.0523359562429601));
#18066=DIRECTION('',(0.0,0.0,1.0));
#18067=DIRECTION('',(0.0,-1.0,0.0));
#18068=DIRECTION('',(0.0,0.0,1.0));
#18069=DIRECTION('',(0.0,-1.0,2.34193125848361E-13));
#18070=DIRECTION('',(0.0,0.0,-1.0));
#18071=DIRECTION('',(1.0,0.0,0.0));
#18072=DIRECTION('',(0.0,0.0,1.0));
#18073=DIRECTION('',(1.0,0.0,0.0));
#18074=DIRECTION('',(0.0,0.0,1.0));
#18075=DIRECTION('',(0.0,0.0,1.0));
#18076=CARTESIAN_POINT('',(10.0,0.500000000000203,2.0));
#18077=DIRECTION('',(1.0,0.0,-0.0));
#18078=DIRECTION('',(0.0,0.0,1.0));
#18079=DIRECTION('',(0.0,1.0,0.0));
#18080=CARTESIAN_POINT('',(10.0,8.3400000000002,2.0));
#18081=DIRECTION('',(1.0,0.0,0.0));
#18082=DIRECTION('',(0.0,1.0,0.0));
#18083=DIRECTION('',(0.0,0.0,-1.0));
#18084=CARTESIAN_POINT('',(10.0,8.3400000000002,1.0));
#18085=DIRECTION('',(1.0,0.0,0.0));
#18086=DIRECTION('',(0.0,0.0,-1.0));
#18087=DIRECTION('',(0.0,-1.0,0.0));
#18088=CARTESIAN_POINT('',(10.0,0.500000000000203,1.0));
#18089=DIRECTION('',(1.0,0.0,0.0));
#18090=DIRECTION('',(0.0,-1.0,0.0));
#18091=DIRECTION('',(0.0,-1.0,0.0));
#18092=DIRECTION('',(0.0,0.0,-1.0));
#18093=DIRECTION('',(0.0,-1.0,0.0));
#18094=DIRECTION('',(0.0,0.0,-1.0));
#18095=DIRECTION('',(0.0,-1.0,0.0));
#18096=DIRECTION('',(0.0,0.0,-1.0));
#18097=DIRECTION('',(0.0,1.0,0.0));
#18098=DIRECTION('',(0.0,-0.500000000000004,0.866025403784436));
#18099=DIRECTION('',(0.0,0.0,1.0));
#18100=DIRECTION('',(0.0,0.28653898247953,-0.95806858393311));
#18101=DIRECTION('',(0.0,0.0,-1.0));
#18102=DIRECTION('',(0.0,0.0436193873653413,-0.999048221581858));
#18103=CARTESIAN_POINT('',(10.0,8.24759791744795,14.4));
#18104=DIRECTION('',(1.0,0.0,-0.0));
#18105=DIRECTION('',(0.0,0.999048221581857,0.0436193873653412));
#18106=DIRECTION('',(0.0,1.0,0.0));
#18107=CARTESIAN_POINT('',(10.0,0.924204055632505,14.8));
#18108=DIRECTION('',(-1.0,0.0,0.0));
#18109=DIRECTION('',(0.0,-0.999048221581857,0.0436193873653437));
#18110=DIRECTION('',(0.0,0.0436193873653321,0.999048221581858));
#18111=DIRECTION('',(0.0,-0.866025403784436,0.500000000000004));
#18112=DIRECTION('',(0.0,-0.173648177666932,-0.984807753012208));
#18113=DIRECTION('',(0.0,-1.0,0.0));
#18114=CARTESIAN_POINT('',(10.0,0.200000000000202,9.19999999999998));
#18115=DIRECTION('',(1.0,0.0,-0.0));
#18116=DIRECTION('',(0.0,0.0,1.0));
#18117=DIRECTION('',(0.0,-1.0,0.0));
#18118=CARTESIAN_POINT('',(10.0,7.8000000000002,14.0));
#18119=DIRECTION('',(1.0,0.0,0.0));
#18120=DIRECTION('',(0.0,1.0,0.0));
#18121=DIRECTION('',(0.0,0.0,1.0));
#18122=CARTESIAN_POINT('',(10.0,7.8000000000002,9.50000000000001));
#18123=DIRECTION('',(1.0,0.0,0.0));
#18124=DIRECTION('',(0.0,0.0,-1.0));
#18125=DIRECTION('',(0.0,1.0,0.0));
#18126=CARTESIAN_POINT('',(10.0,2.2000000000002,9.50000000000001));
#18127=DIRECTION('',(1.0,0.0,0.0));
#18128=DIRECTION('',(0.0,-1.0,3.5527136788005E-15));
#18129=DIRECTION('',(0.0,0.0,-1.0));
#18130=CARTESIAN_POINT('',(10.0,2.2000000000002,14.0));
#18131=DIRECTION('',(1.0,0.0,-0.0));
#18132=DIRECTION('',(0.0,0.0,1.0));
#18133=DIRECTION('',(0.0,0.0,1.0));
#18134=DIRECTION('',(1.0,0.0,0.0));
#18135=DIRECTION('',(0.0,0.0,1.0));
#18136=DIRECTION('',(-1.0,0.0,0.0));
#18137=DIRECTION('',(0.326633135958313,0.0,-0.945151201921702));
#18138=DIRECTION('',(0.0,1.0,0.0));
#18139=DIRECTION('',(0.326633135958313,0.0,-0.945151201921702));
#18140=DIRECTION('',(0.0,1.0,0.0));
#18141=DIRECTION('',(0.0,1.0,-2.34193125848361E-13));
#18142=DIRECTION('',(0.0,2.34193125848361E-13,1.0));
#18143=DIRECTION('',(0.0,1.0,-2.34193125848361E-13));
#18144=DIRECTION('',(0.0,2.34193125848361E-13,1.0));
#18145=DIRECTION('',(0.0,1.4210854715202E-14,1.0));
#18146=DIRECTION('',(0.0755508581011378,-0.863550259614513,-0.498570974847002));
#18147=DIRECTION('',(-1.35140074629801E-15,1.23572649697492E-15,-1.0));
#18148=DIRECTION('',(0.0871557427476582,-0.996194698091746,1.41567781226363E-14));
#18149=DIRECTION('',(0.0369490590098315,-0.422329677020176,0.905688915106242));
#18150=DIRECTION('',(0.0,-4.32978028117733E-17,1.0));
#18151=DIRECTION('',(0.0,1.0,-1.4210854715202E-14));
#18152=DIRECTION('',(0.0,-1.0,1.4210854715202E-14));
#18153=DIRECTION('',(0.0,-4.32978028117733E-17,1.0));
#18154=DIRECTION('',(0.0,1.0,0.0));
#18155=DIRECTION('',(0.0,-4.32978028117747E-17,1.0));
#18156=DIRECTION('',(0.0,-1.0,0.0));
#18157=DIRECTION('',(1.0,0.0,0.0));
#18158=DIRECTION('',(-1.0,0.0,0.0));
#18159=DIRECTION('',(0.0,0.173648177666932,0.984807753012208));
#18160=CARTESIAN_POINT('',(9.55,0.200000000000202,9.19999999999998));
#18161=DIRECTION('',(1.0,0.0,-0.0));
#18162=DIRECTION('',(0.0,0.0,1.0));
#18163=DIRECTION('',(0.0,1.0,0.0));
#18164=DIRECTION('',(0.0,0.866025403784436,-0.500000000000004));
#18165=DIRECTION('',(0.0,-0.173648177666932,-0.984807753012208));
#18166=DIRECTION('',(0.0,-1.0,1.15107923192674E-12));
#18167=CARTESIAN_POINT('',(9.55,-0.0300000000001482,9.40000000000009));
#18168=DIRECTION('',(-1.0,0.0,0.0));
#18169=DIRECTION('',(0.0,-1.0,1.77635683940142E-14));
#18170=DIRECTION('',(0.0,1.23572649697492E-15,-1.0));
#18171=DIRECTION('',(0.0,1.0,-2.34193125848361E-13));
#18172=DIRECTION('',(-1.0,0.0,0.0));
#18173=DIRECTION('',(1.0,0.0,0.0));
#18174=CARTESIAN_POINT('',(7.5,9.74000000000017,3.74499999999898));
#18175=DIRECTION('',(0.0,-1.0,0.0));
#18176=DIRECTION('',(0.504380974796538,0.0,-0.86348122866875));
#18177=DIRECTION('',(1.0,0.0,0.0));
#18178=DIRECTION('',(0.0,1.0,0.0));
#18179=DIRECTION('',(1.0,0.0,0.0));
#18180=DIRECTION('',(-1.0,0.0,0.0));
#18181=DIRECTION('',(1.0,0.0,0.0));
#18182=DIRECTION('',(1.0,0.0,0.0));
#18183=DIRECTION('',(-1.0,0.0,0.0));
#18184=DIRECTION('',(0.0,0.0,1.0));
#18185=DIRECTION('',(0.0,1.0,0.0));
#18186=DIRECTION('',(0.0,1.0,0.0));
#18187=DIRECTION('',(0.0,1.0,0.0));
#18188=CARTESIAN_POINT('',(10.03,0.500000000000203,2.0));
#18189=DIRECTION('',(1.0,0.0,-0.0));
#18190=DIRECTION('',(0.0,0.0,1.0));
#18191=CARTESIAN_POINT('',(10.03,0.500000000000203,1.0));
#18192=DIRECTION('',(1.0,0.0,0.0));
#18193=DIRECTION('',(0.0,-1.0,0.0));
#18194=DIRECTION('',(0.0,-1.0,0.0));
#18195=CARTESIAN_POINT('',(10.03,8.3400000000002,1.0));
#18196=DIRECTION('',(1.0,0.0,0.0));
#18197=DIRECTION('',(0.0,0.0,-1.0));
#18198=DIRECTION('',(0.0,0.0,-1.0));
#18199=CARTESIAN_POINT('',(10.03,8.3400000000002,2.0));
#18200=DIRECTION('',(1.0,0.0,0.0));
#18201=DIRECTION('',(0.0,1.0,0.0));
#18202=DIRECTION('',(1.0,0.0,0.0));
#18203=DIRECTION('',(1.0,0.0,0.0));
#18204=DIRECTION('',(1.0,0.0,0.0));
#18205=DIRECTION('',(0.0,-1.0,0.0));
#18206=DIRECTION('',(0.0,1.0,0.0));
#18207=DIRECTION('',(1.0,0.0,0.0));
#18208=DIRECTION('',(0.0,1.0,0.0));
#18209=DIRECTION('',(0.0,0.0,1.0));
#18210=CARTESIAN_POINT('',(10.03,2.2000000000002,9.50000000000001));
#18211=DIRECTION('',(1.0,0.0,0.0));
#18212=DIRECTION('',(0.0,-1.0,0.0));
#18213=DIRECTION('',(0.0,-1.0,0.0));
#18214=CARTESIAN_POINT('',(10.03,7.8000000000002,9.50000000000001));
#18215=DIRECTION('',(1.0,0.0,0.0));
#18216=DIRECTION('',(0.0,0.0,-1.0));
#18217=DIRECTION('',(0.0,0.0,-1.0));
#18218=CARTESIAN_POINT('',(10.03,7.8000000000002,14.0));
#18219=DIRECTION('',(1.0,0.0,0.0));
#18220=DIRECTION('',(0.0,1.0,0.0));
#18221=CARTESIAN_POINT('',(10.03,2.2000000000002,14.0));
#18222=DIRECTION('',(1.0,0.0,-0.0));
#18223=DIRECTION('',(0.0,0.0,1.0));
#18224=DIRECTION('',(1.0,0.0,0.0));
#18225=DIRECTION('',(1.0,0.0,0.0));
#18226=DIRECTION('',(1.0,0.0,0.0));
#18227=CARTESIAN_POINT('',(3.4,9.53999658961739,8.14286904004586));
#18228=DIRECTION('',(1.0,0.0,-0.0));
#18229=DIRECTION('',(0.0,0.0436193873653297,0.999048221581858));
#18230=DIRECTION('',(1.0,0.0,0.0));
#18231=CARTESIAN_POINT('',(4.99999999999993,9.53999658961739,8.14286904004586));
#18232=DIRECTION('',(1.0,0.0,-0.0));
#18233=DIRECTION('',(0.0,0.0436193873653286,0.999048221581858));
#18234=DIRECTION('',(0.0,0.500000000000003,-0.866025403784437));
#18235=DIRECTION('',(0.0,0.0,-1.0));
#18236=CARTESIAN_POINT('',(3.4,9.53999658961739,8.14272450102428));
#18237=DIRECTION('',(-1.0,0.0,0.0));
#18238=DIRECTION('',(0.0,0.0,-1.0));
#18239=CARTESIAN_POINT('',(3.4,9.53999658961737,7.64272450102428));
#18240=DIRECTION('',(-1.0,0.0,0.0));
#18241=DIRECTION('',(0.0,1.06581410364015E-13,1.0));
#18242=DIRECTION('',(0.0,0.0,-1.0));
#18243=DIRECTION('',(0.0,0.0,-1.0));
#18244=CARTESIAN_POINT('',(3.4,9.53999658961739,10.7902559902129));
#18245=DIRECTION('',(-1.0,-0.0,0.0));
#18246=DIRECTION('',(0.0,-0.224100670508508,-0.974566000575455));
#18247=DIRECTION('',(0.0,0.974566000575455,-0.224100670508509));
#18248=DIRECTION('',(0.0,-0.965925826289069,0.258819045102519));
#18249=CARTESIAN_POINT('',(3.4,12.8309763788948,8.94825699190903));
#18250=DIRECTION('',(-1.0,0.0,0.0));
#18251=DIRECTION('',(0.0,0.25881904510271,0.965925826289018));
#18252=DIRECTION('',(0.0,0.707106781186548,-0.707106781186548));
#18253=CARTESIAN_POINT('',(3.4,13.9998973432114,8.55715348689731));
#18254=DIRECTION('',(1.0,0.0,0.0));
#18255=DIRECTION('',(0.0,0.500000000000005,-0.866025403784436));
#18256=DIRECTION('',(0.0,0.866025403784435,0.500000000000006));
#18257=CARTESIAN_POINT('',(3.4,13.2542606583284,8.24213000000042));
#18258=DIRECTION('',(1.0,0.0,0.0));
#18259=DIRECTION('',(0.0,-0.707106781186525,-0.70710678118657));
#18260=DIRECTION('',(0.0,0.707106781186575,-0.70710678118652));
#18261=DIRECTION('',(0.0,0.999048221581858,-0.0436193873653297));
#18262=CARTESIAN_POINT('',(4.99999999999993,9.53999658961739,8.14272450102428));
#18263=DIRECTION('',(-1.0,-0.0,0.0));
#18264=DIRECTION('',(0.0,-7.105427357601E-14,-1.0));
#18265=DIRECTION('',(-1.0,0.0,0.0));
#18266=DIRECTION('',(0.0,-0.500000000000003,0.866025403784437));
#18267=DIRECTION('',(0.0,0.0,-1.0));
#18268=CARTESIAN_POINT('',(4.99999999999993,9.53999658961737,7.64272450102428));
#18269=DIRECTION('',(-1.0,0.0,0.0));
#18270=DIRECTION('',(0.0,0.0,1.0));
#18271=DIRECTION('',(0.0,0.0,1.0));
#18272=CARTESIAN_POINT('',(4.99999999999993,9.53999658961739,10.7902559902129));
#18273=DIRECTION('',(-1.0,-0.0,0.0));
#18274=DIRECTION('',(0.0,-0.224100670508509,-0.974566000575454));
#18275=DIRECTION('',(-1.0,0.0,0.0));
#18276=DIRECTION('',(0.0,0.0,1.0));
#18277=DIRECTION('',(0.0,-0.999048221581858,0.0436193873653297));
#18278=DIRECTION('',(0.0,0.707106781186575,-0.70710678118652));
#18279=CARTESIAN_POINT('',(4.99999999999993,13.2542606583284,8.24213000000042));
#18280=DIRECTION('',(1.0,0.0,0.0));
#18281=DIRECTION('',(0.0,-0.707106781186678,-0.707106781186416));
#18282=DIRECTION('',(0.0,0.866025403784435,0.500000000000006));
#18283=CARTESIAN_POINT('',(4.99999999999993,13.9998973432114,8.55715348689731));
#18284=DIRECTION('',(1.0,0.0,0.0));
#18285=DIRECTION('',(0.0,0.499999999999671,-0.866025403784628));
#18286=DIRECTION('',(0.0,0.707106781186548,-0.707106781186548));
#18287=CARTESIAN_POINT('',(4.99999999999993,12.8309763788948,8.94825699190903));
#18288=DIRECTION('',(1.0,0.0,-0.0));
#18289=DIRECTION('',(0.0,0.707106781186611,0.707106781186484));
#18290=DIRECTION('',(0.0,0.965925826289069,-0.258819045102519));
#18291=DIRECTION('',(0.0,-0.974566000575455,0.224100670508509));
#18292=DIRECTION('',(1.0,0.0,0.0));
#18293=DIRECTION('',(1.0,0.0,0.0));
#18294=DIRECTION('',(1.0,0.0,0.0));
#18295=DIRECTION('',(1.0,0.0,0.0));
#18296=DIRECTION('',(1.0,0.0,0.0));
#18297=DIRECTION('',(1.0,0.0,0.0));
#18298=DIRECTION('',(1.0,0.0,0.0));
#18299=DIRECTION('',(1.0,0.0,0.0));
#18300=DIRECTION('',(-1.0,0.0,0.0));
#18301=DIRECTION('',(1.0,0.0,0.0));
#18302=DIRECTION('',(1.0,0.0,0.0));
#18303=DIRECTION('',(1.0,0.0,0.0));
#18304=DIRECTION('',(0.0,0.500000000000004,-0.866025403784436));
#18305=DIRECTION('',(1.0,0.0,0.0));
#18306=DIRECTION('',(0.0,0.0,-1.0));
#18307=DIRECTION('',(-1.0,0.0,0.0));
#18308=DIRECTION('',(0.0,-1.0,1.4210854715202E-14));
#18309=DIRECTION('',(-1.0,1.11022302462516E-16,-1.57772181044202E-30));
#18310=DIRECTION('',(-1.0,0.0,0.0));
#18311=DIRECTION('',(0.341134317041086,0.940014562513215,-1.33584103780495E-14));
#18312=DIRECTION('',(1.0,0.0,0.0));
#18313=DIRECTION('',(-1.0,0.0,0.0));
#18314=DIRECTION('',(0.0,-1.0,0.0));
#18315=DIRECTION('',(0.0,1.0,-2.34193125848361E-13));
#18316=DIRECTION('',(0.0,2.34193125848361E-13,1.0));
#18317=DIRECTION('',(0.0,1.0,-2.34193125848361E-13));
#18318=DIRECTION('',(0.0,2.34193125848361E-13,1.0));
#18319=DIRECTION('',(0.0,1.0,0.0));
#18320=DIRECTION('',(-0.326633135958313,0.0,0.945151201921702));
#18321=DIRECTION('',(0.0,1.0,0.0));
#18322=DIRECTION('',(-0.326633135958313,0.0,0.945151201921702));
#18323=DIRECTION('',(-1.0,0.0,0.0));
#18324=DIRECTION('',(0.0,1.0,0.0));
#18325=DIRECTION('',(1.0,0.0,0.0));
#18326=DIRECTION('',(1.0,0.0,0.0));
#18327=DIRECTION('',(0.0,2.34193125848361E-13,1.0));
#18328=CARTESIAN_POINT('',(7.50000000000001,5.27000000000018,13.9000000000001));
#18329=DIRECTION('',(0.0,-0.0,1.0));
#18330=DIRECTION('',(0.0,1.0,0.0));
#18331=CARTESIAN_POINT('',(7.5,5.27000000000016,12.099999999999));
#18332=DIRECTION('',(0.0,-0.0,1.0));
#18333=DIRECTION('',(0.638971066378313,0.76923076923077,0.0));
#18334=DIRECTION('',(1.0,0.0,0.0));
#18335=DIRECTION('',(-1.0,0.0,0.0));
#18336=CARTESIAN_POINT('',(2.5,9.74000000000018,3.74499999999898));
#18337=DIRECTION('',(0.0,1.0,0.0));
#18338=DIRECTION('',(0.725982370620028,0.0,-0.687713310580016));
#18339=DIRECTION('',(-1.0,1.11022302462516E-16,0.0));
#18340=DIRECTION('',(0.0,-4.32978028117747E-17,1.0));
#18341=DIRECTION('',(1.0,-1.11022302462516E-16,0.0));
#18342=DIRECTION('',(1.0,0.0,0.0));
#18343=DIRECTION('',(1.0,0.0,0.0));
#18344=DIRECTION('',(0.0,0.0,1.0));
#18345=DIRECTION('',(-1.0,1.11022302462516E-16,0.0));
#18346=DIRECTION('',(1.0,-1.11022302462516E-16,0.0));
#18347=DIRECTION('',(0.0,-4.32978028117733E-17,1.0));
#18348=DIRECTION('',(0.0,4.32978028117733E-17,-1.0));
#18349=DIRECTION('',(-1.0,1.11022302462516E-16,-1.57772181044203E-30));
#18350=CARTESIAN_POINT('',(7.50000000000001,16.7200000000002,3.73));
#18351=DIRECTION('',(0.0,-1.0,0.0));
#18352=DIRECTION('',(0.0,0.0,1.0));
#18353=CARTESIAN_POINT('',(7.50000000000001,18.0700000000002,3.73));
#18354=DIRECTION('',(0.0,-1.0,0.0));
#18355=DIRECTION('',(0.0,0.0,1.0));
#18356=DIRECTION('',(0.0,1.0,0.0));
#18357=DIRECTION('',(0.0,-4.32978028117733E-17,1.0));
#18358=DIRECTION('',(0.0,-1.0,1.4210854715202E-14));
#18359=DIRECTION('',(0.0,-1.4210854715202E-14,-1.0));
#18360=DIRECTION('',(0.0,1.0,-1.4210854715202E-14));
#18361=DIRECTION('',(0.0,1.4210854715202E-14,1.0));
#18362=DIRECTION('',(-0.151596945845749,0.417733806330496,-0.895833038606456));
#18363=DIRECTION('',(0.341134317041086,-0.940014562513215,1.33584103780495E-14));
#18364=DIRECTION('',(0.341134317041086,-0.940014562513215,1.33584103780495E-14));
#18365=DIRECTION('',(0.299824598393096,-0.826183337794316,-0.476997172475332));
#18366=DIRECTION('',(0.0,4.32978028117747E-17,-1.0));
#18367=DIRECTION('',(0.0,-1.0,0.0));
#18368=DIRECTION('',(0.0,4.32978028117733E-17,-1.0));
#18369=DIRECTION('',(0.0,-1.0,0.0));
#18370=CARTESIAN_POINT('',(5.25178131089322,0.0700000000000025,8.94999999999992));
#18371=DIRECTION('',(-2.17087541685762E-15,0.0,1.0));
#18372=DIRECTION('',(0.0,-1.0,0.0));
#18373=DIRECTION('',(-2.17087541685762E-15,-1.23572649697492E-15,1.0));
#18374=CARTESIAN_POINT('',(4.74821868910679,0.0699999999999989,8.94999999999992));
#18375=DIRECTION('',(2.12354208058719E-16,-1.51097870244186E-15,1.0));
#18376=DIRECTION('',(-0.99026806874157,-0.139173100960068,0.0));
#18377=DIRECTION('',(2.17087541685762E-15,-1.23572649697492E-15,1.0));
#18378=DIRECTION('',(-0.139173100960065,0.99026806874157,-1.40725556539901E-14));
#18379=DIRECTION('',(0.0592906331641991,-0.421874776037519,0.904713376800786));
#18380=DIRECTION('',(-0.120820319327176,0.859681241989387,0.496337196479636));
#18381=DIRECTION('',(-0.120820319327176,-0.859681241989387,-0.496337196479636));
#18382=DIRECTION('',(0.0,-1.4210854715202E-14,-1.0));
#18383=DIRECTION('',(0.0592906331641991,0.421874776037519,-0.904713376800786));
#18384=DIRECTION('',(-0.139173100960065,-0.99026806874157,1.40725556539901E-14));
#18385=DIRECTION('',(0.0,1.4210854715202E-14,1.0));
#18386=DIRECTION('',(0.0,1.0,-1.4210854715202E-14));
#18387=DIRECTION('',(0.299824598393096,0.826183337794316,0.476997172475332));
#18388=DIRECTION('',(0.341134317041086,0.940014562513215,-1.33584103780495E-14));
#18389=DIRECTION('',(-0.151596945845749,-0.417733806330496,0.895833038606456));
#18390=DIRECTION('',(1.0,0.0,0.0));
#18391=DIRECTION('',(0.0,1.0,0.0));
#18392=CARTESIAN_POINT('',(7.5,5.27000000000016,11.3300001772836));
#18393=DIRECTION('',(0.0,0.0,1.0));
#18394=DIRECTION('',(0.0,-1.0,0.0));
#18395=CARTESIAN_POINT('',(7.5,15.9850000000002,3.73));
#18396=DIRECTION('',(0.0,-1.0,-0.0));
#18397=DIRECTION('',(-1.22464679914735E-16,0.0,-1.0));
#18398=DIRECTION('',(-1.0,0.0,0.0));
#18399=CARTESIAN_POINT('',(7.50000000000001,10.5850000000009,3.73));
#18400=DIRECTION('',(0.0,-1.0,0.0));
#18401=DIRECTION('',(0.0,0.0,1.0));
#18402=DIRECTION('',(1.0,0.0,0.0));
#18403=DIRECTION('',(-1.0,0.0,0.0));
#18404=DIRECTION('',(-1.0,0.0,0.0));
#18405=DIRECTION('',(0.0,2.34193125848361E-13,1.0));
#18406=DIRECTION('',(0.0,-1.0,0.0));
#18407=DIRECTION('',(0.0,-1.0,0.0));
#18408=DIRECTION('',(-1.0,0.0,6.12323293943686E-17));
#18409=DIRECTION('',(-1.0,0.0,6.12323293943686E-17));
#18410=DIRECTION('',(0.0,1.0,0.0));
#18411=DIRECTION('',(0.326633135958313,0.0,0.945151201921702));
#18412=DIRECTION('',(0.326633135958313,0.0,0.945151201921702));
#18413=DIRECTION('',(0.0,-1.0,0.0));
#18414=DIRECTION('',(1.0,0.0,0.0));
#18415=CARTESIAN_POINT('',(7.50000000000001,5.27000000000018,15.0));
#18416=DIRECTION('',(0.0,0.0,-1.0));
#18417=DIRECTION('',(0.0,-1.0,0.0));
#18418=CARTESIAN_POINT('',(7.50000000000001,5.27000000000018,12.0186751345947));
#18419=DIRECTION('',(0.0,0.0,-1.0));
#18420=DIRECTION('',(0.0,-1.0,0.0));
#18421=CARTESIAN_POINT('',(7.50000000000001,5.27000000000018,12.0186751345947));
#18422=DIRECTION('',(0.0,-0.0,1.0));
#18423=DIRECTION('',(0.0,1.0,0.0));
#18424=DIRECTION('',(1.0,0.0,0.0));
#18425=DIRECTION('',(0.0,-1.0,2.34193125848361E-13));
#18426=DIRECTION('',(0.0,1.0,-2.34193125848361E-13));
#18427=DIRECTION('',(-1.0,0.0,0.0));
#18428=DIRECTION('',(0.0,1.0,0.0));
#18429=DIRECTION('',(1.0,0.0,0.0));
#18430=CARTESIAN_POINT('',(7.5,18.0700000000002,3.74499999999898));
#18431=DIRECTION('',(0.0,-1.0,-0.0));
#18432=DIRECTION('',(-2.44929349266472E-16,0.0,-1.0));
#18433=CARTESIAN_POINT('',(7.5,9.74000000000017,3.74499999999898));
#18434=DIRECTION('',(0.0,-1.0,-0.0));
#18435=DIRECTION('',(-2.44929349266472E-16,0.0,-1.0));
#18436=DIRECTION('',(-1.0,0.0,0.0));
#18437=DIRECTION('',(0.0,0.0,-1.0));
#18438=DIRECTION('',(-1.0,0.0,0.0));
#18439=DIRECTION('',(0.0,0.0,1.0));
#18440=DIRECTION('',(0.0,0.0,-1.0));
#18441=DIRECTION('',(0.0,-0.977253249228607,-0.212075663083083));
#18442=DIRECTION('',(-1.0,0.0,0.0));
#18443=DIRECTION('',(0.0,-0.977253249228607,-0.212075663083083));
#18444=DIRECTION('',(-1.0,0.0,0.0));
#18445=DIRECTION('',(0.0,-0.66896842757228,-0.743290819875688));
#18446=DIRECTION('',(-1.0,0.0,0.0));
#18447=DIRECTION('',(0.0,-0.66896842757228,-0.743290819875688));
#18448=DIRECTION('',(-1.0,0.0,0.0));
#18449=DIRECTION('',(0.0,-0.874159337810265,-0.485639220120368));
#18450=DIRECTION('',(0.0,-0.874159337810265,-0.485639220120368));
#18451=DIRECTION('',(-1.0,0.0,0.0));
#18452=DIRECTION('',(1.0,0.0,0.0));
#18453=DIRECTION('',(0.0,0.0,-1.0));
#18454=DIRECTION('',(0.0,0.663132582726999,-0.748501955726115));
#18455=DIRECTION('',(-1.0,0.0,0.0));
#18456=DIRECTION('',(0.0,0.663132582726999,-0.748501955726115));
#18457=DIRECTION('',(-1.0,0.0,0.0));
#18458=DIRECTION('',(0.0,0.0,-1.0));
#18459=DIRECTION('',(-1.0,0.0,0.0));
#18460=DIRECTION('',(0.0,0.0,-1.0));
#18461=DIRECTION('',(-1.0,0.0,0.0));
#18462=DIRECTION('',(0.0,0.0,1.0));
#18463=DIRECTION('',(-1.0,0.0,0.0));
#18464=DIRECTION('',(0.0,0.0,1.0));
#18465=DIRECTION('',(-1.0,0.0,0.0));
#18466=DIRECTION('',(0.0,0.0,1.0));
#18467=DIRECTION('',(-1.0,0.0,0.0));
#18468=DIRECTION('',(0.0,0.0,-1.0));
#18469=DIRECTION('',(-1.0,0.0,0.0));
#18470=DIRECTION('',(0.0,0.0,1.0));
#18471=DIRECTION('',(-1.0,0.0,0.0));
#18472=DIRECTION('',(0.0,0.0,1.0));
#18473=DIRECTION('',(-1.0,0.0,0.0));
#18474=DIRECTION('',(0.0,1.0,0.0));
#18475=DIRECTION('',(0.0,1.0,0.0));
#18476=DIRECTION('',(0.0,-0.338815170247541,-0.940852953659672));
#18477=DIRECTION('',(-1.0,0.0,0.0));
#18478=DIRECTION('',(0.0,0.338815170247541,0.940852953659672));
#18479=DIRECTION('',(-1.0,0.0,0.0));
#18480=DIRECTION('',(0.0,0.131269295692008,0.991346746607121));
#18481=DIRECTION('',(-1.0,0.0,0.0));
#18482=DIRECTION('',(0.0,-0.131269295692008,-0.991346746607121));
#18483=DIRECTION('',(-1.0,0.0,0.0));
#18484=DIRECTION('',(0.0,0.357054399536401,0.934083591426217));
#18485=DIRECTION('',(0.0,-0.357054399536401,-0.934083591426217));
#18486=DIRECTION('',(-1.0,0.0,0.0));
#18487=DIRECTION('',(0.0,-0.340080287903592,-0.940396404597237));
#18488=DIRECTION('',(-1.0,0.0,0.0));
#18489=DIRECTION('',(0.0,0.340080287903592,0.940396404597237));
#18490=DIRECTION('',(-1.0,0.0,0.0));
#18491=DIRECTION('',(0.0,-1.0,1.81307461350569E-14));
#18492=DIRECTION('',(0.0,1.0,-1.81307461350569E-14));
#18493=DIRECTION('',(0.0,-0.453368050386841,0.891323404207718));
#18494=DIRECTION('',(-1.0,0.0,0.0));
#18495=DIRECTION('',(0.0,-0.453368050386841,0.891323404207718));
#18496=DIRECTION('',(-1.0,0.0,0.0));
#18497=DIRECTION('',(0.0,-1.0,0.0));
#18498=CARTESIAN_POINT('',(2.5,5.27000000000017,15.0));
#18499=DIRECTION('',(0.0,-0.0,1.0));
#18500=DIRECTION('',(0.0,1.0,0.0));
#18501=DIRECTION('',(-1.0,0.0,0.0));
#18502=DIRECTION('',(0.0,1.0,0.0));
#18503=DIRECTION('',(1.0,0.0,0.0));
#18504=DIRECTION('',(0.0,0.915504508549882,0.402307711614927));
#18505=DIRECTION('',(-1.0,0.0,0.0));
#18506=DIRECTION('',(0.0,-0.915504508549882,-0.402307711614927));
#18507=DIRECTION('',(-1.0,0.0,0.0));
#18508=DIRECTION('',(0.0,-1.0,0.0));
#18509=DIRECTION('',(-1.0,0.0,0.0));
#18510=DIRECTION('',(0.0,1.0,0.0));
#18511=DIRECTION('',(0.0,1.0,0.0));
#18512=DIRECTION('',(-1.0,0.0,0.0));
#18513=DIRECTION('',(0.0,1.0,0.0));
#18514=DIRECTION('',(-1.0,0.0,0.0));
#18515=DIRECTION('',(0.0,0.0,-1.0));
#18516=DIRECTION('',(0.0,0.0,1.0));
#18517=CARTESIAN_POINT('',(-0.03,5.75953466286795,12.4337362515674));
#18518=DIRECTION('',(-1.0,0.0,0.0));
#18519=DIRECTION('',(0.0,-1.0,0.0));
#18520=CARTESIAN_POINT('',(-0.03,5.53532921810695,12.8878637464856));
#18521=DIRECTION('',(-1.0,0.0,0.0));
#18522=DIRECTION('',(0.0,0.442692930109124,0.896673279200065));
#18523=CARTESIAN_POINT('',(-0.03,5.75953466286795,13.3419912414038));
#18524=DIRECTION('',(-1.0,-0.0,0.0));
#18525=DIRECTION('',(0.0,-0.442692930108542,-0.896673279200353));
#18526=DIRECTION('',(0.0,0.0,1.0));
#18527=DIRECTION('',(0.0,-1.0,0.0));
#18528=DIRECTION('',(0.0,0.0,1.0));
#18529=DIRECTION('',(-1.0,0.0,0.0));
#18530=DIRECTION('',(0.0,0.0,-1.0));
#18531=DIRECTION('',(-1.0,0.0,0.0));
#18532=DIRECTION('',(0.0,-1.0,0.0));
#18533=CARTESIAN_POINT('',(-0.03,7.96000000000013,14.0000000000001));
#18534=DIRECTION('',(-1.0,0.0,0.0));
#18535=DIRECTION('',(0.0,0.0,1.0));
#18536=DIRECTION('',(0.0,0.0,1.0));
#18537=CARTESIAN_POINT('',(-0.03,7.96000000000013,9.19999999999974));
#18538=DIRECTION('',(-1.0,0.0,0.0));
#18539=DIRECTION('',(0.0,1.0,0.0));
#18540=DIRECTION('',(0.0,1.0,0.0));
#18541=CARTESIAN_POINT('',(-0.03,1.97494014940163,9.19999999999974));
#18542=DIRECTION('',(-1.0,0.0,0.0));
#18543=DIRECTION('',(0.0,0.0,-1.0));
#18544=DIRECTION('',(0.0,0.0,-1.0));
#18545=CARTESIAN_POINT('',(-0.03,1.97494014940163,14.0000000000001));
#18546=DIRECTION('',(-1.0,0.0,0.0));
#18547=DIRECTION('',(0.0,-1.0,0.0));
#18548=DIRECTION('',(0.0,-1.0,0.0));
#18549=DIRECTION('',(0.0,0.0,-1.0));
#18550=DIRECTION('',(0.0,1.0,0.0));
#18551=DIRECTION('',(0.0,-0.505773866846681,-0.862666097406729));
#18552=DIRECTION('',(0.0,-0.184290315363979,-0.982871853123817));
#18553=DIRECTION('',(0.0,0.00803553520436682,-0.999967714565815));
#18554=DIRECTION('',(0.0,0.186468925710062,-0.982460859141236));
#18555=DIRECTION('',(0.0,0.51434579057087,-0.857582886794056));
#18556=DIRECTION('',(0.0,-0.751493356977716,-0.659740656939046));
#18557=DIRECTION('',(0.0,-0.515449109277764,-0.856920192167718));
#18558=DIRECTION('',(0.0,-0.24495468482391,-0.969534528721293));
#18559=DIRECTION('',(0.0,0.0,-1.0));
#18560=DIRECTION('',(0.0,0.24699567542622,-0.969016582066966));
#18561=DIRECTION('',(0.0,0.483622809516975,-0.875276515230991));
#18562=DIRECTION('',(0.0,0.671342596124696,-0.741147163948263));
#18563=DIRECTION('',(0.0,0.866317651232676,-0.499493470590657));
#18564=DIRECTION('',(0.0,0.964836840557575,-0.262849521785522));
#18565=DIRECTION('',(0.0,0.0,1.0));
#18566=DIRECTION('',(0.0,-0.255515307811431,0.966805010058403));
#18567=DIRECTION('',(0.0,-0.601759963116105,0.798676997784777));
#18568=DIRECTION('',(0.0,-0.610226266476636,0.792227179350712));
#18569=DIRECTION('',(0.0,-0.733092122041454,0.680129355785176));
#18570=DIRECTION('',(0.0,-0.669511531112274,0.742801662429278));
#18571=DIRECTION('',(0.0,-0.520937533968663,0.853594801824992));
#18572=DIRECTION('',(0.0,-0.282411606851929,0.95929332548252));
#18573=DIRECTION('',(0.0,0.0,1.0));
#18574=DIRECTION('',(0.0,0.272836376713703,0.96206045108493));
#18575=DIRECTION('',(0.0,0.525963174350391,0.850507342253587));
#18576=DIRECTION('',(0.0,0.795660074931039,0.605743382267387));
#18577=DIRECTION('',(0.0,0.964442182914719,0.26429391936761));
#18578=DIRECTION('',(0.0,0.99998712996625,0.005073450685966));
#18579=DIRECTION('',(0.0,0.961592072870002,-0.274482577577473));
#18580=DIRECTION('',(0.0,0.809494488121878,-0.587127476533247));
#18581=DIRECTION('',(0.0,0.506204333709597,-0.862413573950238));
#18582=DIRECTION('',(0.0,0.28340858455125,-0.958999256622578));
#18583=DIRECTION('',(0.0,0.0,-1.0));
#18584=DIRECTION('',(0.0,0.0,1.0));
#18585=DIRECTION('',(0.0,-0.174781147866687,0.984607307686878));
#18586=DIRECTION('',(0.0,-0.514499538507407,0.857490655853266));
#18587=DIRECTION('',(0.0,-0.665321028571982,0.746557384894102));
#18588=DIRECTION('',(0.0,-0.874159337810184,0.485639220120513));
#18589=DIRECTION('',(0.0,-0.977123904936604,0.212670812293186));
#18590=DIRECTION('',(0.0,-1.0,0.0));
#18591=DIRECTION('',(0.0,-0.975939285568307,-0.218042452023504));
#18592=DIRECTION('',(0.0,-0.872241913265095,-0.489074682174048));
#18593=DIRECTION('',(0.0,-0.672338381488641,-0.740243946802157));
#18594=DIRECTION('',(0.0,-0.511762541015733,-0.85912694150115));
#18595=DIRECTION('',(0.0,-0.175918278451604,-0.984404774118159));
#18596=DIRECTION('',(0.0,0.0,-1.0));
#18597=DIRECTION('',(0.0,0.182867685666377,-0.983137533379244));
#18598=DIRECTION('',(0.0,0.520100624774495,-0.85410499360979));
#18599=DIRECTION('',(0.0,0.667227088981989,-0.744854356051316));
#18600=DIRECTION('',(0.0,0.720366344273311,-0.693593778834777));
#18601=DIRECTION('',(0.0,0.619079793498818,-0.785328090215459));
#18602=DIRECTION('',(0.0,0.618692416522258,-0.785633307426467));
#18603=DIRECTION('',(0.0,0.544124519283799,-0.8390044740728));
#18604=DIRECTION('',(0.0,0.279100756421644,-0.960261822507209));
#18605=DIRECTION('',(0.0,1.0,0.0));
#18606=DIRECTION('',(0.0,0.0,1.0));
#18607=DIRECTION('',(0.0,-1.0,0.0));
#18608=DIRECTION('',(0.0,0.0,1.0));
#18609=DIRECTION('',(0.0,-0.283843923189018,0.958870495566876));
#18610=DIRECTION('',(0.0,-0.406766319572015,0.913532244237628));
#18611=DIRECTION('',(0.0,-0.505150073585495,0.863031519213852));
#18612=DIRECTION('',(0.0,-0.679436565415239,0.733734252694219));
#18613=DIRECTION('',(0.0,-0.790573889383842,0.612366659301847));
#18614=DIRECTION('',(0.0,-0.938497418264927,0.345286252130122));
#18615=DIRECTION('',(0.0,0.0,-1.0));
#18616=DIRECTION('',(0.0,0.882521025644514,-0.47027294127491));
#18617=DIRECTION('',(0.0,0.515802258169305,-0.856707669200787));
#18618=DIRECTION('',(0.0,0.282907805824964,-0.95914710727985));
#18619=DIRECTION('',(0.0,-1.0,0.0));
#18620=DIRECTION('',(0.0,0.12199417372076,-0.99253081643755));
#18621=DIRECTION('',(0.0,1.0,0.0));
#18622=DIRECTION('',(0.0,0.0,1.0));
#18623=DIRECTION('',(0.0,-1.0,0.0));
#18624=DIRECTION('',(0.0,-0.122225164470614,0.992502397563921));
#18625=DIRECTION('',(0.0,0.825637238349521,-0.56420133875291));
#18626=DIRECTION('',(0.0,0.938251556544256,-0.345953778187609));
#18627=DIRECTION('',(0.0,1.0,0.0));
#18628=DIRECTION('',(0.0,0.976187519564087,0.216928390597716));
#18629=DIRECTION('',(0.0,0.914733518733941,0.404057656411338));
#18630=DIRECTION('',(0.0,0.668031158549448,0.744133302041431));
#18631=DIRECTION('',(0.0,0.560517431619582,0.828142625910892));
#18632=DIRECTION('',(0.0,0.40289046813132,0.91524820168571));
#18633=DIRECTION('',(0.0,0.292047643523125,0.956403771381413));
#18634=DIRECTION('',(0.0,0.0,1.0));
#18635=DIRECTION('',(0.0,-0.288687872010496,0.957423267188578));
#18636=DIRECTION('',(0.0,-0.405137917681003,0.914255581146268));
#18637=DIRECTION('',(0.0,-0.559974906788702,0.828509567697914));
#18638=DIRECTION('',(0.0,-0.67265796906774,0.739953550332494));
#18639=DIRECTION('',(0.0,-0.805717301899507,0.592300286526842));
#18640=DIRECTION('',(0.0,-0.914510059158166,0.40456316156878));
#18641=DIRECTION('',(0.0,-0.974775381417491,0.223188162281035));
#18642=DIRECTION('',(0.0,-1.0,0.0));
#18643=DIRECTION('',(0.0,-0.976069005412299,-0.217461023343138));
#18644=DIRECTION('',(0.0,-0.913354560487194,-0.407165134604186));
#18645=DIRECTION('',(0.0,-0.806451194972073,-0.591300659671639));
#18646=DIRECTION('',(0.0,-0.66706654293031,-0.74499813912721));
#18647=DIRECTION('',(0.0,-0.564412444392363,-0.825492939167282));
#18648=DIRECTION('',(0.0,-0.405255450122098,-0.914203489463006));
#18649=DIRECTION('',(0.0,-0.283287064865427,-0.959035160398164));
#18650=DIRECTION('',(0.0,0.99388385587836,-0.110430435226724));
#18651=DIRECTION('',(0.0,0.519425496251481,0.854515742303149));
#18652=DIRECTION('',(0.0,0.767009362557067,0.641635907466066));
#18653=DIRECTION('',(0.0,0.910792791019128,0.412863769090467));
#18654=DIRECTION('',(0.0,1.0,0.0));
#18655=DIRECTION('',(0.0,0.913118711748464,-0.407693780005074));
#18656=DIRECTION('',(0.0,0.770629882564173,-0.637282970193876));
#18657=DIRECTION('',(0.0,0.513523523730587,-0.858075515660085));
#18658=DIRECTION('',(0.0,0.345098340561849,-0.938566532186961));
#18659=DIRECTION('',(0.0,0.0,-1.0));
#18660=DIRECTION('',(0.0,-0.345196666617178,-0.938530373166681));
#18661=DIRECTION('',(0.0,-0.516416007558793,-0.856337846376672));
#18662=DIRECTION('',(0.0,-0.76618418480523,-0.642621035256663));
#18663=DIRECTION('',(0.0,-0.909139965013046,-0.416490725006065));
#18664=DIRECTION('',(0.0,-1.0,0.0));
#18665=DIRECTION('',(0.0,-0.936591904283409,0.350422038163666));
#18666=DIRECTION('',(0.0,-0.767423537367099,0.641140479376376));
#18667=DIRECTION('',(0.0,-0.502716671855872,0.86445124086796));
#18668=DIRECTION('',(0.0,-1.0,0.0));
#18669=CARTESIAN_POINT('',(-0.03,6.58500000000015,13.8249999999924));
#18670=DIRECTION('',(-1.0,0.0,0.0));
#18671=DIRECTION('',(0.0,0.0,1.0));
#18672=DIRECTION('',(0.0,-1.0,0.0));
#18673=CARTESIAN_POINT('',(-0.03,4.39145299145315,13.8249999999924));
#18674=DIRECTION('',(-1.0,0.0,0.0));
#18675=DIRECTION('',(0.0,-1.0,0.0));
#18676=DIRECTION('',(0.0,0.0,-1.0));
#18677=CARTESIAN_POINT('',(-0.03,4.39145299145315,11.5749999999997));
#18678=DIRECTION('',(-1.0,0.0,0.0));
#18679=DIRECTION('',(0.0,0.0,-1.0));
#18680=DIRECTION('',(0.0,1.0,0.0));
#18681=CARTESIAN_POINT('',(-0.03,6.58500000000015,11.5749999999997));
#18682=DIRECTION('',(-1.0,0.0,0.0));
#18683=DIRECTION('',(0.0,1.0,0.0));
#18684=DIRECTION('',(0.0,0.0,-1.0));
#18685=DIRECTION('',(0.0,1.0,0.0));
#18686=DIRECTION('',(0.0,0.332093558689187,0.9432464515052));
#18687=DIRECTION('',(0.0,0.332093558689172,-0.943246451505205));
#18688=DIRECTION('',(0.0,1.0,0.0));
#18689=DIRECTION('',(0.0,0.0,1.0));
#18690=DIRECTION('',(0.0,-1.0,0.0));
#18691=DIRECTION('',(0.0,0.0,-1.0));
#18692=DIRECTION('',(0.0,-0.326645341923616,0.945146983595464));
#18693=DIRECTION('',(0.0,-1.0,0.0));
#18694=DIRECTION('',(0.0,-0.326645341923616,-0.945146983595464));
#18695=DIRECTION('',(0.0,0.0,1.0));
#18696=DIRECTION('',(0.0,-1.0,0.0));
#18697=DIRECTION('',(0.0,0.0,-1.0));
#18698=DIRECTION('',(0.0,0.126654809815325,0.991946852986915));
#18699=DIRECTION('',(0.0,0.668869433509686,0.743379903492441));
#18700=DIRECTION('',(0.0,0.871290216647893,0.490768130967842));
#18701=DIRECTION('',(0.0,0.963946240457021,0.266097060315921));
#18702=DIRECTION('',(0.0,0.982733359275407,0.185027415717981));
#18703=DIRECTION('',(0.0,0.999999944501073,0.000333163399785808));
#18704=DIRECTION('',(0.0,0.990599975603919,-0.136790673415681));
#18705=DIRECTION('',(0.0,0.936615137016952,-0.350359936509179));
#18706=DIRECTION('',(0.0,0.87296141891126,-0.487789258894084));
#18707=DIRECTION('',(0.0,0.558230947947926,-0.829685608380162));
#18708=DIRECTION('',(0.0,0.287350521808699,-0.957825494344491));
#18709=DIRECTION('',(0.0,-0.216483056695778,-0.976286375078364));
#18710=DIRECTION('',(0.0,-0.665459539059792,-0.746433923314268));
#18711=DIRECTION('',(0.0,-0.922474905976108,-0.38605705257691));
#18712=DIRECTION('',(0.0,-0.957248752324026,-0.289266012822272));
#18713=DIRECTION('',(0.0,-0.913834158649645,-0.40608758967136));
#18714=DIRECTION('',(0.0,-0.803565698850524,-0.595216068021411));
#18715=DIRECTION('',(0.0,-0.802192477318842,-0.597065515109573));
#18716=DIRECTION('',(0.0,-0.479078096117391,-0.877772281301099));
#18717=DIRECTION('',(0.0,-0.181035492327285,-0.983476563278362));
#18718=DIRECTION('',(0.0,0.026856249914334,-0.999639305870142));
#18719=DIRECTION('',(0.0,0.290121884904922,-0.956989703131238));
#18720=DIRECTION('',(0.0,0.520373967315267,-0.85393848381518));
#18721=DIRECTION('',(0.0,0.584238842145638,-0.811581773654586));
#18722=DIRECTION('',(0.0,0.733443078505004,-0.679750873918602));
#18723=DIRECTION('',(0.0,0.872716154804182,-0.488227931548169));
#18724=DIRECTION('',(0.0,0.940325117367752,-0.340277348125502));
#18725=DIRECTION('',(0.0,0.982945437954359,-0.183897433382613));
#18726=DIRECTION('',(0.0,1.0,0.0));
#18727=DIRECTION('',(0.0,0.982712226536287,0.185139622490956));
#18728=DIRECTION('',(0.0,0.954069876397716,0.299584163383926));
#18729=DIRECTION('',(0.0,0.913339284459304,0.407199400126481));
#18730=DIRECTION('',(0.0,0.735535752880881,0.6774859085132));
#18731=DIRECTION('',(0.0,0.470019139181097,0.882656223454784));
#18732=DIRECTION('',(0.0,0.25307258507316,0.96744729400851));
#18733=DIRECTION('',(0.0,-0.999997525038775,-0.00222484074158591));
#18734=DIRECTION('',(0.0,-0.338552760175308,-0.94094741010201));
#18735=DIRECTION('',(0.0,-0.74828955670623,-0.663372247930522));
#18736=DIRECTION('',(0.0,-0.936682085359556,-0.350180911767723));
#18737=DIRECTION('',(0.0,-0.983282331004883,-0.182087499663221));
#18738=DIRECTION('',(0.0,-1.0,0.0));
#18739=DIRECTION('',(0.0,-0.983895084333585,0.178746924516783));
#18740=DIRECTION('',(0.0,-0.936149591977468,0.351601964500228));
#18741=DIRECTION('',(0.0,-0.804928962874261,0.593371186295869));
#18742=DIRECTION('',(0.0,-0.670777996807864,0.741658195531088));
#18743=DIRECTION('',(0.0,-0.214570396702064,0.976708526050182));
#18744=DIRECTION('',(0.0,-0.0070865070968859,0.999974890393337));
#18745=DIRECTION('',(0.0,0.409038920110854,0.912516937834332));
#18746=DIRECTION('',(0.0,0.848621369853127,0.529000728381921));
#18747=DIRECTION('',(0.0,0.951631457366378,0.307241874344535));
#18748=DIRECTION('',(0.0,0.938174037547814,0.346163942765899));
#18749=DIRECTION('',(0.0,0.912854233545283,0.408285620979301));
#18750=DIRECTION('',(0.0,0.802798890775039,0.59624989808835));
#18751=DIRECTION('',(0.0,0.517540636545125,0.855658629083156));
#18752=DIRECTION('',(0.0,0.176054415446334,0.984380436011327));
#18753=DIRECTION('',(0.0,-0.149113457326091,0.988820093264826));
#18754=DIRECTION('',(0.0,-0.336300889877929,0.941754591954461));
#18755=DIRECTION('',(0.0,-0.555322968274149,0.831634776153083));
#18756=DIRECTION('',(0.0,-0.747931442594648,0.663775984183135));
#18757=DIRECTION('',(0.0,-0.903626929627398,0.428320408166786));
#18758=DIRECTION('',(0.0,-0.962585553267005,0.270977956006858));
#18759=DIRECTION('',(0.0,-1.0,0.0));
#18760=DIRECTION('',(0.0,-0.976167169926539,-0.217019944607891));
#18761=DIRECTION('',(0.0,-0.963240979830038,-0.26863881844601));
#18762=DIRECTION('',(0.0,-0.748457102992157,-0.663183206196136));
#18763=DIRECTION('',(0.0,-0.543762477047058,-0.839239160523178));
#18764=DIRECTION('',(0.0,1.0,0.0));
#18765=DIRECTION('',(0.0,-1.0,0.0));
#18766=DIRECTION('',(0.0,0.0,-1.0));
#18767=DIRECTION('',(0.0,1.0,0.0));
#18768=DIRECTION('',(0.0,1.0,0.0));
#18769=DIRECTION('',(0.0,0.0,-1.0));
#18770=DIRECTION('',(-1.0,0.0,0.0));
#18771=DIRECTION('',(-1.0,0.0,0.0));
#18772=DIRECTION('',(0.0,-0.872241913265095,-0.489074682174048));
#18773=DIRECTION('',(-1.0,0.0,0.0));
#18774=DIRECTION('',(-1.0,0.0,0.0));
#18775=DIRECTION('',(0.0,-2.8591080575135E-05,-0.999999999591275));
#18776=DIRECTION('',(-1.0,0.0,0.0));
#18777=DIRECTION('',(0.0,2.8591080575135E-05,0.999999999591275));
#18778=DIRECTION('',(-1.0,0.0,0.0));
#18779=DIRECTION('',(0.0,1.0,0.0));
#18780=DIRECTION('',(0.0,0.0,1.0));
#18781=DIRECTION('',(0.0,-1.0,0.0));
#18782=DIRECTION('',(0.0,1.0,0.0));
#18783=DIRECTION('',(0.0,0.0,1.0));
#18784=DIRECTION('',(0.0,1.0,0.0));
#18785=CARTESIAN_POINT('',(1.13797860024079E-15,0.200000000000188,9.2));
#18786=DIRECTION('',(-1.0,0.0,0.0));
#18787=DIRECTION('',(0.0,-1.0,0.0));
#18788=DIRECTION('',(0.0,-1.0,0.0));
#18789=DIRECTION('',(0.0,-0.173648177666932,-0.984807753012208));
#18790=DIRECTION('',(0.0,0.866025403784436,-0.500000000000004));
#18791=DIRECTION('',(0.0,-0.0436193873653321,-0.999048221581858));
#18792=CARTESIAN_POINT('',(1.13797860024079E-15,0.924204055632516,14.8));
#18793=DIRECTION('',(-1.0,0.0,0.0));
#18794=DIRECTION('',(0.0,-0.999048221581857,0.0436193873653437));
#18795=CARTESIAN_POINT('',(1.13797860024079E-15,8.24759791744796,14.4));
#18796=DIRECTION('',(1.0,0.0,-0.0));
#18797=DIRECTION('',(0.0,0.999048221581857,0.0436193873653412));
#18798=DIRECTION('',(0.0,-0.0436193873653413,0.999048221581858));
#18799=DIRECTION('',(0.0,0.0,-1.0));
#18800=DIRECTION('',(0.0,-0.28653898247953,0.95806858393311));
#18801=DIRECTION('',(0.0,0.0,1.0));
#18802=CARTESIAN_POINT('',(1.13797860024079E-15,7.96000000000013,14.0000000000001));
#18803=DIRECTION('',(-1.0,0.0,0.0));
#18804=DIRECTION('',(0.0,0.0,1.0));
#18805=DIRECTION('',(0.0,-1.0,0.0));
#18806=CARTESIAN_POINT('',(1.13797860024079E-15,1.97494014940163,14.0000000000001));
#18807=DIRECTION('',(-1.0,0.0,0.0));
#18808=DIRECTION('',(0.0,-1.0,0.0));
#18809=DIRECTION('',(0.0,0.0,-1.0));
#18810=CARTESIAN_POINT('',(1.13797860024079E-15,1.97494014940163,9.19999999999974));
#18811=DIRECTION('',(-1.0,0.0,0.0));
#18812=DIRECTION('',(0.0,0.0,-1.0));
#18813=DIRECTION('',(0.0,1.0,0.0));
#18814=CARTESIAN_POINT('',(1.13797860024079E-15,7.96000000000013,9.19999999999974));
#18815=DIRECTION('',(-1.0,0.0,0.0));
#18816=DIRECTION('',(0.0,1.0,0.0));
#18817=DIRECTION('',(-1.0,0.0,0.0));
#18818=DIRECTION('',(0.0,-0.282907805824964,0.95914710727985));
#18819=DIRECTION('',(-1.0,0.0,0.0));
#18820=DIRECTION('',(0.0,0.795660074931039,0.605743382267387));
#18821=DIRECTION('',(-1.0,0.0,0.0));
#18822=DIRECTION('',(-1.0,0.0,0.0));
#18823=DIRECTION('',(0.0,0.99998712996625,0.005073450685966));
#18824=DIRECTION('',(-1.0,0.0,0.0));
#18825=DIRECTION('',(-1.0,0.0,0.0));
#18826=DIRECTION('',(0.0,0.67265796906774,-0.739953550332494));
#18827=DIRECTION('',(-1.0,0.0,0.0));
#18828=DIRECTION('',(-1.0,0.0,0.0));
#18829=DIRECTION('',(0.0,-1.0,0.0));
#18830=DIRECTION('',(1.0,0.0,0.0));
#18831=DIRECTION('',(0.0,0.0,-1.0));
#18832=DIRECTION('',(-1.0,0.0,0.0));
#18833=DIRECTION('',(0.0,1.0,0.0));
#18834=DIRECTION('',(-1.0,0.0,0.0));
#18835=DIRECTION('',(-1.0,0.0,0.0));
#18836=DIRECTION('',(0.0,0.122225164470614,-0.992502397563921));
#18837=DIRECTION('',(-1.0,0.0,0.0));
#18838=DIRECTION('',(-1.0,0.0,0.0));
#18839=DIRECTION('',(0.0,1.0,0.0));
#18840=DIRECTION('',(-1.0,0.0,0.0));
#18841=DIRECTION('',(-1.0,0.0,0.0));
#18842=DIRECTION('',(0.0,0.00803553520436682,-0.999967714565815));
#18843=DIRECTION('',(-1.0,0.0,0.0));
#18844=DIRECTION('',(-1.0,0.0,0.0));
#18845=DIRECTION('',(0.0,0.0,-1.0));
#18846=DIRECTION('',(-1.0,0.0,0.0));
#18847=DIRECTION('',(0.0,0.0,1.0));
#18848=DIRECTION('',(-1.0,0.0,0.0));
#18849=DIRECTION('',(-1.0,0.0,0.0));
#18850=DIRECTION('',(1.0,0.0,0.0));
#18851=DIRECTION('',(0.0,-1.15656936595124E-13,-1.0));
#18852=DIRECTION('',(0.0,-0.000509978956708373,0.999999869960723));
#18853=DIRECTION('',(-1.0,0.0,0.0));
#18854=DIRECTION('',(0.0,0.000509978956708373,-0.999999869960723));
#18855=DIRECTION('',(-1.0,0.0,0.0));
#18856=DIRECTION('',(0.0,-0.514499538507407,0.857490655853266));
#18857=DIRECTION('',(-1.0,0.0,0.0));
#18858=DIRECTION('',(-1.0,0.0,0.0));
#18859=DIRECTION('',(0.0,-0.00294119316081523,0.999995674682041));
#18860=DIRECTION('',(-1.0,0.0,0.0));
#18861=DIRECTION('',(0.0,0.00294119316081523,-0.999995674682041));
#18862=DIRECTION('',(-1.0,0.0,0.0));
#18863=DIRECTION('',(0.0,-0.556594013989422,0.830784631292096));
#18864=DIRECTION('',(-1.0,0.0,0.0));
#18865=DIRECTION('',(0.0,0.556594013989422,-0.830784631292096));
#18866=DIRECTION('',(-1.0,0.0,0.0));
#18867=DIRECTION('',(0.0,-0.99388385587836,0.110430435226724));
#18868=DIRECTION('',(-1.0,0.0,0.0));
#18869=DIRECTION('',(0.0,0.543762477047058,0.839239160523178));
#18870=DIRECTION('',(-1.0,0.0,0.0));
#18871=DIRECTION('',(0.0,0.186468925710062,-0.982460859141236));
#18872=DIRECTION('',(-1.0,0.0,0.0));
#18873=DIRECTION('',(0.0,0.66706654293031,0.74499813912721));
#18874=DIRECTION('',(0.0,0.806451194972073,0.591300659671639));
#18875=DIRECTION('',(0.0,0.913354560487194,0.407165134604186));
#18876=DIRECTION('',(0.0,0.976069005412299,0.217461023343138));
#18877=DIRECTION('',(0.0,1.0,0.0));
#18878=DIRECTION('',(0.0,0.974775381417491,-0.223188162281035));
#18879=DIRECTION('',(0.0,0.914510059158166,-0.40456316156878));
#18880=DIRECTION('',(0.0,0.805717301899507,-0.592300286526842));
#18881=DIRECTION('',(0.0,0.559974906788702,-0.828509567697914));
#18882=DIRECTION('',(0.0,0.405137917681003,-0.914255581146268));
#18883=DIRECTION('',(0.0,0.288687872010496,-0.957423267188578));
#18884=DIRECTION('',(0.0,0.0,-1.0));
#18885=DIRECTION('',(0.0,-0.292047643523125,-0.956403771381413));
#18886=DIRECTION('',(0.0,-0.40289046813132,-0.91524820168571));
#18887=DIRECTION('',(0.0,-0.560517431619582,-0.828142625910892));
#18888=DIRECTION('',(0.0,-0.668031158549448,-0.744133302041431));
#18889=DIRECTION('',(0.0,-0.914733518733941,-0.404057656411338));
#18890=DIRECTION('',(0.0,-0.976187519564087,-0.216928390597716));
#18891=DIRECTION('',(0.0,-1.0,0.0));
#18892=DIRECTION('',(0.0,-0.938251556544256,0.345953778187609));
#18893=DIRECTION('',(0.0,-0.825637238349521,0.56420133875291));
#18894=DIRECTION('',(0.0,1.0,0.0));
#18895=DIRECTION('',(0.0,0.0,-1.0));
#18896=DIRECTION('',(0.0,-1.0,0.0));
#18897=DIRECTION('',(0.0,-0.12199417372076,0.99253081643755));
#18898=DIRECTION('',(0.0,1.0,0.0));
#18899=DIRECTION('',(0.0,0.502716671855872,-0.86445124086796));
#18900=DIRECTION('',(0.0,0.767423537367099,-0.641140479376376));
#18901=DIRECTION('',(0.0,0.936591904283409,-0.350422038163666));
#18902=DIRECTION('',(0.0,1.0,0.0));
#18903=DIRECTION('',(0.0,0.909139965013046,0.416490725006065));
#18904=DIRECTION('',(0.0,0.76618418480523,0.642621035256663));
#18905=DIRECTION('',(0.0,0.516416007558793,0.856337846376672));
#18906=DIRECTION('',(0.0,0.345196666617178,0.938530373166681));
#18907=DIRECTION('',(0.0,0.0,1.0));
#18908=DIRECTION('',(0.0,-0.345098340561849,0.938566532186961));
#18909=DIRECTION('',(0.0,-0.513523523730587,0.858075515660085));
#18910=DIRECTION('',(0.0,-0.770629882564173,0.637282970193876));
#18911=DIRECTION('',(0.0,-0.913118711748464,0.407693780005074));
#18912=DIRECTION('',(0.0,-1.0,0.0));
#18913=DIRECTION('',(0.0,-0.910792791019128,-0.412863769090467));
#18914=DIRECTION('',(0.0,-0.767009362557067,-0.641635907466066));
#18915=DIRECTION('',(0.0,-0.519425496251481,-0.854515742303149));
#18916=DIRECTION('',(0.0,0.283287064865427,0.959035160398164));
#18917=DIRECTION('',(0.0,0.405255450122098,0.914203489463006));
#18918=DIRECTION('',(0.0,0.564412444392363,0.825492939167282));
#18919=DIRECTION('',(0.0,-0.977982290326064,0.208687900484399));
#18920=DIRECTION('',(-1.0,0.0,0.0));
#18921=DIRECTION('',(0.0,0.977982290326064,-0.208687900484399));
#18922=DIRECTION('',(-1.0,0.0,0.0));
#18923=DIRECTION('',(-1.0,0.0,0.0));
#18924=DIRECTION('',(-1.0,0.0,0.0));
#18925=DIRECTION('',(0.0,-0.505773866846681,-0.862666097406729));
#18926=DIRECTION('',(-1.0,0.0,0.0));
#18927=DIRECTION('',(0.0,0.0,-1.0));
#18928=DIRECTION('',(-1.0,0.0,0.0));
#18929=DIRECTION('',(0.0,0.0,1.0));
#18930=DIRECTION('',(0.0,-0.768224428049024,0.640180621503612));
#18931=DIRECTION('',(0.0,0.768224428049024,-0.640180621503612));
#18932=DIRECTION('',(1.0,0.0,0.0));
#18933=DIRECTION('',(1.0,0.0,0.0));
#18934=DIRECTION('',(-1.0,0.0,0.0));
#18935=DIRECTION('',(1.0,0.0,0.0));
#18936=DIRECTION('',(-1.0,1.11022302462516E-16,-1.57772181044203E-30));
#18937=DIRECTION('',(0.0,-1.0,1.4210854715202E-14));
#18938=CARTESIAN_POINT('',(2.5,5.27000000000017,12.0186751345947));
#18939=DIRECTION('',(0.0,-0.0,1.0));
#18940=DIRECTION('',(0.0,1.0,0.0));
#18941=DIRECTION('',(0.0,-1.0,0.0));
#18942=DIRECTION('',(-1.0,0.0,0.0));
#18943=DIRECTION('',(-1.0,0.0,0.0));
#18944=DIRECTION('',(0.0,0.544124519283799,-0.8390044740728));
#18945=DIRECTION('',(-1.0,0.0,0.0));
#18946=DIRECTION('',(-1.0,0.0,0.0));
#18947=DIRECTION('',(0.0,0.556817396927077,0.830634929725059));
#18948=DIRECTION('',(-1.0,0.0,0.0));
#18949=DIRECTION('',(0.0,-0.556817396927077,-0.830634929725059));
#18950=DIRECTION('',(-1.0,0.0,0.0));
#18951=DIRECTION('',(0.0,-0.184290315363979,-0.982871853123817));
#18952=DIRECTION('',(0.0,0.28340858455125,-0.958999256622578));
#18953=DIRECTION('',(-1.0,0.0,0.0));
#18954=DIRECTION('',(-1.0,0.0,0.0));
#18955=DIRECTION('',(-1.0,0.0,0.0));
#18956=DIRECTION('',(-1.0,0.0,0.0));
#18957=DIRECTION('',(0.0,0.279100756421644,-0.960261822507209));
#18958=DIRECTION('',(-1.0,0.0,0.0));
#18959=DIRECTION('',(0.0,-1.0,0.0));
#18960=DIRECTION('',(-1.0,0.0,0.0));
#18961=DIRECTION('',(-1.0,0.0,0.0));
#18962=DIRECTION('',(-1.0,0.0,0.0));
#18963=DIRECTION('',(1.0,0.0,0.0));
#18964=DIRECTION('',(0.0,2.34193125848361E-13,1.0));
#18965=DIRECTION('',(0.0,0.619079793498818,-0.785328090215459));
#18966=DIRECTION('',(-1.0,0.0,0.0));
#18967=DIRECTION('',(-1.0,0.0,0.0));
#18968=DIRECTION('',(1.0,0.0,0.0));
#18969=DIRECTION('',(1.0,0.0,0.0));
#18970=DIRECTION('',(0.0,2.34193125848361E-13,1.0));
#18971=DIRECTION('',(0.0,0.0,-1.0));
#18972=DIRECTION('',(0.0,0.999999715530566,0.000754280311446328));
#18973=DIRECTION('',(0.0,-0.999999715530566,-0.000754280311446328));
#18974=DIRECTION('',(-1.0,0.0,0.0));
#18975=DIRECTION('',(-0.326633135958313,0.0,-0.945151201921702));
#18976=DIRECTION('',(1.0,0.0,6.12323293943686E-17));
#18977=DIRECTION('',(0.0,0.506204333709597,-0.862413573950238));
#18978=DIRECTION('',(-1.0,0.0,0.0));
#18979=DIRECTION('',(-1.0,0.0,0.0));
#18980=DIRECTION('',(-1.0,0.0,0.0));
#18981=DIRECTION('',(-1.0,0.0,0.0));
#18982=DIRECTION('',(-1.0,0.0,0.0));
#18983=DIRECTION('',(-1.0,0.0,0.0));
#18984=DIRECTION('',(0.0,0.0,1.0));
#18985=DIRECTION('',(-1.0,0.0,0.0));
#18986=DIRECTION('',(-1.0,0.0,0.0));
#18987=DIRECTION('',(1.0,0.0,0.0));
#18988=DIRECTION('',(0.0,-1.0,0.0));
#18989=DIRECTION('',(0.0,-0.287142642945643,0.957887834040182));
#18990=DIRECTION('',(0.0,0.287142642945643,-0.957887834040182));
#18991=DIRECTION('',(-1.0,0.0,0.0));
#18992=DIRECTION('',(0.0,1.0,0.0));
#18993=DIRECTION('',(-1.0,0.0,0.0));
#18994=DIRECTION('',(-1.0,0.0,0.0));
#18995=DIRECTION('',(-1.0,0.0,0.0));
#18996=DIRECTION('',(0.0,-0.809109906211275,0.587657348861377));
#18997=DIRECTION('',(-1.0,0.0,0.0));
#18998=DIRECTION('',(0.0,0.809109906211275,-0.587657348861377));
#18999=DIRECTION('',(-1.0,0.0,0.0));
#19000=DIRECTION('',(0.0,1.0,0.0));
#19001=DIRECTION('',(0.0,-1.0,0.0));
#19002=DIRECTION('',(-1.0,0.0,0.0));
#19003=DIRECTION('',(1.0,-1.11022302462516E-16,1.57772181044203E-30));
#19004=DIRECTION('',(-1.0,0.0,0.0));
#19005=DIRECTION('',(0.0,-1.0,1.4210854715202E-14));
#19006=DIRECTION('',(-1.0,0.0,0.0));
#19007=DIRECTION('',(-1.0,0.0,0.0));
#19008=DIRECTION('',(0.0,-0.963946240457021,-0.266097060315921));
#19009=DIRECTION('',(-1.0,0.0,0.0));
#19010=DIRECTION('',(-1.0,0.0,0.0));
#19011=DIRECTION('',(0.0,-0.520030436195019,0.85414773044879));
#19012=DIRECTION('',(0.0,0.520030436195019,-0.85414773044879));
#19013=DIRECTION('',(0.0,-1.0,0.0));
#19014=DIRECTION('',(0.0,0.671342596124696,-0.741147163948263));
#19015=DIRECTION('',(-1.0,0.0,0.0));
#19016=DIRECTION('',(-1.0,0.0,0.0));
#19017=DIRECTION('',(0.0,1.0,0.0));
#19018=DIRECTION('',(1.0,0.0,6.12323293943686E-17));
#19019=DIRECTION('',(-0.326633135958313,0.0,-0.945151201921702));
#19020=DIRECTION('',(0.0,0.961592072870002,-0.274482577577473));
#19021=DIRECTION('',(-1.0,0.0,0.0));
#19022=DIRECTION('',(0.0,0.790573889383842,-0.612366659301847));
#19023=DIRECTION('',(-1.0,0.0,0.0));
#19024=DIRECTION('',(-1.0,0.0,0.0));
#19025=CARTESIAN_POINT('',(-0.03,5.31800199993625,12.8927136819089));
#19026=DIRECTION('',(-1.0,-0.0,0.0));
#19027=DIRECTION('',(0.0,-0.00999272394949704,-0.999950071487606));
#19028=CARTESIAN_POINT('',(1.13797860024079E-15,5.31800199993625,12.8927136819089));
#19029=DIRECTION('',(-1.0,-0.0,0.0));
#19030=DIRECTION('',(0.0,-0.00999272394949704,-0.999950071487606));
#19031=DIRECTION('',(-1.0,0.0,0.0));
#19032=DIRECTION('',(0.0,0.964442182914719,0.26429391936761));
#19033=DIRECTION('',(-1.0,0.0,0.0));
#19034=DIRECTION('',(-1.0,0.0,0.0));
#19035=CARTESIAN_POINT('',(2.5,5.27000000000017,13.9000000000001));
#19036=DIRECTION('',(0.0,-0.0,1.0));
#19037=DIRECTION('',(0.0,1.0,0.0));
#19038=CARTESIAN_POINT('',(2.5,5.27000000000018,12.099999999999));
#19039=DIRECTION('',(0.0,-0.0,1.0));
#19040=DIRECTION('',(0.923076923076923,0.384615384615385,0.0));
#19041=DIRECTION('',(0.0,0.0,1.0));
#19042=CARTESIAN_POINT('',(-0.03,5.31112377334595,13.3419912414038));
#19043=DIRECTION('',(-1.0,0.0,0.0));
#19044=DIRECTION('',(0.0,1.0,0.0));
#19045=CARTESIAN_POINT('',(-0.03,5.53532921810695,12.8878637464856));
#19046=DIRECTION('',(-1.0,-0.0,0.0));
#19047=DIRECTION('',(0.0,-0.442692930108904,-0.896673279200174));
#19048=CARTESIAN_POINT('',(-0.03,5.31112377334595,12.4337362515674));
#19049=DIRECTION('',(-1.0,0.0,0.0));
#19050=DIRECTION('',(0.0,0.442692930109189,0.896673279200033));
#19051=CARTESIAN_POINT('',(2.5,18.0700000000002,3.74499999999898));
#19052=DIRECTION('',(0.0,1.0,0.0));
#19053=DIRECTION('',(0.725982370620028,0.0,-0.687713310580016));
#19054=CARTESIAN_POINT('',(2.5,18.0700000000002,3.73));
#19055=DIRECTION('',(0.0,1.0,0.0));
#19056=DIRECTION('',(0.0,0.0,-1.0));
#19057=DIRECTION('',(0.0,-0.255515307811431,0.966805010058403));
#19058=DIRECTION('',(-1.0,0.0,0.0));
#19059=DIRECTION('',(-1.0,0.0,0.0));
#19060=CARTESIAN_POINT('',(1.13797860024079E-15,5.31112377334595,12.4337362515674));
#19061=DIRECTION('',(-1.0,0.0,0.0));
#19062=DIRECTION('',(0.0,0.442692930109189,0.896673279200033));
#19063=DIRECTION('',(0.0,0.0,-1.0));
#19064=CARTESIAN_POINT('',(1.13797860024079E-15,5.53532921810695,12.8878637464856));
#19065=DIRECTION('',(-1.0,-0.0,0.0));
#19066=DIRECTION('',(0.0,-0.442692930108904,-0.896673279200174));
#19067=DIRECTION('',(0.0,-0.24495468482391,-0.969534528721293));
#19068=DIRECTION('',(-1.0,0.0,0.0));
#19069=DIRECTION('',(-1.0,0.0,0.0));
#19070=DIRECTION('',(-1.0,0.0,0.0));
#19071=DIRECTION('',(-1.0,0.0,0.0));
#19072=DIRECTION('',(0.0,-1.0,0.0));
#19073=DIRECTION('',(0.0,0.0,1.0));
#19074=DIRECTION('',(0.0,1.0,0.0));
#19075=DIRECTION('',(0.0,0.0,1.0));
#19076=DIRECTION('',(1.0,0.0,0.0));
#19077=DIRECTION('',(-1.0,0.0,0.0));
#19078=DIRECTION('',(-1.0,0.0,0.0));
#19079=DIRECTION('',(0.0,-1.0,2.34193125848361E-13));
#19080=DIRECTION('',(0.0,1.0,-2.34193125848361E-13));
#19081=DIRECTION('',(0.0,0.963240979830038,0.26863881844601));
#19082=DIRECTION('',(-1.0,0.0,0.0));
#19083=DIRECTION('',(0.0,0.976167169926539,0.217019944607891));
#19084=DIRECTION('',(-1.0,0.0,0.0));
#19085=DIRECTION('',(0.0,1.0,0.0));
#19086=DIRECTION('',(-1.0,0.0,0.0));
#19087=DIRECTION('',(0.0,0.962585553267005,-0.270977956006858));
#19088=DIRECTION('',(-1.0,0.0,0.0));
#19089=DIRECTION('',(0.0,0.903626929627398,-0.428320408166786));
#19090=DIRECTION('',(-1.0,0.0,0.0));
#19091=DIRECTION('',(0.0,0.747931442594648,-0.663775984183135));
#19092=DIRECTION('',(-1.0,0.0,0.0));
#19093=DIRECTION('',(0.0,0.0,-1.0));
#19094=DIRECTION('',(-1.0,0.0,0.0));
#19095=DIRECTION('',(0.0,1.0,0.0));
#19096=DIRECTION('',(0.0,0.0,1.0));
#19097=CARTESIAN_POINT('',(0.450000000000004,0.200000000000188,9.2));
#19098=DIRECTION('',(-1.0,0.0,0.0));
#19099=DIRECTION('',(0.0,-1.0,0.0));
#19100=DIRECTION('',(1.0,0.0,0.0));
#19101=DIRECTION('',(0.0,-1.0,0.0));
#19102=DIRECTION('',(-1.0,0.0,0.0));
#19103=DIRECTION('',(0.0,1.0,-2.34193125848361E-13));
#19104=DIRECTION('',(0.0,-1.0,2.34193125848361E-13));
#19105=DIRECTION('',(1.0,-1.11022302462516E-16,0.0));
#19106=DIRECTION('',(-1.0,1.11022302462516E-16,0.0));
#19107=DIRECTION('',(0.0,-4.32978028117747E-17,1.0));
#19108=DIRECTION('',(0.0,0.866317651232676,-0.499493470590657));
#19109=DIRECTION('',(-1.0,0.0,0.0));
#19110=DIRECTION('',(0.0,0.938497418264927,-0.345286252130122));
#19111=DIRECTION('',(-1.0,0.0,0.0));
#19112=CARTESIAN_POINT('',(1.13797860024079E-15,5.53532921810695,12.8878637464856));
#19113=DIRECTION('',(-1.0,0.0,0.0));
#19114=DIRECTION('',(0.0,1.0,0.0));
#19115=DIRECTION('',(-1.0,0.0,0.0));
#19116=CARTESIAN_POINT('',(-0.03,5.53532921810695,12.8878637464856));
#19117=DIRECTION('',(-1.0,0.0,0.0));
#19118=DIRECTION('',(0.0,1.0,0.0));
#19119=DIRECTION('',(0.0,-0.999999638435608,-0.000850369715504003));
#19120=DIRECTION('',(-1.0,0.0,0.0));
#19121=DIRECTION('',(0.0,0.999999638435608,0.000850369715504003));
#19122=DIRECTION('',(0.0,0.999999999767875,2.15464389789886E-05));
#19123=DIRECTION('',(0.0,0.221429860492947,-0.975176300410379));
#19124=DIRECTION('',(0.0,-0.223890889193232,-0.974614215849668));
#19125=DIRECTION('',(0.0,-0.765947226601512,-0.642903450030758));
#19126=DIRECTION('',(0.0,-0.97814726272067,-0.20791328103818));
#19127=DIRECTION('',(0.0,0.0,1.0));
#19128=DIRECTION('',(-1.0,0.0,0.0));
#19129=DIRECTION('',(1.0,0.0,0.0));
#19130=DIRECTION('',(-1.0,0.0,0.0));
#19131=DIRECTION('',(-1.0,0.0,0.0));
#19132=DIRECTION('',(1.0,0.0,0.0));
#19133=DIRECTION('',(-0.0871557427476582,-0.996194698091746,1.41567781226363E-14));
#19134=DIRECTION('',(-1.0,0.0,0.0));
#19135=DIRECTION('',(-1.0,0.0,0.0));
#19136=DIRECTION('',(0.0,-0.665321028571982,0.746557384894102));
#19137=DIRECTION('',(-1.0,0.0,0.0));
#19138=DIRECTION('',(0.0,-0.174781147866687,0.984607307686878));
#19139=DIRECTION('',(-1.0,0.0,0.0));
#19140=DIRECTION('',(-1.0,0.0,0.0));
#19141=DIRECTION('',(-1.0,0.0,0.0));
#19142=DIRECTION('',(0.0,1.0,0.0));
#19143=DIRECTION('',(0.0,-4.32978028117733E-17,1.0));
#19144=DIRECTION('',(0.0,-1.0,0.0));
#19145=DIRECTION('',(-1.0,0.0,0.0));
#19146=CARTESIAN_POINT('',(1.13797860024079E-15,5.75953466286795,12.4337362515674));
#19147=DIRECTION('',(-1.0,0.0,0.0));
#19148=DIRECTION('',(0.0,-1.0,0.0));
#19149=DIRECTION('',(0.0,-0.999999999767875,-2.15464389789886E-05));
#19150=CARTESIAN_POINT('',(1.13797860024079E-15,6.58500000000015,13.8249999999924));
#19151=DIRECTION('',(-1.0,0.0,0.0));
#19152=DIRECTION('',(0.0,0.0,1.0));
#19153=DIRECTION('',(-1.0,0.0,0.0));
#19154=DIRECTION('',(-1.0,0.0,0.0));
#19155=CARTESIAN_POINT('',(1.13797860024079E-15,5.75953466286795,13.3419912414038));
#19156=DIRECTION('',(-1.0,-0.0,0.0));
#19157=DIRECTION('',(0.0,-0.442692930108542,-0.896673279200353));
#19158=DIRECTION('',(-1.0,0.0,0.0));
#19159=CARTESIAN_POINT('',(2.5,5.27000000000017,12.0186751345947));
#19160=DIRECTION('',(0.0,-0.0,1.0));
#19161=DIRECTION('',(0.0,1.0,0.0));
#19162=DIRECTION('',(0.0,-0.610226266476636,0.792227179350712));
#19163=DIRECTION('',(-1.0,0.0,0.0));
#19164=DIRECTION('',(-1.0,0.0,0.0));
#19165=DIRECTION('',(0.0,-0.733092122041454,0.680129355785176));
#19166=DIRECTION('',(-1.0,0.0,0.0));
#19167=DIRECTION('',(0.0,-0.669511531112274,0.742801662429278));
#19168=DIRECTION('',(-1.0,0.0,0.0));
#19169=DIRECTION('',(0.0,0.0,1.0));
#19170=DIRECTION('',(-1.0,0.0,0.0));
#19171=DIRECTION('',(-1.0,0.0,0.0));
#19172=DIRECTION('',(0.0,-0.982733359275407,-0.185027415717981));
#19173=DIRECTION('',(-1.0,0.0,0.0));
#19174=DIRECTION('',(0.0,0.326645341923616,-0.945146983595464));
#19175=DIRECTION('',(-1.0,0.0,0.0));
#19176=DIRECTION('',(-1.0,0.0,0.0));
#19177=DIRECTION('',(0.0,0.922474905976108,0.38605705257691));
#19178=DIRECTION('',(-1.0,0.0,0.0));
#19179=DIRECTION('',(-1.0,0.0,0.0));
#19180=DIRECTION('',(0.0,0.665459539059792,0.746433923314268));
#19181=DIRECTION('',(-1.0,0.0,0.0));
#19182=DIRECTION('',(0.0,0.216483056695778,0.976286375078364));
#19183=DIRECTION('',(-1.0,0.0,0.0));
#19184=DIRECTION('',(0.0,-0.287350521808699,0.957825494344491));
#19185=DIRECTION('',(-1.0,0.0,0.0));
#19186=DIRECTION('',(0.0,-0.558230947947926,0.829685608380162));
#19187=DIRECTION('',(-1.0,0.0,0.0));
#19188=DIRECTION('',(0.0,-0.87296141891126,0.487789258894084));
#19189=DIRECTION('',(-1.0,0.0,0.0));
#19190=DIRECTION('',(0.0,-0.936615137016952,0.350359936509179));
#19191=DIRECTION('',(-1.0,0.0,0.0));
#19192=DIRECTION('',(0.0,0.0,1.0));
#19193=DIRECTION('',(-1.0,0.0,0.0));
#19194=DIRECTION('',(0.0,-0.126654809815325,-0.991946852986915));
#19195=DIRECTION('',(-1.0,0.0,0.0));
#19196=DIRECTION('',(0.0,0.326645341923616,0.945146983595464));
#19197=DIRECTION('',(-1.0,0.0,0.0));
#19198=DIRECTION('',(-1.0,0.0,0.0));
#19199=DIRECTION('',(0.0,-1.0,0.0));
#19200=DIRECTION('',(-1.0,0.0,0.0));
#19201=DIRECTION('',(-1.0,0.0,0.0));
#19202=DIRECTION('',(0.0,0.0,1.0));
#19203=DIRECTION('',(-1.0,0.0,0.0));
#19204=DIRECTION('',(0.0,1.0,0.0));
#19205=DIRECTION('',(-1.0,0.0,0.0));
#19206=DIRECTION('',(0.0,0.0,-1.0));
#19207=DIRECTION('',(0.0,-0.999999944501073,-0.000333163399785808));
#19208=DIRECTION('',(-1.0,0.0,0.0));
#19209=DIRECTION('',(0.0,0.957248752324026,0.289266012822272));
#19210=DIRECTION('',(-1.0,0.0,0.0));
#19211=DIRECTION('',(0.0,0.913834158649645,0.40608758967136));
#19212=DIRECTION('',(-1.0,0.0,0.0));
#19213=DIRECTION('',(0.0,0.803565698850524,0.595216068021411));
#19214=DIRECTION('',(-1.0,0.0,0.0));
#19215=DIRECTION('',(0.0,0.802192477318842,0.597065515109573));
#19216=DIRECTION('',(-1.0,0.0,0.0));
#19217=DIRECTION('',(0.0,0.479078096117391,0.877772281301099));
#19218=DIRECTION('',(-1.0,0.0,0.0));
#19219=DIRECTION('',(0.0,0.181035492327285,0.983476563278362));
#19220=DIRECTION('',(-1.0,0.0,0.0));
#19221=DIRECTION('',(-1.0,1.11022302462516E-16,0.0));
#19222=CARTESIAN_POINT('',(2.5,5.27000000000018,11.3300001772836));
#19223=DIRECTION('',(0.0,0.0,-1.0));
#19224=DIRECTION('',(-1.22464679914735E-16,1.0,0.0));
#19225=DIRECTION('',(0.0,1.0,0.0));
#19226=DIRECTION('',(-1.0,0.0,0.0));
#19227=DIRECTION('',(-1.0,0.0,0.0));
#19228=DIRECTION('',(-1.0,0.0,0.0));
#19229=DIRECTION('',(0.0755508581011379,0.863550259614513,0.498570974847002));
#19230=DIRECTION('',(-1.0,0.0,0.0));
#19231=DIRECTION('',(-1.0,0.0,0.0));
#19232=CARTESIAN_POINT('',(2.5,10.5850000000009,3.73));
#19233=DIRECTION('',(0.0,1.0,0.0));
#19234=DIRECTION('',(0.0,0.0,-1.0));
#19235=DIRECTION('',(0.0,1.4210854715202E-14,1.0));
#19236=DIRECTION('',(0.0,4.32978028117733E-17,-1.0));
#19237=DIRECTION('',(-1.0,0.0,0.0));
#19238=DIRECTION('',(-1.0,0.0,0.0));
#19239=DIRECTION('',(-1.0,0.0,0.0));
#19240=DIRECTION('',(0.0,0.483622809516975,-0.875276515230991));
#19241=DIRECTION('',(-1.0,0.0,0.0));
#19242=DIRECTION('',(0.0,0.520100624774495,-0.85410499360979));
#19243=DIRECTION('',(-1.0,0.0,0.0));
#19244=DIRECTION('',(-1.0,0.0,0.0));
#19245=DIRECTION('',(0.0,0.667227088981989,-0.744854356051316));
#19246=DIRECTION('',(-1.0,0.0,0.0));
#19247=DIRECTION('',(0.0,-0.977123904936604,0.212670812293186));
#19248=DIRECTION('',(-1.0,0.0,0.0));
#19249=DIRECTION('',(0.0,0.0,1.0));
#19250=CARTESIAN_POINT('',(2.5,9.74000000000018,3.74499999999898));
#19251=DIRECTION('',(0.0,1.0,0.0));
#19252=DIRECTION('',(0.504380974796539,0.0,-0.86348122866875));
#19253=DIRECTION('',(-1.0,0.0,0.0));
#19254=DIRECTION('',(-1.0,0.0,0.0));
#19255=DIRECTION('',(1.0,0.0,0.0));
#19256=DIRECTION('',(0.0,0.866025403784436,-0.500000000000004));
#19257=DIRECTION('',(-1.0,0.0,0.0));
#19258=DIRECTION('',(0.0,0.512116190933308,0.858916181582324));
#19259=DIRECTION('',(-1.0,0.0,0.0));
#19260=DIRECTION('',(0.0,-0.512116190933308,-0.858916181582324));
#19261=DIRECTION('',(-1.0,0.0,0.0));
#19262=DIRECTION('',(0.0,0.809494488121878,-0.587127476533247));
#19263=DIRECTION('',(0.0,0.0,1.0));
#19264=DIRECTION('',(0.0,-0.998629534754573,0.0523359562429601));
#19265=CARTESIAN_POINT('',(2.5,15.9850000000002,3.73));
#19266=DIRECTION('',(0.0,1.0,0.0));
#19267=DIRECTION('',(0.0,0.0,1.0));
#19268=CARTESIAN_POINT('',(2.5,16.7200000000002,3.73));
#19269=DIRECTION('',(-0.0,1.0,0.0));
#19270=DIRECTION('',(2.44929317577474E-16,0.0,1.0));
#19271=DIRECTION('',(-0.0369490590098315,-0.422329677020176,0.905688915106242));
#19272=DIRECTION('',(1.0,-1.11022302462516E-16,0.0));
#19273=DIRECTION('',(0.0,0.781587320304455,0.623795848606979));
#19274=DIRECTION('',(-1.0,0.0,0.0));
#19275=DIRECTION('',(0.0,-0.781587320304455,-0.623795848606979));
#19276=DIRECTION('',(0.0,0.283843923189018,-0.958870495566876));
#19277=DIRECTION('',(-1.0,0.0,0.0));
#19278=DIRECTION('',(0.0,-0.601759963116105,0.798676997784777));
#19279=DIRECTION('',(1.0,0.0,0.0));
#19280=DIRECTION('',(0.0,0.962806301225299,-0.270192572660426));
#19281=DIRECTION('',(0.0,-0.282795609121074,-0.959180193426575));
#19282=DIRECTION('',(0.0,-0.967624487189449,-0.252394238823623));
#19283=DIRECTION('',(1.35140074629801E-15,1.23572649697492E-15,-1.0));
#19284=DIRECTION('',(0.0,0.967624487189449,0.252394238823623));
#19285=DIRECTION('',(0.0,0.24699567542622,-0.969016582066966));
#19286=DIRECTION('',(-1.0,0.0,0.0));
#19287=DIRECTION('',(0.0,-0.173648177666932,-0.984807753012208));
#19288=DIRECTION('',(0.0,0.282795609121074,0.959180193426575));
#19289=CARTESIAN_POINT('',(0.450000000000004,-0.0300000000001375,9.40000000000009));
#19290=DIRECTION('',(-1.0,0.0,0.0));
#19291=DIRECTION('',(0.0,-1.0,1.77635683940142E-14));
#19292=DIRECTION('',(-1.0,0.0,0.0));
#19293=DIRECTION('',(0.0,0.679436565415239,-0.733734252694219));
#19294=DIRECTION('',(-1.0,0.0,0.0));
#19295=DIRECTION('',(1.0,0.0,0.0));
#19296=DIRECTION('',(0.0,-1.0,1.15107923192674E-12));
#19297=DIRECTION('',(-1.0,0.0,0.0));
#19298=DIRECTION('',(0.0,-0.871290216647893,-0.490768130967842));
#19299=DIRECTION('',(-1.0,0.0,0.0));
#19300=DIRECTION('',(0.0,-0.990599975603919,0.136790673415681));
#19301=DIRECTION('',(0.0,1.0,0.0));
#19302=DIRECTION('',(0.0,1.0,0.0));
#19303=DIRECTION('',(-1.0,0.0,0.0));
#19304=DIRECTION('',(0.0,0.0,-1.0));
#19305=DIRECTION('',(-1.0,0.0,0.0));
#19306=DIRECTION('',(0.0,-1.0,0.0));
#19307=DIRECTION('',(-1.0,0.0,0.0));
#19308=DIRECTION('',(0.0,-0.332093558689172,0.943246451505205));
#19309=DIRECTION('',(-1.0,0.0,0.0));
#19310=DIRECTION('',(0.0,-0.332093558689187,-0.9432464515052));
#19311=DIRECTION('',(0.0,-0.668869433509686,-0.743379903492441));
#19312=DIRECTION('',(0.0,-1.0,0.0));
#19313=DIRECTION('',(0.0,-0.975939285568307,-0.218042452023504));
#19314=DIRECTION('',(0.0,0.97814726272067,0.20791328103818));
#19315=DIRECTION('',(-1.0,0.0,0.0));
#19316=DIRECTION('',(-1.0,0.0,0.0));
#19317=DIRECTION('',(-1.0,0.0,0.0));
#19318=DIRECTION('',(-1.0,0.0,0.0));
#19319=DIRECTION('',(0.0,-0.751493356977716,-0.659740656939046));
#19320=DIRECTION('',(0.0,0.51434579057087,-0.857582886794056));
#19321=DIRECTION('',(0.0,0.964836840557574,-0.262849521785522));
#19322=DIRECTION('',(0.0,-0.515449109277764,-0.856920192167718));
#19323=DIRECTION('',(0.0,-0.962806301225299,0.270192572660426));
#19324=DIRECTION('',(0.0,-0.221429860492947,0.975176300410379));
#19325=DIRECTION('',(0.0,0.765947226601512,0.642903450030758));
#19326=DIRECTION('',(0.0,0.223890889193232,0.974614215849668));
#19327=DIRECTION('',(0.0,-0.176054415446334,-0.984380436011327));
#19328=DIRECTION('',(-1.0,0.0,0.0));
#19329=DIRECTION('',(-1.0,0.0,0.0));
#19330=DIRECTION('',(0.0,-0.848621369853127,-0.529000728381921));
#19331=DIRECTION('',(-1.0,0.0,0.0));
#19332=DIRECTION('',(-1.0,0.0,0.0));
#19333=DIRECTION('',(0.0,0.804928962874261,-0.593371186295869));
#19334=DIRECTION('',(-1.0,0.0,0.0));
#19335=DIRECTION('',(-1.0,0.0,0.0));
#19336=DIRECTION('',(0.0,0.936149591977468,-0.351601964500228));
#19337=DIRECTION('',(-1.0,0.0,0.0));
#19338=DIRECTION('',(0.0,0.983895084333585,-0.178746924516783));
#19339=DIRECTION('',(-1.0,0.0,0.0));
#19340=DIRECTION('',(0.0,1.0,0.0));
#19341=DIRECTION('',(-1.0,0.0,0.0));
#19342=DIRECTION('',(0.0,0.983282331004883,0.182087499663221));
#19343=DIRECTION('',(-1.0,0.0,0.0));
#19344=DIRECTION('',(0.0,0.936682085359556,0.350180911767723));
#19345=DIRECTION('',(-1.0,0.0,0.0));
#19346=DIRECTION('',(0.0,0.74828955670623,0.663372247930522));
#19347=DIRECTION('',(-1.0,0.0,0.0));
#19348=DIRECTION('',(0.0,0.338552760175308,0.94094741010201));
#19349=DIRECTION('',(-1.0,0.0,0.0));
#19350=DIRECTION('',(0.0,0.999997525038775,0.00222484074158591));
#19351=DIRECTION('',(-1.0,0.0,0.0));
#19352=DIRECTION('',(0.0,-0.25307258507316,-0.96744729400851));
#19353=DIRECTION('',(-1.0,0.0,0.0));
#19354=DIRECTION('',(0.0,-0.470019139181097,-0.882656223454784));
#19355=DIRECTION('',(-1.0,0.0,0.0));
#19356=DIRECTION('',(0.0,-0.735535752880881,-0.6774859085132));
#19357=DIRECTION('',(-1.0,0.0,0.0));
#19358=DIRECTION('',(0.0,-0.913339284459304,-0.407199400126481));
#19359=DIRECTION('',(-1.0,0.0,0.0));
#19360=DIRECTION('',(0.0,-0.954069876397716,-0.299584163383926));
#19361=DIRECTION('',(-1.0,0.0,0.0));
#19362=DIRECTION('',(0.0,-0.982712226536287,-0.185139622490956));
#19363=DIRECTION('',(-1.0,0.0,0.0));
#19364=DIRECTION('',(0.0,-1.0,0.0));
#19365=DIRECTION('',(-1.0,0.0,0.0));
#19366=DIRECTION('',(0.0,-0.982945437954359,0.183897433382613));
#19367=DIRECTION('',(-1.0,0.0,0.0));
#19368=DIRECTION('',(0.0,-0.940325117367752,0.340277348125502));
#19369=DIRECTION('',(-1.0,0.0,0.0));
#19370=DIRECTION('',(0.0,-0.872716154804182,0.488227931548169));
#19371=DIRECTION('',(-1.0,0.0,0.0));
#19372=DIRECTION('',(0.0,-0.733443078505004,0.679750873918602));
#19373=DIRECTION('',(-1.0,0.0,0.0));
#19374=DIRECTION('',(0.0,-0.584238842145638,0.811581773654587));
#19375=DIRECTION('',(-1.0,0.0,0.0));
#19376=DIRECTION('',(0.0,-0.520373967315267,0.85393848381518));
#19377=DIRECTION('',(-1.0,0.0,0.0));
#19378=DIRECTION('',(0.0,-0.290121884904922,0.956989703131238));
#19379=DIRECTION('',(-1.0,0.0,0.0));
#19380=DIRECTION('',(0.0,0.214570396702064,-0.976708526050182));
#19381=DIRECTION('',(-1.0,0.0,0.0));
#19382=DIRECTION('',(-1.0,0.0,0.0));
#19383=DIRECTION('',(0.0,0.670777996807864,-0.741658195531088));
#19384=DIRECTION('',(0.0,-0.951631457366378,-0.307241874344535));
#19385=DIRECTION('',(-1.0,0.0,0.0));
#19386=DIRECTION('',(0.0,-0.938174037547814,-0.346163942765899));
#19387=DIRECTION('',(-1.0,0.0,0.0));
#19388=DIRECTION('',(0.0,-0.912854233545283,-0.408285620979301));
#19389=DIRECTION('',(-1.0,0.0,0.0));
#19390=DIRECTION('',(0.0,0.336300889877929,-0.941754591954461));
#19391=DIRECTION('',(-1.0,0.0,0.0));
#19392=DIRECTION('',(-1.0,0.0,0.0));
#19393=DIRECTION('',(0.0,0.555322968274149,-0.831634776153083));
#19394=DIRECTION('',(0.0,-0.026856249914334,0.999639305870142));
#19395=DIRECTION('',(0.0,0.149113457326091,-0.988820093264826));
#19396=DIRECTION('',(0.0,-0.802798890775039,-0.59624989808835));
#19397=DIRECTION('',(-1.0,0.0,0.0));
#19398=DIRECTION('',(0.0,-0.517540636545125,-0.855658629083156));
#19399=DIRECTION('',(0.0,-0.409038920110854,-0.912516937834332));
#19400=DIRECTION('',(-1.0,0.0,0.0));
#19401=DIRECTION('',(0.0,0.0070865070968859,-0.999974890393337));
#19402=DIRECTION('',(-1.0,0.0,0.0));
#19403=CARTESIAN_POINT('',(1.13797860024079E-15,5.53532921810695,12.8878637464856));
#19404=DIRECTION('',(-1.0,0.0,0.0));
#19405=DIRECTION('',(0.0,0.442692930109124,0.896673279200065));
#19406=DIRECTION('',(0.0,0.0,1.0));
#19407=DIRECTION('',(0.0,0.618692416522258,-0.785633307426467));
#19408=DIRECTION('',(0.0,0.0,-1.0));
#19409=DIRECTION('',(1.0,0.0,0.0));
#19410=CARTESIAN_POINT('',(1.13797860024079E-15,5.31112377334595,13.3419912414038));
#19411=DIRECTION('',(-1.0,0.0,0.0));
#19412=DIRECTION('',(0.0,1.0,0.0));
#19413=DIRECTION('',(0.0,1.0,0.0));
#19414=DIRECTION('',(0.0,1.0,0.0));
#19415=DIRECTION('',(0.0,0.0,1.0));
#19416=DIRECTION('',(0.0,-1.0,0.0));
#19417=CARTESIAN_POINT('',(1.13797860024079E-15,6.58500000000015,11.5749999999997));
#19418=DIRECTION('',(-1.0,0.0,0.0));
#19419=DIRECTION('',(0.0,1.0,0.0));
#19420=DIRECTION('',(-1.0,0.0,0.0));
#19421=DIRECTION('',(0.0,1.0,0.0));
#19422=DIRECTION('',(-1.0,0.0,0.0));
#19423=CARTESIAN_POINT('',(1.13797860024079E-15,4.39145299145315,11.5749999999997));
#19424=DIRECTION('',(-1.0,0.0,0.0));
#19425=DIRECTION('',(0.0,0.0,-1.0));
#19426=DIRECTION('',(0.0,0.0,-1.0));
#19427=DIRECTION('',(-1.0,0.0,0.0));
#19428=CARTESIAN_POINT('',(1.13797860024079E-15,4.39145299145315,13.8249999999924));
#19429=DIRECTION('',(-1.0,0.0,0.0));
#19430=DIRECTION('',(0.0,-1.0,0.0));
#19431=DIRECTION('',(0.0,0.0,1.0));
#19432=DIRECTION('',(0.0,-0.882521025644514,0.47027294127491));
#19433=DIRECTION('',(-1.0,0.0,0.0));
#19434=DIRECTION('',(0.0,0.505150073585495,-0.863031519213852));
#19435=DIRECTION('',(-1.0,0.0,0.0));
#19436=DIRECTION('',(0.0,0.748457102992157,0.663183206196136));
#19437=DIRECTION('',(0.0,-0.672338381488641,-0.740243946802157));
#19438=DIRECTION('',(-1.0,0.0,0.0));
#19439=DIRECTION('',(0.0,1.23572649697492E-15,-1.0));
#19440=DIRECTION('',(0.0,-1.0,0.0));
#19441=DIRECTION('',(1.0,0.0,0.0));
#19442=DIRECTION('',(0.0,-0.173648177666932,-0.984807753012208));
#19443=DIRECTION('',(0.0,-0.515802258169305,0.856707669200787));
#19444=DIRECTION('',(-1.0,0.0,0.0));
#19445=DIRECTION('',(0.0,0.720366344273311,-0.693593778834777));
#19446=DIRECTION('',(-1.0,0.0,0.0));
#19447=DIRECTION('',(-1.0,0.0,0.0));
#19448=DIRECTION('',(-1.0,0.0,0.0));
#19449=DIRECTION('',(0.0,-0.282411606851929,0.95929332548252));
#19450=DIRECTION('',(-1.0,0.0,0.0));
#19451=DIRECTION('',(0.0,-0.874159337810184,0.485639220120513));
#19452=DIRECTION('',(-1.0,0.0,0.0));
#19453=DIRECTION('',(-1.0,0.0,0.0));
#19454=DIRECTION('',(-1.0,0.0,0.0));
#19455=DIRECTION('',(0.0,-0.175918278451604,-0.984404774118159));
#19456=DIRECTION('',(-1.0,0.0,0.0));
#19457=DIRECTION('',(-1.0,0.0,0.0));
#19458=DIRECTION('',(0.0,-0.511762541015733,-0.85912694150115));
#19459=DIRECTION('',(0.0,0.0,-1.0));
#19460=DIRECTION('',(-1.0,0.0,0.0));
#19461=DIRECTION('',(0.0,0.182867685666377,-0.983137533379244));
#19462=DIRECTION('',(0.0,-0.520937533968663,0.853594801824992));
#19463=DIRECTION('',(0.0,0.272836376713703,0.96206045108493));
#19464=DIRECTION('',(-1.0,0.0,0.0));
#19465=DIRECTION('',(-1.0,0.0,0.0));
#19466=CARTESIAN_POINT('',(-0.03,5.53532921810695,12.8878637464856));
#19467=DIRECTION('',(-1.0,0.0,0.0));
#19468=DIRECTION('',(0.0,-1.0,0.0));
#19469=DIRECTION('',(0.0,0.525963174350391,0.850507342253587));
#19470=DIRECTION('',(0.0,0.0,-1.0));
#19471=DIRECTION('',(-1.0,0.0,0.0));
#19472=DIRECTION('',(-1.0,0.0,0.0));
#19473=DIRECTION('',(-1.0,0.0,0.0));
#19474=DIRECTION('',(0.0,0.406766319572015,-0.913532244237628));
#19475=CARTESIAN_POINT('',(1.13797860024079E-15,5.53532921810695,12.8878637464856));
#19476=DIRECTION('',(-1.0,0.0,0.0));
#19477=DIRECTION('',(0.0,-1.0,0.0));
#19478=DIRECTION('',(-1.0,0.0,0.0));
ENDSEC;
END-ISO-10303-21;
